<?xml version='1.0' encoding='UTF-8' standalone='yes' ?>
<gpx version="1.1" creator="OsmAnd+ 5.3.10" xmlns="http://www.topografix.com/GPX/1/1" xmlns:osmand="https://osmand.net/docs/technical/osmand-file-formats/osmand-gpx" xmlns:gpxtpx="https://www8.garmin.com/xmlschemas/TrackPointExtensionv1.xsd" xmlns:xsi="http://www.w3.org/2001/XMLSchema-instance" xsi:schemaLocation="http://www.topografix.com/GPX/1/1 https://www.topografix.com/GPX/1/1/gpx.xsd">
  <metadata>
    <name>2026-07-18_15-08_Sat</name>
    <extensions>
      <osmand:activity>walking</osmand:activity>
    </extensions>
  </metadata>
  <trk>
    <trkseg>
      <trkpt lat="43.7299822" lon="6.5731413">
        <ele>1079.4</ele>
        <time>2026-07-18T13:08:05Z</time>
        <hdop>3</hdop>
        <extensions>
          <osmand:speed>0.2</osmand:speed>
        </extensions>
      </trkpt>
      <trkpt lat="43.7300033" lon="6.5731209">
        <ele>1079.4</ele>
        <time>2026-07-18T13:08:10Z</time>
        <hdop>3</hdop>
        <extensions>
          <osmand:speed>0.9</osmand:speed>
        </extensions>
      </trkpt>
      <trkpt lat="43.7300064" lon="6.5730418">
        <ele>1079.4</ele>
        <time>2026-07-18T13:08:15Z</time>
        <hdop>3.5</hdop>
        <extensions>
          <osmand:speed>0.9</osmand:speed>
        </extensions>
      </trkpt>
      <trkpt lat="43.7300188" lon="6.572984">
        <ele>1079.4</ele>
        <time>2026-07-18T13:08:20Z</time>
        <hdop>3.1</hdop>
        <extensions>
          <osmand:speed>1.1</osmand:speed>
        </extensions>
      </trkpt>
      <trkpt lat="43.7300048" lon="6.572921">
        <ele>1079.4</ele>
        <time>2026-07-18T13:08:25Z</time>
        <hdop>3.4</hdop>
        <extensions>
          <osmand:speed>1</osmand:speed>
        </extensions>
      </trkpt>
      <trkpt lat="43.7300204" lon="6.5728968">
        <ele>1082.4</ele>
        <time>2026-07-18T13:08:30Z</time>
        <hdop>3.2</hdop>
        <extensions>
          <osmand:speed>0.3</osmand:speed>
        </extensions>
      </trkpt>
      <trkpt lat="43.7300212" lon="6.5729145">
        <ele>1082.5</ele>
        <time>2026-07-18T13:08:36Z</time>
        <hdop>3</hdop>
        <extensions>
          <osmand:speed>0.1</osmand:speed>
        </extensions>
      </trkpt>
      <trkpt lat="43.7300229" lon="6.5729206">
        <ele>1082.4</ele>
        <time>2026-07-18T13:08:41Z</time>
        <hdop>3</hdop>
        <extensions>
          <osmand:speed>0.1</osmand:speed>
        </extensions>
      </trkpt>
      <trkpt lat="43.7300214" lon="6.5729373">
        <ele>1082.1</ele>
        <time>2026-07-18T13:08:47Z</time>
        <hdop>3</hdop>
        <extensions>
          <osmand:speed>0.7</osmand:speed>
        </extensions>
      </trkpt>
      <trkpt lat="43.7300196" lon="6.572989">
        <ele>1082</ele>
        <time>2026-07-18T13:08:52Z</time>
        <hdop>3</hdop>
        <extensions>
          <osmand:speed>0.6</osmand:speed>
        </extensions>
      </trkpt>
      <trkpt lat="43.7300508" lon="6.5730183">
        <ele>1082.5</ele>
        <time>2026-07-18T13:08:58Z</time>
        <hdop>3</hdop>
        <extensions>
          <osmand:speed>0.1</osmand:speed>
        </extensions>
      </trkpt>
      <trkpt lat="43.7300652" lon="6.573033">
        <ele>1082.5</ele>
        <time>2026-07-18T13:09:03Z</time>
        <hdop>3</hdop>
        <extensions>
          <osmand:speed>0.1</osmand:speed>
        </extensions>
      </trkpt>
      <trkpt lat="43.730075" lon="6.5730531">
        <ele>1082.4</ele>
        <time>2026-07-18T13:09:08Z</time>
        <hdop>3</hdop>
        <extensions>
          <osmand:speed>0.4</osmand:speed>
        </extensions>
      </trkpt>
      <trkpt lat="43.7300987" lon="6.5730506">
        <ele>1085.5</ele>
        <time>2026-07-18T13:09:14Z</time>
        <hdop>3</hdop>
        <extensions>
          <osmand:speed>0.1</osmand:speed>
        </extensions>
      </trkpt>
      <trkpt lat="43.7301089" lon="6.5730388">
        <ele>1086.1</ele>
        <time>2026-07-18T13:09:20Z</time>
        <hdop>3</hdop>
        <extensions>
          <osmand:speed>0.1</osmand:speed>
        </extensions>
      </trkpt>
      <trkpt lat="43.7301103" lon="6.5730354">
        <ele>1082.4</ele>
        <time>2026-07-18T13:09:25Z</time>
        <hdop>3</hdop>
        <extensions>
          <osmand:speed>0.1</osmand:speed>
        </extensions>
      </trkpt>
      <trkpt lat="43.7301227" lon="6.5730062">
        <ele>1082.6</ele>
        <time>2026-07-18T13:09:30Z</time>
        <hdop>3</hdop>
        <extensions>
          <osmand:speed>0.7</osmand:speed>
        </extensions>
      </trkpt>
      <trkpt lat="43.7301281" lon="6.5730316">
        <ele>1086</ele>
        <time>2026-07-18T13:09:36Z</time>
        <hdop>3.2</hdop>
        <extensions>
          <osmand:speed>1</osmand:speed>
        </extensions>
      </trkpt>
      <trkpt lat="43.7301354" lon="6.5727748">
        <ele>1086.5</ele>
        <time>2026-07-18T13:09:41Z</time>
        <hdop>4.4</hdop>
        <extensions>
          <osmand:speed>1.2</osmand:speed>
        </extensions>
      </trkpt>
      <trkpt lat="43.7301565" lon="6.5726876">
        <ele>1085.7</ele>
        <time>2026-07-18T13:09:46Z</time>
        <hdop>3.3</hdop>
        <extensions>
          <osmand:speed>1</osmand:speed>
        </extensions>
      </trkpt>
      <trkpt lat="43.7301578" lon="6.5726068">
        <ele>1085.6</ele>
        <time>2026-07-18T13:09:51Z</time>
        <hdop>3</hdop>
        <extensions>
          <osmand:speed>1.1</osmand:speed>
        </extensions>
      </trkpt>
      <trkpt lat="43.7301404" lon="6.5725398">
        <ele>1086.4</ele>
        <time>2026-07-18T13:09:56Z</time>
        <hdop>3</hdop>
        <extensions>
          <osmand:speed>1.1</osmand:speed>
        </extensions>
      </trkpt>
      <trkpt lat="43.7301221" lon="6.5724746">
        <ele>1085.1</ele>
        <time>2026-07-18T13:10:01Z</time>
        <hdop>3</hdop>
        <extensions>
          <osmand:speed>0.8</osmand:speed>
        </extensions>
      </trkpt>
      <trkpt lat="43.730101" lon="6.5724056">
        <ele>1085</ele>
        <time>2026-07-18T13:10:07Z</time>
        <hdop>3</hdop>
        <extensions>
          <osmand:speed>1</osmand:speed>
        </extensions>
      </trkpt>
      <trkpt lat="43.7300949" lon="6.5723811">
        <ele>1085</ele>
        <time>2026-07-18T13:10:12Z</time>
        <hdop>3</hdop>
        <extensions>
          <osmand:speed>0.5</osmand:speed>
        </extensions>
      </trkpt>
      <trkpt lat="43.7300985" lon="6.5723599">
        <ele>1085</ele>
        <time>2026-07-18T13:10:18Z</time>
        <hdop>3</hdop>
        <extensions>
          <osmand:speed>0.2</osmand:speed>
        </extensions>
      </trkpt>
      <trkpt lat="43.7300979" lon="6.5723182">
        <ele>1085.8</ele>
        <time>2026-07-18T13:10:23Z</time>
        <hdop>3</hdop>
        <extensions>
          <osmand:speed>0.4</osmand:speed>
        </extensions>
      </trkpt>
      <trkpt lat="43.7300985" lon="6.5723046">
        <ele>1085.9</ele>
        <time>2026-07-18T13:10:29Z</time>
        <hdop>3</hdop>
        <extensions>
          <osmand:speed>0.1</osmand:speed>
        </extensions>
      </trkpt>
      <trkpt lat="43.7300979" lon="6.5723024">
        <ele>1084.7</ele>
        <time>2026-07-18T13:10:34Z</time>
        <hdop>3</hdop>
        <extensions>
          <osmand:speed>0.1</osmand:speed>
        </extensions>
      </trkpt>
      <trkpt lat="43.7300977" lon="6.5723028">
        <ele>1084.6</ele>
        <time>2026-07-18T13:10:39Z</time>
        <hdop>3</hdop>
        <extensions>
          <osmand:speed>0.1</osmand:speed>
        </extensions>
      </trkpt>
      <trkpt lat="43.7301051" lon="6.5722786">
        <ele>1084.7</ele>
        <time>2026-07-18T13:10:44Z</time>
        <hdop>3</hdop>
        <extensions>
          <osmand:speed>0.5</osmand:speed>
        </extensions>
      </trkpt>
      <trkpt lat="43.7300978" lon="6.5722174">
        <ele>1085.3</ele>
        <time>2026-07-18T13:10:50Z</time>
        <hdop>3</hdop>
        <extensions>
          <osmand:speed>0.8</osmand:speed>
        </extensions>
      </trkpt>
      <trkpt lat="43.7300884" lon="6.5721392">
        <ele>1084.9</ele>
        <time>2026-07-18T13:10:55Z</time>
        <hdop>3</hdop>
        <extensions>
          <osmand:speed>1.1</osmand:speed>
        </extensions>
      </trkpt>
      <trkpt lat="43.7301029" lon="6.5720492">
        <ele>1083.9</ele>
        <time>2026-07-18T13:11:00Z</time>
        <hdop>3</hdop>
        <extensions>
          <osmand:speed>1.1</osmand:speed>
        </extensions>
      </trkpt>
      <trkpt lat="43.7301266" lon="6.5719729">
        <ele>1083.4</ele>
        <time>2026-07-18T13:11:06Z</time>
        <hdop>3</hdop>
        <extensions>
          <osmand:speed>1.1</osmand:speed>
        </extensions>
      </trkpt>
      <trkpt lat="43.7301389" lon="6.5719023">
        <ele>1083.1</ele>
        <time>2026-07-18T13:11:11Z</time>
        <hdop>3</hdop>
        <extensions>
          <osmand:speed>1.1</osmand:speed>
        </extensions>
      </trkpt>
      <trkpt lat="43.7301597" lon="6.5718227">
        <ele>1081.2</ele>
        <time>2026-07-18T13:11:16Z</time>
        <hdop>3</hdop>
        <extensions>
          <osmand:speed>0.9</osmand:speed>
        </extensions>
      </trkpt>
      <trkpt lat="43.7301848" lon="6.5717544">
        <ele>1081.2</ele>
        <time>2026-07-18T13:11:22Z</time>
        <hdop>3</hdop>
        <extensions>
          <osmand:speed>1.1</osmand:speed>
        </extensions>
      </trkpt>
      <trkpt lat="43.7302005" lon="6.5717028">
        <ele>1081.2</ele>
        <time>2026-07-18T13:11:27Z</time>
        <hdop>3.8</hdop>
        <extensions>
          <osmand:speed>0.8</osmand:speed>
        </extensions>
      </trkpt>
      <trkpt lat="43.7302236" lon="6.5716387">
        <ele>1081.2</ele>
        <time>2026-07-18T13:11:32Z</time>
        <hdop>4.7</hdop>
        <extensions>
          <osmand:speed>0.8</osmand:speed>
        </extensions>
      </trkpt>
      <trkpt lat="43.7302342" lon="6.5715512">
        <ele>1081.2</ele>
        <time>2026-07-18T13:11:37Z</time>
        <hdop>3.4</hdop>
        <extensions>
          <osmand:speed>1</osmand:speed>
        </extensions>
      </trkpt>
      <trkpt lat="43.7302287" lon="6.5715142">
        <ele>1081.2</ele>
        <time>2026-07-18T13:11:42Z</time>
        <hdop>3</hdop>
        <extensions>
          <osmand:speed>0.2</osmand:speed>
        </extensions>
      </trkpt>
      <trkpt lat="43.7302257" lon="6.5715204">
        <ele>1081.2</ele>
        <time>2026-07-18T13:11:48Z</time>
        <hdop>3</hdop>
        <extensions>
          <osmand:speed>0.1</osmand:speed>
        </extensions>
      </trkpt>
      <trkpt lat="43.7302289" lon="6.5715128">
        <ele>1081.2</ele>
        <time>2026-07-18T13:11:53Z</time>
        <hdop>3</hdop>
        <extensions>
          <osmand:speed>0.2</osmand:speed>
        </extensions>
      </trkpt>
      <trkpt lat="43.7302373" lon="6.5714496">
        <ele>1081.2</ele>
        <time>2026-07-18T13:11:59Z</time>
        <hdop>3</hdop>
        <extensions>
          <osmand:speed>0.8</osmand:speed>
        </extensions>
      </trkpt>
      <trkpt lat="43.7302273" lon="6.5713704">
        <ele>1081.2</ele>
        <time>2026-07-18T13:12:04Z</time>
        <hdop>3</hdop>
        <extensions>
          <osmand:speed>1.2</osmand:speed>
        </extensions>
      </trkpt>
      <trkpt lat="43.7302315" lon="6.5712917">
        <ele>1081.2</ele>
        <time>2026-07-18T13:12:09Z</time>
        <hdop>3</hdop>
        <extensions>
          <osmand:speed>1.2</osmand:speed>
        </extensions>
      </trkpt>
      <trkpt lat="43.7302443" lon="6.5712453">
        <ele>1080.3</ele>
        <time>2026-07-18T13:12:15Z</time>
        <hdop>3</hdop>
        <extensions>
          <osmand:speed>0.8</osmand:speed>
        </extensions>
      </trkpt>
      <trkpt lat="43.730267" lon="6.5712355">
        <ele>1080.4</ele>
        <time>2026-07-18T13:12:20Z</time>
        <hdop>3</hdop>
        <extensions>
          <osmand:speed>0.1</osmand:speed>
        </extensions>
      </trkpt>
      <trkpt lat="43.730285" lon="6.5712254">
        <ele>1080.8</ele>
        <time>2026-07-18T13:12:26Z</time>
        <hdop>3</hdop>
        <extensions>
          <osmand:speed>0.1</osmand:speed>
        </extensions>
      </trkpt>
      <trkpt lat="43.7302958" lon="6.5712249">
        <ele>1080.5</ele>
        <time>2026-07-18T13:12:31Z</time>
        <hdop>3</hdop>
        <extensions>
          <osmand:speed>0.1</osmand:speed>
        </extensions>
      </trkpt>
      <trkpt lat="43.7302999" lon="6.5712253">
        <ele>1080.6</ele>
        <time>2026-07-18T13:12:37Z</time>
        <hdop>3</hdop>
        <extensions>
          <osmand:speed>0</osmand:speed>
        </extensions>
      </trkpt>
      <trkpt lat="43.7303226" lon="6.5711926">
        <ele>1081</ele>
        <time>2026-07-18T13:12:42Z</time>
        <hdop>3</hdop>
        <extensions>
          <osmand:speed>1.1</osmand:speed>
        </extensions>
      </trkpt>
      <trkpt lat="43.7303123" lon="6.5711577">
        <ele>1079.7</ele>
        <time>2026-07-18T13:12:48Z</time>
        <hdop>3.1</hdop>
        <extensions>
          <osmand:speed>1.1</osmand:speed>
        </extensions>
      </trkpt>
      <trkpt lat="43.7302552" lon="6.5712502">
        <ele>1078.8</ele>
        <time>2026-07-18T13:12:54Z</time>
        <hdop>3.1</hdop>
        <extensions>
          <osmand:speed>1.5</osmand:speed>
        </extensions>
      </trkpt>
      <trkpt lat="43.7301993" lon="6.5713302">
        <ele>1077.3</ele>
        <time>2026-07-18T13:12:59Z</time>
        <hdop>3.2</hdop>
        <extensions>
          <osmand:speed>1.5</osmand:speed>
        </extensions>
      </trkpt>
      <trkpt lat="43.7301478" lon="6.5713918">
        <ele>1075.8</ele>
        <time>2026-07-18T13:13:05Z</time>
        <hdop>3.2</hdop>
        <extensions>
          <osmand:speed>1.5</osmand:speed>
        </extensions>
      </trkpt>
      <trkpt lat="43.7300901" lon="6.5714705">
        <ele>1075.4</ele>
        <time>2026-07-18T13:13:10Z</time>
        <hdop>4.2</hdop>
        <extensions>
          <osmand:speed>1.5</osmand:speed>
        </extensions>
      </trkpt>
      <trkpt lat="43.7300467" lon="6.5715237">
        <ele>1074.1</ele>
        <time>2026-07-18T13:13:16Z</time>
        <hdop>3.3</hdop>
        <extensions>
          <osmand:speed>1.5</osmand:speed>
        </extensions>
      </trkpt>
      <trkpt lat="43.7300295" lon="6.5715696">
        <ele>1073.7</ele>
        <time>2026-07-18T13:13:21Z</time>
        <hdop>3</hdop>
        <extensions>
          <osmand:speed>0.6</osmand:speed>
        </extensions>
      </trkpt>
      <trkpt lat="43.7300373" lon="6.5715405">
        <ele>1074</ele>
        <time>2026-07-18T13:13:27Z</time>
        <hdop>3</hdop>
        <extensions>
          <osmand:speed>0.1</osmand:speed>
        </extensions>
      </trkpt>
      <trkpt lat="43.7300428" lon="6.5715341">
        <ele>1074.2</ele>
        <time>2026-07-18T13:13:33Z</time>
        <hdop>3</hdop>
        <extensions>
          <osmand:speed>0.1</osmand:speed>
        </extensions>
      </trkpt>
      <trkpt lat="43.7300461" lon="6.5715349">
        <ele>1073.8</ele>
        <time>2026-07-18T13:13:38Z</time>
        <hdop>3</hdop>
        <extensions>
          <osmand:speed>0</osmand:speed>
        </extensions>
      </trkpt>
      <trkpt lat="43.7300116" lon="6.5716012">
        <ele>1073.6</ele>
        <time>2026-07-18T13:13:43Z</time>
        <hdop>3</hdop>
        <extensions>
          <osmand:speed>1.3</osmand:speed>
        </extensions>
      </trkpt>
      <trkpt lat="43.7299703" lon="6.5717057">
        <ele>1071.5</ele>
        <time>2026-07-18T13:13:49Z</time>
        <hdop>3.2</hdop>
        <extensions>
          <osmand:speed>1.3</osmand:speed>
        </extensions>
      </trkpt>
      <trkpt lat="43.7299533" lon="6.5717895">
        <ele>1071.5</ele>
        <time>2026-07-18T13:13:54Z</time>
        <hdop>3.1</hdop>
        <extensions>
          <osmand:speed>1.3</osmand:speed>
        </extensions>
      </trkpt>
      <trkpt lat="43.7299531" lon="6.571861">
        <ele>1071.5</ele>
        <time>2026-07-18T13:13:59Z</time>
        <hdop>3</hdop>
        <extensions>
          <osmand:speed>0.8</osmand:speed>
        </extensions>
      </trkpt>
      <trkpt lat="43.7299716" lon="6.571892">
        <ele>1071.7</ele>
        <time>2026-07-18T13:14:05Z</time>
        <hdop>3</hdop>
        <extensions>
          <osmand:speed>0.4</osmand:speed>
        </extensions>
      </trkpt>
      <trkpt lat="43.7299819" lon="6.571882">
        <ele>1071.7</ele>
        <time>2026-07-18T13:14:10Z</time>
        <hdop>3</hdop>
        <extensions>
          <osmand:speed>0.2</osmand:speed>
        </extensions>
      </trkpt>
      <trkpt lat="43.7299927" lon="6.5718398">
        <ele>1071.7</ele>
        <time>2026-07-18T13:14:16Z</time>
        <hdop>3</hdop>
        <extensions>
          <osmand:speed>0.1</osmand:speed>
        </extensions>
      </trkpt>
      <trkpt lat="43.729992" lon="6.5718393">
        <ele>1071.7</ele>
        <time>2026-07-18T13:14:21Z</time>
        <hdop>3</hdop>
        <extensions>
          <osmand:speed>0.1</osmand:speed>
        </extensions>
      </trkpt>
      <trkpt lat="43.7299864" lon="6.5718463">
        <ele>1071.7</ele>
        <time>2026-07-18T13:14:27Z</time>
        <hdop>3</hdop>
        <extensions>
          <osmand:speed>0.2</osmand:speed>
        </extensions>
      </trkpt>
      <trkpt lat="43.7299831" lon="6.5718518">
        <ele>1071.7</ele>
        <time>2026-07-18T13:14:32Z</time>
        <hdop>3</hdop>
        <extensions>
          <osmand:speed>0.2</osmand:speed>
        </extensions>
      </trkpt>
      <trkpt lat="43.7299817" lon="6.571835">
        <ele>1071.7</ele>
        <time>2026-07-18T13:14:38Z</time>
        <hdop>3</hdop>
        <extensions>
          <osmand:speed>0.1</osmand:speed>
        </extensions>
      </trkpt>
      <trkpt lat="43.7299838" lon="6.5718337">
        <ele>1071.5</ele>
        <time>2026-07-18T13:14:43Z</time>
        <hdop>3</hdop>
        <extensions>
          <osmand:speed>0.1</osmand:speed>
        </extensions>
      </trkpt>
      <trkpt lat="43.7299873" lon="6.5718372">
        <ele>1071.5</ele>
        <time>2026-07-18T13:14:49Z</time>
        <hdop>3</hdop>
        <extensions>
          <osmand:speed>0.1</osmand:speed>
        </extensions>
      </trkpt>
      <trkpt lat="43.7299817" lon="6.5718475">
        <ele>1071.7</ele>
        <time>2026-07-18T13:14:55Z</time>
        <hdop>3.8</hdop>
        <extensions>
          <osmand:speed>0.2</osmand:speed>
        </extensions>
      </trkpt>
      <trkpt lat="43.7299745" lon="6.571826">
        <ele>1071.7</ele>
        <time>2026-07-18T13:15:01Z</time>
        <hdop>3.8</hdop>
      </trkpt>
      <trkpt lat="43.7299748" lon="6.571826">
        <ele>1071.5</ele>
        <time>2026-07-18T13:15:07Z</time>
        <hdop>3.8</hdop>
      </trkpt>
      <trkpt lat="43.7299744" lon="6.5718259">
        <ele>1071.5</ele>
        <time>2026-07-18T13:15:13Z</time>
        <hdop>3.8</hdop>
      </trkpt>
      <trkpt lat="43.7299742" lon="6.5718257">
        <ele>1071.5</ele>
        <time>2026-07-18T13:15:18Z</time>
        <hdop>3.8</hdop>
      </trkpt>
      <trkpt lat="43.7299666" lon="6.5718121">
        <ele>1071.5</ele>
        <time>2026-07-18T13:15:24Z</time>
        <hdop>3.8</hdop>
        <extensions>
          <osmand:speed>0.4</osmand:speed>
        </extensions>
      </trkpt>
      <trkpt lat="43.7299639" lon="6.5718159">
        <ele>1071.5</ele>
        <time>2026-07-18T13:15:29Z</time>
        <hdop>3.8</hdop>
      </trkpt>
      <trkpt lat="43.7299652" lon="6.571819">
        <ele>1071.5</ele>
        <time>2026-07-18T13:15:35Z</time>
        <hdop>3.8</hdop>
      </trkpt>
      <trkpt lat="43.729965" lon="6.5718199">
        <ele>1071.5</ele>
        <time>2026-07-18T13:15:40Z</time>
        <hdop>3.8</hdop>
      </trkpt>
      <trkpt lat="43.7299689" lon="6.5718328">
        <ele>1071.5</ele>
        <time>2026-07-18T13:15:46Z</time>
        <hdop>3.8</hdop>
        <extensions>
          <osmand:speed>0.8</osmand:speed>
        </extensions>
      </trkpt>
      <trkpt lat="43.729964" lon="6.571827">
        <ele>1071.5</ele>
        <time>2026-07-18T13:15:51Z</time>
        <hdop>3.8</hdop>
      </trkpt>
      <trkpt lat="43.7299631" lon="6.5718207">
        <ele>1071.5</ele>
        <time>2026-07-18T13:15:57Z</time>
        <hdop>3.8</hdop>
        <extensions>
          <osmand:speed>0.2</osmand:speed>
        </extensions>
      </trkpt>
      <trkpt lat="43.7299567" lon="6.5718378">
        <ele>1071.5</ele>
        <time>2026-07-18T13:16:03Z</time>
        <hdop>3.8</hdop>
        <extensions>
          <osmand:speed>0.4</osmand:speed>
        </extensions>
      </trkpt>
      <trkpt lat="43.7299435" lon="6.5718456">
        <ele>1071.5</ele>
        <time>2026-07-18T13:16:09Z</time>
        <hdop>3.8</hdop>
        <extensions>
          <osmand:speed>1.1</osmand:speed>
        </extensions>
      </trkpt>
      <trkpt lat="43.7299424" lon="6.5717598">
        <ele>1071.7</ele>
        <time>2026-07-18T13:16:14Z</time>
        <hdop>3.8</hdop>
        <extensions>
          <osmand:speed>1.5</osmand:speed>
        </extensions>
      </trkpt>
      <trkpt lat="43.7299678" lon="6.5716716">
        <ele>1071.5</ele>
        <time>2026-07-18T13:16:20Z</time>
        <hdop>3.8</hdop>
        <extensions>
          <osmand:speed>1.5</osmand:speed>
        </extensions>
      </trkpt>
      <trkpt lat="43.7300152" lon="6.5716035">
        <ele>1071.7</ele>
        <time>2026-07-18T13:16:26Z</time>
        <hdop>3.8</hdop>
        <extensions>
          <osmand:speed>1.4</osmand:speed>
        </extensions>
      </trkpt>
      <trkpt lat="43.730034" lon="6.571518">
        <ele>1071.7</ele>
        <time>2026-07-18T13:16:31Z</time>
        <hdop>5.1</hdop>
        <extensions>
          <osmand:speed>1.2</osmand:speed>
        </extensions>
      </trkpt>
      <trkpt lat="43.730086" lon="6.5714569">
        <ele>1071.7</ele>
        <time>2026-07-18T13:16:36Z</time>
        <hdop>5.3</hdop>
        <extensions>
          <osmand:speed>1.2</osmand:speed>
        </extensions>
      </trkpt>
      <trkpt lat="43.7301345" lon="6.5714016">
        <ele>1071.5</ele>
        <time>2026-07-18T13:16:42Z</time>
        <hdop>3.4</hdop>
        <extensions>
          <osmand:speed>1.3</osmand:speed>
        </extensions>
      </trkpt>
      <trkpt lat="43.7301732" lon="6.5713472">
        <ele>1071.5</ele>
        <time>2026-07-18T13:16:47Z</time>
        <hdop>3</hdop>
        <extensions>
          <osmand:speed>1.2</osmand:speed>
        </extensions>
      </trkpt>
      <trkpt lat="43.7301663" lon="6.5713521">
        <ele>1071.5</ele>
        <time>2026-07-18T13:16:53Z</time>
        <hdop>3</hdop>
        <extensions>
          <osmand:speed>0.1</osmand:speed>
        </extensions>
      </trkpt>
      <trkpt lat="43.7301654" lon="6.5713528">
        <ele>1071.5</ele>
        <time>2026-07-18T13:16:58Z</time>
        <hdop>3</hdop>
        <extensions>
          <osmand:speed>0.1</osmand:speed>
        </extensions>
      </trkpt>
      <trkpt lat="43.7301909" lon="6.5713203">
        <ele>1071.5</ele>
        <time>2026-07-18T13:17:03Z</time>
        <hdop>3</hdop>
        <extensions>
          <osmand:speed>0.8</osmand:speed>
        </extensions>
      </trkpt>
      <trkpt lat="43.7302526" lon="6.5712501">
        <ele>1071.5</ele>
        <time>2026-07-18T13:17:09Z</time>
        <hdop>3</hdop>
        <extensions>
          <osmand:speed>1.2</osmand:speed>
        </extensions>
      </trkpt>
      <trkpt lat="43.7303011" lon="6.5711834">
        <ele>1073.2</ele>
        <time>2026-07-18T13:17:14Z</time>
        <hdop>3</hdop>
        <extensions>
          <osmand:speed>1.3</osmand:speed>
        </extensions>
      </trkpt>
      <trkpt lat="43.7303412" lon="6.5711113">
        <ele>1074</ele>
        <time>2026-07-18T13:17:19Z</time>
        <hdop>3</hdop>
        <extensions>
          <osmand:speed>1.3</osmand:speed>
        </extensions>
      </trkpt>
      <trkpt lat="43.7303874" lon="6.5710496">
        <ele>1075.1</ele>
        <time>2026-07-18T13:17:24Z</time>
        <hdop>3</hdop>
        <extensions>
          <osmand:speed>1.3</osmand:speed>
        </extensions>
      </trkpt>
      <trkpt lat="43.7304212" lon="6.570986">
        <ele>1076.2</ele>
        <time>2026-07-18T13:17:30Z</time>
        <hdop>3.1</hdop>
        <extensions>
          <osmand:speed>1.2</osmand:speed>
        </extensions>
      </trkpt>
      <trkpt lat="43.7304653" lon="6.5709293">
        <ele>1077</ele>
        <time>2026-07-18T13:17:35Z</time>
        <hdop>3.1</hdop>
        <extensions>
          <osmand:speed>1.3</osmand:speed>
        </extensions>
      </trkpt>
      <trkpt lat="43.7305062" lon="6.5708535">
        <ele>1077.4</ele>
        <time>2026-07-18T13:17:40Z</time>
        <hdop>3.2</hdop>
        <extensions>
          <osmand:speed>1.1</osmand:speed>
        </extensions>
      </trkpt>
      <trkpt lat="43.7305497" lon="6.5707939">
        <ele>1079.1</ele>
        <time>2026-07-18T13:17:46Z</time>
        <hdop>3.1</hdop>
        <extensions>
          <osmand:speed>1.2</osmand:speed>
        </extensions>
      </trkpt>
      <trkpt lat="43.7305887" lon="6.5707433">
        <ele>1079.6</ele>
        <time>2026-07-18T13:17:51Z</time>
        <hdop>3</hdop>
        <extensions>
          <osmand:speed>1.1</osmand:speed>
        </extensions>
      </trkpt>
      <trkpt lat="43.7306133" lon="6.5706686">
        <ele>1079.5</ele>
        <time>2026-07-18T13:17:56Z</time>
        <hdop>3.1</hdop>
        <extensions>
          <osmand:speed>1.3</osmand:speed>
        </extensions>
      </trkpt>
      <trkpt lat="43.7306309" lon="6.5706676">
        <ele>1079.3</ele>
        <time>2026-07-18T13:18:01Z</time>
        <hdop>3.1</hdop>
        <extensions>
          <osmand:speed>0.5</osmand:speed>
        </extensions>
      </trkpt>
      <trkpt lat="43.7306179" lon="6.5706856">
        <ele>1080</ele>
        <time>2026-07-18T13:18:07Z</time>
        <hdop>3</hdop>
        <extensions>
          <osmand:speed>0.4</osmand:speed>
        </extensions>
      </trkpt>
      <trkpt lat="43.7306004" lon="6.5707037">
        <ele>1080.4</ele>
        <time>2026-07-18T13:18:12Z</time>
        <hdop>3</hdop>
        <extensions>
          <osmand:speed>0.1</osmand:speed>
        </extensions>
      </trkpt>
      <trkpt lat="43.7305944" lon="6.5707051">
        <ele>1080.3</ele>
        <time>2026-07-18T13:18:17Z</time>
        <hdop>3</hdop>
        <extensions>
          <osmand:speed>0.1</osmand:speed>
        </extensions>
      </trkpt>
      <trkpt lat="43.730617" lon="6.5706375">
        <ele>1078.9</ele>
        <time>2026-07-18T13:18:22Z</time>
        <hdop>3</hdop>
        <extensions>
          <osmand:speed>1.2</osmand:speed>
        </extensions>
      </trkpt>
      <trkpt lat="43.7306393" lon="6.5706007">
        <ele>1080</ele>
        <time>2026-07-18T13:18:28Z</time>
        <hdop>3</hdop>
        <extensions>
          <osmand:speed>0.2</osmand:speed>
        </extensions>
      </trkpt>
      <trkpt lat="43.7306378" lon="6.5706037">
        <ele>1079.8</ele>
        <time>2026-07-18T13:18:34Z</time>
        <hdop>3</hdop>
        <extensions>
          <osmand:speed>0.1</osmand:speed>
        </extensions>
      </trkpt>
      <trkpt lat="43.7306378" lon="6.5706046">
        <ele>1079.6</ele>
        <time>2026-07-18T13:18:39Z</time>
        <hdop>3</hdop>
        <extensions>
          <osmand:speed>0.1</osmand:speed>
        </extensions>
      </trkpt>
      <trkpt lat="43.7306376" lon="6.5706041">
        <ele>1079.8</ele>
        <time>2026-07-18T13:18:44Z</time>
        <hdop>3</hdop>
        <extensions>
          <osmand:speed>0</osmand:speed>
        </extensions>
      </trkpt>
      <trkpt lat="43.7306579" lon="6.5705358">
        <ele>1079.8</ele>
        <time>2026-07-18T13:18:49Z</time>
        <hdop>3</hdop>
        <extensions>
          <osmand:speed>1.3</osmand:speed>
        </extensions>
      </trkpt>
      <trkpt lat="43.7307051" lon="6.5704594">
        <ele>1080.4</ele>
        <time>2026-07-18T13:18:55Z</time>
        <hdop>3.1</hdop>
        <extensions>
          <osmand:speed>1.2</osmand:speed>
        </extensions>
      </trkpt>
      <trkpt lat="43.7307561" lon="6.5703868">
        <ele>1081.1</ele>
        <time>2026-07-18T13:19:00Z</time>
        <hdop>3.1</hdop>
        <extensions>
          <osmand:speed>1.3</osmand:speed>
        </extensions>
      </trkpt>
      <trkpt lat="43.7307972" lon="6.5703197">
        <ele>1081.6</ele>
        <time>2026-07-18T13:19:05Z</time>
        <hdop>3</hdop>
        <extensions>
          <osmand:speed>1.3</osmand:speed>
        </extensions>
      </trkpt>
      <trkpt lat="43.7308383" lon="6.570256">
        <ele>1082.7</ele>
        <time>2026-07-18T13:19:11Z</time>
        <hdop>3</hdop>
        <extensions>
          <osmand:speed>1.4</osmand:speed>
        </extensions>
      </trkpt>
      <trkpt lat="43.7308786" lon="6.5702015">
        <ele>1082.9</ele>
        <time>2026-07-18T13:19:16Z</time>
        <hdop>3</hdop>
        <extensions>
          <osmand:speed>1.1</osmand:speed>
        </extensions>
      </trkpt>
      <trkpt lat="43.7309226" lon="6.5701367">
        <ele>1082.7</ele>
        <time>2026-07-18T13:19:21Z</time>
        <hdop>3</hdop>
        <extensions>
          <osmand:speed>1.2</osmand:speed>
        </extensions>
      </trkpt>
      <trkpt lat="43.7309626" lon="6.5700675">
        <ele>1083</ele>
        <time>2026-07-18T13:19:26Z</time>
        <hdop>3</hdop>
        <extensions>
          <osmand:speed>1.3</osmand:speed>
        </extensions>
      </trkpt>
      <trkpt lat="43.7309994" lon="6.569994">
        <ele>1083.3</ele>
        <time>2026-07-18T13:19:32Z</time>
        <hdop>3</hdop>
        <extensions>
          <osmand:speed>1.4</osmand:speed>
        </extensions>
      </trkpt>
      <trkpt lat="43.7310337" lon="6.5699184">
        <ele>1083.5</ele>
        <time>2026-07-18T13:19:37Z</time>
        <hdop>3</hdop>
        <extensions>
          <osmand:speed>1.2</osmand:speed>
        </extensions>
      </trkpt>
      <trkpt lat="43.7310687" lon="6.5698483">
        <ele>1083.3</ele>
        <time>2026-07-18T13:19:42Z</time>
        <hdop>3.1</hdop>
        <extensions>
          <osmand:speed>1.2</osmand:speed>
        </extensions>
      </trkpt>
      <trkpt lat="43.7311071" lon="6.5697793">
        <ele>1083.7</ele>
        <time>2026-07-18T13:19:47Z</time>
        <hdop>3</hdop>
        <extensions>
          <osmand:speed>1.3</osmand:speed>
        </extensions>
      </trkpt>
      <trkpt lat="43.7311445" lon="6.569722">
        <ele>1084</ele>
        <time>2026-07-18T13:19:52Z</time>
        <hdop>3</hdop>
        <extensions>
          <osmand:speed>1</osmand:speed>
        </extensions>
      </trkpt>
      <trkpt lat="43.7311854" lon="6.5696522">
        <ele>1083.9</ele>
        <time>2026-07-18T13:19:57Z</time>
        <hdop>3</hdop>
        <extensions>
          <osmand:speed>1.1</osmand:speed>
        </extensions>
      </trkpt>
      <trkpt lat="43.7312194" lon="6.5695845">
        <ele>1083.9</ele>
        <time>2026-07-18T13:20:03Z</time>
        <hdop>3</hdop>
        <extensions>
          <osmand:speed>1.2</osmand:speed>
        </extensions>
      </trkpt>
      <trkpt lat="43.7312542" lon="6.5695108">
        <ele>1083.7</ele>
        <time>2026-07-18T13:20:08Z</time>
        <hdop>3</hdop>
        <extensions>
          <osmand:speed>1.3</osmand:speed>
        </extensions>
      </trkpt>
      <trkpt lat="43.7312969" lon="6.5694295">
        <ele>1083.2</ele>
        <time>2026-07-18T13:20:14Z</time>
        <hdop>3</hdop>
        <extensions>
          <osmand:speed>1</osmand:speed>
        </extensions>
      </trkpt>
      <trkpt lat="43.7312984" lon="6.5694295">
        <ele>1082.4</ele>
        <time>2026-07-18T13:20:20Z</time>
        <hdop>3</hdop>
        <extensions>
          <osmand:speed>0.1</osmand:speed>
        </extensions>
      </trkpt>
      <trkpt lat="43.731299" lon="6.5694239">
        <ele>1082.8</ele>
        <time>2026-07-18T13:20:25Z</time>
        <hdop>3</hdop>
        <extensions>
          <osmand:speed>0.2</osmand:speed>
        </extensions>
      </trkpt>
      <trkpt lat="43.7313512" lon="6.5693201">
        <ele>1082.5</ele>
        <time>2026-07-18T13:20:31Z</time>
        <hdop>3</hdop>
        <extensions>
          <osmand:speed>1.4</osmand:speed>
        </extensions>
      </trkpt>
      <trkpt lat="43.7313899" lon="6.5692519">
        <ele>1082.3</ele>
        <time>2026-07-18T13:20:36Z</time>
        <hdop>3</hdop>
        <extensions>
          <osmand:speed>1.1</osmand:speed>
        </extensions>
      </trkpt>
      <trkpt lat="43.7314402" lon="6.5691741">
        <ele>1081.7</ele>
        <time>2026-07-18T13:20:41Z</time>
        <hdop>3</hdop>
        <extensions>
          <osmand:speed>1.3</osmand:speed>
        </extensions>
      </trkpt>
      <trkpt lat="43.7314716" lon="6.5691119">
        <ele>1081.5</ele>
        <time>2026-07-18T13:20:46Z</time>
        <hdop>3</hdop>
        <extensions>
          <osmand:speed>1.2</osmand:speed>
        </extensions>
      </trkpt>
      <trkpt lat="43.7315002" lon="6.5690348">
        <ele>1081.2</ele>
        <time>2026-07-18T13:20:52Z</time>
        <hdop>3</hdop>
        <extensions>
          <osmand:speed>1.3</osmand:speed>
        </extensions>
      </trkpt>
      <trkpt lat="43.7315233" lon="6.5689491">
        <ele>1080.7</ele>
        <time>2026-07-18T13:20:57Z</time>
        <hdop>3</hdop>
        <extensions>
          <osmand:speed>1.3</osmand:speed>
        </extensions>
      </trkpt>
      <trkpt lat="43.7315544" lon="6.5688868">
        <ele>1080.2</ele>
        <time>2026-07-18T13:21:03Z</time>
        <hdop>3</hdop>
        <extensions>
          <osmand:speed>1.2</osmand:speed>
        </extensions>
      </trkpt>
      <trkpt lat="43.7315936" lon="6.5687998">
        <ele>1078.3</ele>
        <time>2026-07-18T13:21:08Z</time>
        <hdop>3.1</hdop>
        <extensions>
          <osmand:speed>1.3</osmand:speed>
        </extensions>
      </trkpt>
      <trkpt lat="43.7316222" lon="6.5687253">
        <ele>1077.5</ele>
        <time>2026-07-18T13:21:14Z</time>
        <hdop>3</hdop>
        <extensions>
          <osmand:speed>1.3</osmand:speed>
        </extensions>
      </trkpt>
      <trkpt lat="43.7316521" lon="6.5686496">
        <ele>1076.9</ele>
        <time>2026-07-18T13:21:19Z</time>
        <hdop>3</hdop>
        <extensions>
          <osmand:speed>1.3</osmand:speed>
        </extensions>
      </trkpt>
      <trkpt lat="43.7316716" lon="6.5686334">
        <ele>1076.2</ele>
        <time>2026-07-18T13:21:25Z</time>
        <hdop>3</hdop>
        <extensions>
          <osmand:speed>0.2</osmand:speed>
        </extensions>
      </trkpt>
      <trkpt lat="43.731668" lon="6.5686447">
        <ele>1076.1</ele>
        <time>2026-07-18T13:21:30Z</time>
        <hdop>3</hdop>
        <extensions>
          <osmand:speed>0.1</osmand:speed>
        </extensions>
      </trkpt>
      <trkpt lat="43.7316659" lon="6.5686456">
        <ele>1076.2</ele>
        <time>2026-07-18T13:21:35Z</time>
        <hdop>3</hdop>
        <extensions>
          <osmand:speed>0.1</osmand:speed>
        </extensions>
      </trkpt>
      <trkpt lat="43.7317017" lon="6.5686265">
        <ele>1076.2</ele>
        <time>2026-07-18T13:21:40Z</time>
        <hdop>3</hdop>
        <extensions>
          <osmand:speed>0.7</osmand:speed>
        </extensions>
      </trkpt>
      <trkpt lat="43.7317671" lon="6.5685778">
        <ele>1075.6</ele>
        <time>2026-07-18T13:21:46Z</time>
        <hdop>3</hdop>
        <extensions>
          <osmand:speed>1.1</osmand:speed>
        </extensions>
      </trkpt>
      <trkpt lat="43.7318206" lon="6.5685045">
        <ele>1075.6</ele>
        <time>2026-07-18T13:21:51Z</time>
        <hdop>3</hdop>
        <extensions>
          <osmand:speed>1.4</osmand:speed>
        </extensions>
      </trkpt>
      <trkpt lat="43.7318761" lon="6.568455">
        <ele>1075.6</ele>
        <time>2026-07-18T13:21:56Z</time>
        <hdop>3</hdop>
        <extensions>
          <osmand:speed>1.1</osmand:speed>
        </extensions>
      </trkpt>
      <trkpt lat="43.7319216" lon="6.5684059">
        <ele>1076.5</ele>
        <time>2026-07-18T13:22:01Z</time>
        <hdop>3</hdop>
        <extensions>
          <osmand:speed>1</osmand:speed>
        </extensions>
      </trkpt>
      <trkpt lat="43.7319649" lon="6.5683703">
        <ele>1076.6</ele>
        <time>2026-07-18T13:22:07Z</time>
        <hdop>3</hdop>
        <extensions>
          <osmand:speed>0.9</osmand:speed>
        </extensions>
      </trkpt>
      <trkpt lat="43.7319869" lon="6.5683294">
        <ele>1077</ele>
        <time>2026-07-18T13:22:12Z</time>
        <hdop>3</hdop>
        <extensions>
          <osmand:speed>0.7</osmand:speed>
        </extensions>
      </trkpt>
      <trkpt lat="43.7320407" lon="6.5683101">
        <ele>1076.9</ele>
        <time>2026-07-18T13:22:17Z</time>
        <hdop>3</hdop>
        <extensions>
          <osmand:speed>1.1</osmand:speed>
        </extensions>
      </trkpt>
      <trkpt lat="43.7320877" lon="6.5682826">
        <ele>1076.3</ele>
        <time>2026-07-18T13:22:23Z</time>
        <hdop>3</hdop>
        <extensions>
          <osmand:speed>1.1</osmand:speed>
        </extensions>
      </trkpt>
      <trkpt lat="43.732131" lon="6.5682452">
        <ele>1076.8</ele>
        <time>2026-07-18T13:22:28Z</time>
        <hdop>3</hdop>
        <extensions>
          <osmand:speed>1.1</osmand:speed>
        </extensions>
      </trkpt>
      <trkpt lat="43.7321735" lon="6.5681958">
        <ele>1077</ele>
        <time>2026-07-18T13:22:33Z</time>
        <hdop>3.2</hdop>
        <extensions>
          <osmand:speed>1.2</osmand:speed>
        </extensions>
      </trkpt>
      <trkpt lat="43.7322156" lon="6.5681765">
        <ele>1078.3</ele>
        <time>2026-07-18T13:22:39Z</time>
        <hdop>3</hdop>
        <extensions>
          <osmand:speed>0.2</osmand:speed>
        </extensions>
      </trkpt>
      <trkpt lat="43.7322166" lon="6.5681749">
        <ele>1078.5</ele>
        <time>2026-07-18T13:22:44Z</time>
        <hdop>3</hdop>
        <extensions>
          <osmand:speed>0.2</osmand:speed>
        </extensions>
      </trkpt>
      <trkpt lat="43.732278" lon="6.5681379">
        <ele>1078.7</ele>
        <time>2026-07-18T13:22:49Z</time>
        <hdop>3.1</hdop>
        <extensions>
          <osmand:speed>1.2</osmand:speed>
        </extensions>
      </trkpt>
      <trkpt lat="43.7323517" lon="6.5681044">
        <ele>1079.4</ele>
        <time>2026-07-18T13:22:54Z</time>
        <hdop>3</hdop>
        <extensions>
          <osmand:speed>1.3</osmand:speed>
        </extensions>
      </trkpt>
      <trkpt lat="43.7324098" lon="6.5680771">
        <ele>1080</ele>
        <time>2026-07-18T13:22:59Z</time>
        <hdop>3</hdop>
        <extensions>
          <osmand:speed>1.2</osmand:speed>
        </extensions>
      </trkpt>
      <trkpt lat="43.7324578" lon="6.5680472">
        <ele>1080.7</ele>
        <time>2026-07-18T13:23:05Z</time>
        <hdop>3</hdop>
        <extensions>
          <osmand:speed>1.2</osmand:speed>
        </extensions>
      </trkpt>
      <trkpt lat="43.7325156" lon="6.5680072">
        <ele>1081.3</ele>
        <time>2026-07-18T13:23:10Z</time>
        <hdop>3</hdop>
        <extensions>
          <osmand:speed>1.3</osmand:speed>
        </extensions>
      </trkpt>
      <trkpt lat="43.7325689" lon="6.567958">
        <ele>1082.3</ele>
        <time>2026-07-18T13:23:15Z</time>
        <hdop>3.1</hdop>
        <extensions>
          <osmand:speed>1.2</osmand:speed>
        </extensions>
      </trkpt>
      <trkpt lat="43.7326208" lon="6.5679126">
        <ele>1083</ele>
        <time>2026-07-18T13:23:20Z</time>
        <hdop>3.3</hdop>
        <extensions>
          <osmand:speed>1.3</osmand:speed>
        </extensions>
      </trkpt>
      <trkpt lat="43.7326662" lon="6.5678659">
        <ele>1083.9</ele>
        <time>2026-07-18T13:23:26Z</time>
        <hdop>3.3</hdop>
        <extensions>
          <osmand:speed>1.1</osmand:speed>
        </extensions>
      </trkpt>
      <trkpt lat="43.7327264" lon="6.5678313">
        <ele>1085</ele>
        <time>2026-07-18T13:23:31Z</time>
        <hdop>3</hdop>
        <extensions>
          <osmand:speed>1.4</osmand:speed>
        </extensions>
      </trkpt>
      <trkpt lat="43.7327785" lon="6.5677767">
        <ele>1085.3</ele>
        <time>2026-07-18T13:23:36Z</time>
        <hdop>3.7</hdop>
        <extensions>
          <osmand:speed>1.2</osmand:speed>
        </extensions>
      </trkpt>
      <trkpt lat="43.7328209" lon="6.567715">
        <ele>1085.7</ele>
        <time>2026-07-18T13:23:41Z</time>
        <hdop>5</hdop>
        <extensions>
          <osmand:speed>1.2</osmand:speed>
        </extensions>
      </trkpt>
      <trkpt lat="43.7328628" lon="6.5676642">
        <ele>1086</ele>
        <time>2026-07-18T13:23:46Z</time>
        <hdop>5.6</hdop>
        <extensions>
          <osmand:speed>1.2</osmand:speed>
        </extensions>
      </trkpt>
      <trkpt lat="43.7328471" lon="6.5676867">
        <ele>1087.2</ele>
        <time>2026-07-18T13:23:52Z</time>
        <hdop>4.1</hdop>
        <extensions>
          <osmand:speed>0.8</osmand:speed>
        </extensions>
      </trkpt>
      <trkpt lat="43.7328482" lon="6.567722">
        <ele>1087.6</ele>
        <time>2026-07-18T13:23:58Z</time>
        <hdop>3</hdop>
        <extensions>
          <osmand:speed>0.1</osmand:speed>
        </extensions>
      </trkpt>
      <trkpt lat="43.7328792" lon="6.5677005">
        <ele>1087.7</ele>
        <time>2026-07-18T13:24:03Z</time>
        <hdop>3</hdop>
        <extensions>
          <osmand:speed>0.8</osmand:speed>
        </extensions>
      </trkpt>
      <trkpt lat="43.7329328" lon="6.5676095">
        <ele>1088.1</ele>
        <time>2026-07-18T13:24:08Z</time>
        <hdop>3.1</hdop>
        <extensions>
          <osmand:speed>1.2</osmand:speed>
        </extensions>
      </trkpt>
      <trkpt lat="43.7329653" lon="6.567563">
        <ele>1088.7</ele>
        <time>2026-07-18T13:24:14Z</time>
        <hdop>3</hdop>
        <extensions>
          <osmand:speed>0.5</osmand:speed>
        </extensions>
      </trkpt>
      <trkpt lat="43.7329615" lon="6.5675699">
        <ele>1088.5</ele>
        <time>2026-07-18T13:24:19Z</time>
        <hdop>3</hdop>
        <extensions>
          <osmand:speed>0.1</osmand:speed>
        </extensions>
      </trkpt>
      <trkpt lat="43.7329618" lon="6.5675745">
        <ele>1088.3</ele>
        <time>2026-07-18T13:24:24Z</time>
        <hdop>3</hdop>
        <extensions>
          <osmand:speed>0.1</osmand:speed>
        </extensions>
      </trkpt>
      <trkpt lat="43.7329654" lon="6.567574">
        <ele>1088.3</ele>
        <time>2026-07-18T13:24:30Z</time>
        <hdop>3</hdop>
        <extensions>
          <osmand:speed>0.3</osmand:speed>
        </extensions>
      </trkpt>
      <trkpt lat="43.7330052" lon="6.5674958">
        <ele>1088.5</ele>
        <time>2026-07-18T13:24:35Z</time>
        <hdop>3</hdop>
        <extensions>
          <osmand:speed>1.4</osmand:speed>
        </extensions>
      </trkpt>
      <trkpt lat="43.7330504" lon="6.5674333">
        <ele>1089.9</ele>
        <time>2026-07-18T13:24:40Z</time>
        <hdop>3</hdop>
        <extensions>
          <osmand:speed>1.3</osmand:speed>
        </extensions>
      </trkpt>
      <trkpt lat="43.7330899" lon="6.5673637">
        <ele>1090</ele>
        <time>2026-07-18T13:24:46Z</time>
        <hdop>3</hdop>
        <extensions>
          <osmand:speed>1</osmand:speed>
        </extensions>
      </trkpt>
      <trkpt lat="43.7331283" lon="6.5672761">
        <ele>1090.7</ele>
        <time>2026-07-18T13:24:51Z</time>
        <hdop>3</hdop>
        <extensions>
          <osmand:speed>1.2</osmand:speed>
        </extensions>
      </trkpt>
      <trkpt lat="43.7331568" lon="6.5671938">
        <ele>1091.9</ele>
        <time>2026-07-18T13:24:56Z</time>
        <hdop>3</hdop>
        <extensions>
          <osmand:speed>1.3</osmand:speed>
        </extensions>
      </trkpt>
      <trkpt lat="43.7331969" lon="6.5671202">
        <ele>1092.7</ele>
        <time>2026-07-18T13:25:01Z</time>
        <hdop>3.3</hdop>
        <extensions>
          <osmand:speed>1.1</osmand:speed>
        </extensions>
      </trkpt>
      <trkpt lat="43.7332146" lon="6.5670877">
        <ele>1091.9</ele>
        <time>2026-07-18T13:25:07Z</time>
        <hdop>4.7</hdop>
        <extensions>
          <osmand:speed>0.6</osmand:speed>
        </extensions>
      </trkpt>
      <trkpt lat="43.7332062" lon="6.567101">
        <ele>1091.8</ele>
        <time>2026-07-18T13:25:12Z</time>
        <hdop>4.4</hdop>
        <extensions>
          <osmand:speed>0.1</osmand:speed>
        </extensions>
      </trkpt>
      <trkpt lat="43.7332057" lon="6.567103">
        <ele>1091.7</ele>
        <time>2026-07-18T13:25:18Z</time>
        <hdop>4.1</hdop>
        <extensions>
          <osmand:speed>0.1</osmand:speed>
        </extensions>
      </trkpt>
      <trkpt lat="43.7332062" lon="6.5671045">
        <ele>1091.5</ele>
        <time>2026-07-18T13:25:23Z</time>
        <hdop>4.1</hdop>
        <extensions>
          <osmand:speed>0.1</osmand:speed>
        </extensions>
      </trkpt>
      <trkpt lat="43.7332081" lon="6.5671077">
        <ele>1091.6</ele>
        <time>2026-07-18T13:25:28Z</time>
        <hdop>3.8</hdop>
        <extensions>
          <osmand:speed>0</osmand:speed>
        </extensions>
      </trkpt>
      <trkpt lat="43.7332079" lon="6.5671038">
        <ele>1091.6</ele>
        <time>2026-07-18T13:25:34Z</time>
        <hdop>3.4</hdop>
        <extensions>
          <osmand:speed>0.5</osmand:speed>
        </extensions>
      </trkpt>
      <trkpt lat="43.7332096" lon="6.5670966">
        <ele>1091.9</ele>
        <time>2026-07-18T13:25:40Z</time>
        <hdop>3.7</hdop>
        <extensions>
          <osmand:speed>0.1</osmand:speed>
        </extensions>
      </trkpt>
      <trkpt lat="43.7332117" lon="6.5670975">
        <ele>1092.1</ele>
        <time>2026-07-18T13:25:46Z</time>
        <hdop>3</hdop>
        <extensions>
          <osmand:speed>0.1</osmand:speed>
        </extensions>
      </trkpt>
      <trkpt lat="43.7332153" lon="6.5670894">
        <ele>1092.1</ele>
        <time>2026-07-18T13:25:51Z</time>
        <hdop>3</hdop>
        <extensions>
          <osmand:speed>0.3</osmand:speed>
        </extensions>
      </trkpt>
      <trkpt lat="43.7332199" lon="6.5670935">
        <ele>1092.3</ele>
        <time>2026-07-18T13:25:57Z</time>
        <hdop>3</hdop>
        <extensions>
          <osmand:speed>0.5</osmand:speed>
        </extensions>
      </trkpt>
      <trkpt lat="43.7332182" lon="6.5671286">
        <ele>1092.1</ele>
        <time>2026-07-18T13:26:02Z</time>
        <hdop>3</hdop>
        <extensions>
          <osmand:speed>0.2</osmand:speed>
        </extensions>
      </trkpt>
      <trkpt lat="43.7332146" lon="6.5671314">
        <ele>1093.4</ele>
        <time>2026-07-18T13:26:08Z</time>
        <hdop>3</hdop>
        <extensions>
          <osmand:speed>0.1</osmand:speed>
        </extensions>
      </trkpt>
      <trkpt lat="43.7332111" lon="6.5671345">
        <ele>1093.5</ele>
        <time>2026-07-18T13:26:13Z</time>
        <hdop>3</hdop>
        <extensions>
          <osmand:speed>0.1</osmand:speed>
        </extensions>
      </trkpt>
      <trkpt lat="43.7332071" lon="6.5671357">
        <ele>1093.6</ele>
        <time>2026-07-18T13:26:19Z</time>
        <hdop>3</hdop>
        <extensions>
          <osmand:speed>0.1</osmand:speed>
        </extensions>
      </trkpt>
      <trkpt lat="43.7332064" lon="6.5671367">
        <ele>1093.4</ele>
        <time>2026-07-18T13:26:24Z</time>
        <hdop>3</hdop>
        <extensions>
          <osmand:speed>0</osmand:speed>
        </extensions>
      </trkpt>
      <trkpt lat="43.7332072" lon="6.5671387">
        <ele>1093.4</ele>
        <time>2026-07-18T13:26:29Z</time>
        <hdop>3</hdop>
        <extensions>
          <osmand:speed>0.1</osmand:speed>
        </extensions>
      </trkpt>
      <trkpt lat="43.7332065" lon="6.5671398">
        <ele>1093.3</ele>
        <time>2026-07-18T13:26:35Z</time>
        <hdop>3</hdop>
        <extensions>
          <osmand:speed>0</osmand:speed>
        </extensions>
      </trkpt>
      <trkpt lat="43.7332078" lon="6.5671401">
        <ele>1093.7</ele>
        <time>2026-07-18T13:26:40Z</time>
        <hdop>3</hdop>
        <extensions>
          <osmand:speed>0.1</osmand:speed>
        </extensions>
      </trkpt>
      <trkpt lat="43.733208" lon="6.5671408">
        <ele>1093.7</ele>
        <time>2026-07-18T13:26:46Z</time>
        <hdop>3</hdop>
        <extensions>
          <osmand:speed>0.1</osmand:speed>
        </extensions>
      </trkpt>
      <trkpt lat="43.7332082" lon="6.5671387">
        <ele>1094</ele>
        <time>2026-07-18T13:26:51Z</time>
        <hdop>3</hdop>
        <extensions>
          <osmand:speed>0.1</osmand:speed>
        </extensions>
      </trkpt>
      <trkpt lat="43.7332084" lon="6.5671397">
        <ele>1094</ele>
        <time>2026-07-18T13:26:57Z</time>
        <hdop>3</hdop>
        <extensions>
          <osmand:speed>0.1</osmand:speed>
        </extensions>
      </trkpt>
      <trkpt lat="43.7332127" lon="6.5671372">
        <ele>1094</ele>
        <time>2026-07-18T13:27:02Z</time>
        <hdop>3</hdop>
        <extensions>
          <osmand:speed>0.1</osmand:speed>
        </extensions>
      </trkpt>
      <trkpt lat="43.7332151" lon="6.5671364">
        <ele>1093.7</ele>
        <time>2026-07-18T13:27:08Z</time>
        <hdop>3</hdop>
        <extensions>
          <osmand:speed>0.3</osmand:speed>
        </extensions>
      </trkpt>
      <trkpt lat="43.7332168" lon="6.5671312">
        <ele>1093.8</ele>
        <time>2026-07-18T13:27:15Z</time>
        <hdop>3</hdop>
        <extensions>
          <osmand:speed>0.4</osmand:speed>
        </extensions>
      </trkpt>
      <trkpt lat="43.7332212" lon="6.5671216">
        <ele>1094</ele>
        <time>2026-07-18T13:27:20Z</time>
        <hdop>3</hdop>
        <extensions>
          <osmand:speed>0.1</osmand:speed>
        </extensions>
      </trkpt>
      <trkpt lat="43.7332221" lon="6.5671135">
        <ele>1093.7</ele>
        <time>2026-07-18T13:27:25Z</time>
        <hdop>3</hdop>
        <extensions>
          <osmand:speed>0.1</osmand:speed>
        </extensions>
      </trkpt>
      <trkpt lat="43.7332233" lon="6.5671099">
        <ele>1093.3</ele>
        <time>2026-07-18T13:27:31Z</time>
        <hdop>3</hdop>
        <extensions>
          <osmand:speed>0.5</osmand:speed>
        </extensions>
      </trkpt>
      <trkpt lat="43.7332379" lon="6.5670836">
        <ele>1093.7</ele>
        <time>2026-07-18T13:27:36Z</time>
        <hdop>3.1</hdop>
        <extensions>
          <osmand:speed>0.4</osmand:speed>
        </extensions>
      </trkpt>
      <trkpt lat="43.7332593" lon="6.567061">
        <ele>1094.2</ele>
        <time>2026-07-18T13:27:41Z</time>
        <hdop>3.1</hdop>
        <extensions>
          <osmand:speed>0.4</osmand:speed>
        </extensions>
      </trkpt>
      <trkpt lat="43.7332904" lon="6.5670327">
        <ele>1094.2</ele>
        <time>2026-07-18T13:27:47Z</time>
        <hdop>3</hdop>
        <extensions>
          <osmand:speed>0.6</osmand:speed>
        </extensions>
      </trkpt>
      <trkpt lat="43.7333163" lon="6.5669986">
        <ele>1094.4</ele>
        <time>2026-07-18T13:27:52Z</time>
        <hdop>3</hdop>
        <extensions>
          <osmand:speed>0.6</osmand:speed>
        </extensions>
      </trkpt>
      <trkpt lat="43.7333419" lon="6.5669599">
        <ele>1094.4</ele>
        <time>2026-07-18T13:27:58Z</time>
        <hdop>3</hdop>
        <extensions>
          <osmand:speed>0.6</osmand:speed>
        </extensions>
      </trkpt>
      <trkpt lat="43.7333636" lon="6.5669136">
        <ele>1095.1</ele>
        <time>2026-07-18T13:28:03Z</time>
        <hdop>3</hdop>
        <extensions>
          <osmand:speed>0.5</osmand:speed>
        </extensions>
      </trkpt>
      <trkpt lat="43.7333867" lon="6.5668517">
        <ele>1095.2</ele>
        <time>2026-07-18T13:28:08Z</time>
        <hdop>3</hdop>
        <extensions>
          <osmand:speed>0.8</osmand:speed>
        </extensions>
      </trkpt>
      <trkpt lat="43.7334183" lon="6.566804">
        <ele>1095.6</ele>
        <time>2026-07-18T13:28:14Z</time>
        <hdop>3</hdop>
        <extensions>
          <osmand:speed>0.9</osmand:speed>
        </extensions>
      </trkpt>
      <trkpt lat="43.7334475" lon="6.5667701">
        <ele>1095.8</ele>
        <time>2026-07-18T13:28:19Z</time>
        <hdop>3</hdop>
        <extensions>
          <osmand:speed>0.9</osmand:speed>
        </extensions>
      </trkpt>
      <trkpt lat="43.7334889" lon="6.5667289">
        <ele>1096</ele>
        <time>2026-07-18T13:28:25Z</time>
        <hdop>3</hdop>
        <extensions>
          <osmand:speed>1</osmand:speed>
        </extensions>
      </trkpt>
      <trkpt lat="43.7335137" lon="6.5666756">
        <ele>1096.9</ele>
        <time>2026-07-18T13:28:30Z</time>
        <hdop>3</hdop>
        <extensions>
          <osmand:speed>0.7</osmand:speed>
        </extensions>
      </trkpt>
      <trkpt lat="43.7335463" lon="6.5666256">
        <ele>1097.5</ele>
        <time>2026-07-18T13:28:36Z</time>
        <hdop>3</hdop>
        <extensions>
          <osmand:speed>0.8</osmand:speed>
        </extensions>
      </trkpt>
      <trkpt lat="43.7335874" lon="6.5665996">
        <ele>1097.7</ele>
        <time>2026-07-18T13:28:42Z</time>
        <hdop>3</hdop>
        <extensions>
          <osmand:speed>0.6</osmand:speed>
        </extensions>
      </trkpt>
      <trkpt lat="43.7336015" lon="6.5665552">
        <ele>1098.1</ele>
        <time>2026-07-18T13:28:47Z</time>
        <hdop>3</hdop>
        <extensions>
          <osmand:speed>0.7</osmand:speed>
        </extensions>
      </trkpt>
      <trkpt lat="43.7336169" lon="6.5664965">
        <ele>1098.7</ele>
        <time>2026-07-18T13:28:52Z</time>
        <hdop>3</hdop>
        <extensions>
          <osmand:speed>0.8</osmand:speed>
        </extensions>
      </trkpt>
      <trkpt lat="43.7336299" lon="6.5664317">
        <ele>1099.5</ele>
        <time>2026-07-18T13:28:58Z</time>
        <hdop>3</hdop>
        <extensions>
          <osmand:speed>0.8</osmand:speed>
        </extensions>
      </trkpt>
      <trkpt lat="43.7336465" lon="6.5663678">
        <ele>1099.8</ele>
        <time>2026-07-18T13:29:03Z</time>
        <hdop>3</hdop>
        <extensions>
          <osmand:speed>0.7</osmand:speed>
        </extensions>
      </trkpt>
      <trkpt lat="43.7336582" lon="6.5663084">
        <ele>1100</ele>
        <time>2026-07-18T13:29:08Z</time>
        <hdop>3</hdop>
        <extensions>
          <osmand:speed>0.7</osmand:speed>
        </extensions>
      </trkpt>
      <trkpt lat="43.733672" lon="6.5662568">
        <ele>1100.7</ele>
        <time>2026-07-18T13:29:14Z</time>
        <hdop>3</hdop>
        <extensions>
          <osmand:speed>0.7</osmand:speed>
        </extensions>
      </trkpt>
      <trkpt lat="43.7336917" lon="6.5662242">
        <ele>1100.4</ele>
        <time>2026-07-18T13:29:19Z</time>
        <hdop>3</hdop>
        <extensions>
          <osmand:speed>0.4</osmand:speed>
        </extensions>
      </trkpt>
      <trkpt lat="43.7337177" lon="6.5661688">
        <ele>1101.6</ele>
        <time>2026-07-18T13:29:25Z</time>
        <hdop>3</hdop>
        <extensions>
          <osmand:speed>0.6</osmand:speed>
        </extensions>
      </trkpt>
      <trkpt lat="43.7337442" lon="6.5661289">
        <ele>1102.4</ele>
        <time>2026-07-18T13:29:30Z</time>
        <hdop>3</hdop>
        <extensions>
          <osmand:speed>0.7</osmand:speed>
        </extensions>
      </trkpt>
      <trkpt lat="43.7337612" lon="6.5661119">
        <ele>1103.4</ele>
        <time>2026-07-18T13:29:35Z</time>
        <hdop>3</hdop>
        <extensions>
          <osmand:speed>0.2</osmand:speed>
        </extensions>
      </trkpt>
      <trkpt lat="43.7337888" lon="6.5660795">
        <ele>1103.7</ele>
        <time>2026-07-18T13:29:40Z</time>
        <hdop>3</hdop>
        <extensions>
          <osmand:speed>0.7</osmand:speed>
        </extensions>
      </trkpt>
      <trkpt lat="43.7338143" lon="6.5660563">
        <ele>1104</ele>
        <time>2026-07-18T13:29:45Z</time>
        <hdop>3</hdop>
        <extensions>
          <osmand:speed>0.5</osmand:speed>
        </extensions>
      </trkpt>
      <trkpt lat="43.7338421" lon="6.5660447">
        <ele>1104.8</ele>
        <time>2026-07-18T13:29:51Z</time>
        <hdop>3</hdop>
        <extensions>
          <osmand:speed>0.4</osmand:speed>
        </extensions>
      </trkpt>
      <trkpt lat="43.7338607" lon="6.5660362">
        <ele>1105.4</ele>
        <time>2026-07-18T13:29:56Z</time>
        <hdop>3</hdop>
        <extensions>
          <osmand:speed>0.3</osmand:speed>
        </extensions>
      </trkpt>
      <trkpt lat="43.7338917" lon="6.5660139">
        <ele>1105.9</ele>
        <time>2026-07-18T13:30:01Z</time>
        <hdop>3</hdop>
        <extensions>
          <osmand:speed>0.6</osmand:speed>
        </extensions>
      </trkpt>
      <trkpt lat="43.7339234" lon="6.5659614">
        <ele>1106.5</ele>
        <time>2026-07-18T13:30:06Z</time>
        <hdop>3</hdop>
        <extensions>
          <osmand:speed>0.8</osmand:speed>
        </extensions>
      </trkpt>
      <trkpt lat="43.7339694" lon="6.5659147">
        <ele>1107.2</ele>
        <time>2026-07-18T13:30:11Z</time>
        <hdop>3</hdop>
        <extensions>
          <osmand:speed>0.8</osmand:speed>
        </extensions>
      </trkpt>
      <trkpt lat="43.7339706" lon="6.5658966">
        <ele>1107.9</ele>
        <time>2026-07-18T13:30:17Z</time>
        <hdop>3</hdop>
        <extensions>
          <osmand:speed>0.1</osmand:speed>
        </extensions>
      </trkpt>
      <trkpt lat="43.7339635" lon="6.5658911">
        <ele>1107.2</ele>
        <time>2026-07-18T13:30:24Z</time>
        <hdop>3</hdop>
        <extensions>
          <osmand:speed>0.1</osmand:speed>
        </extensions>
      </trkpt>
      <trkpt lat="43.7339617" lon="6.5658808">
        <ele>1107.3</ele>
        <time>2026-07-18T13:30:29Z</time>
        <hdop>3</hdop>
        <extensions>
          <osmand:speed>0.2</osmand:speed>
        </extensions>
      </trkpt>
      <trkpt lat="43.7339595" lon="6.5658281">
        <ele>1108.4</ele>
        <time>2026-07-18T13:30:34Z</time>
        <hdop>3</hdop>
        <extensions>
          <osmand:speed>0.5</osmand:speed>
        </extensions>
      </trkpt>
      <trkpt lat="43.733948" lon="6.5657761">
        <ele>1109.2</ele>
        <time>2026-07-18T13:30:39Z</time>
        <hdop>3</hdop>
        <extensions>
          <osmand:speed>0.7</osmand:speed>
        </extensions>
      </trkpt>
      <trkpt lat="43.7339509" lon="6.5657523">
        <ele>1110.2</ele>
        <time>2026-07-18T13:30:44Z</time>
        <hdop>3</hdop>
        <extensions>
          <osmand:speed>0.2</osmand:speed>
        </extensions>
      </trkpt>
      <trkpt lat="43.7339698" lon="6.56573">
        <ele>1110.1</ele>
        <time>2026-07-18T13:30:49Z</time>
        <hdop>3</hdop>
        <extensions>
          <osmand:speed>0.6</osmand:speed>
        </extensions>
      </trkpt>
      <trkpt lat="43.7340121" lon="6.5656708">
        <ele>1110.7</ele>
        <time>2026-07-18T13:30:55Z</time>
        <hdop>3</hdop>
        <extensions>
          <osmand:speed>0.8</osmand:speed>
        </extensions>
      </trkpt>
      <trkpt lat="43.7340479" lon="6.5656459">
        <ele>1111.6</ele>
        <time>2026-07-18T13:31:00Z</time>
        <hdop>3</hdop>
        <extensions>
          <osmand:speed>0.8</osmand:speed>
        </extensions>
      </trkpt>
      <trkpt lat="43.7340726" lon="6.565594">
        <ele>1112</ele>
        <time>2026-07-18T13:31:06Z</time>
        <hdop>3</hdop>
        <extensions>
          <osmand:speed>0.8</osmand:speed>
        </extensions>
      </trkpt>
      <trkpt lat="43.7341004" lon="6.5655134">
        <ele>1112.6</ele>
        <time>2026-07-18T13:31:11Z</time>
        <hdop>3</hdop>
        <extensions>
          <osmand:speed>1.1</osmand:speed>
        </extensions>
      </trkpt>
      <trkpt lat="43.7341396" lon="6.5654591">
        <ele>1112.8</ele>
        <time>2026-07-18T13:31:16Z</time>
        <hdop>3</hdop>
        <extensions>
          <osmand:speed>0.9</osmand:speed>
        </extensions>
      </trkpt>
      <trkpt lat="43.7341831" lon="6.5653994">
        <ele>1112.4</ele>
        <time>2026-07-18T13:31:22Z</time>
        <hdop>3</hdop>
        <extensions>
          <osmand:speed>1.2</osmand:speed>
        </extensions>
      </trkpt>
      <trkpt lat="43.7342299" lon="6.5653259">
        <ele>1112.2</ele>
        <time>2026-07-18T13:31:27Z</time>
        <hdop>3</hdop>
        <extensions>
          <osmand:speed>1.2</osmand:speed>
        </extensions>
      </trkpt>
      <trkpt lat="43.7342608" lon="6.5652702">
        <ele>1113.1</ele>
        <time>2026-07-18T13:31:32Z</time>
        <hdop>3</hdop>
        <extensions>
          <osmand:speed>1</osmand:speed>
        </extensions>
      </trkpt>
      <trkpt lat="43.734308" lon="6.565226">
        <ele>1113.2</ele>
        <time>2026-07-18T13:31:38Z</time>
        <hdop>3</hdop>
        <extensions>
          <osmand:speed>1</osmand:speed>
        </extensions>
      </trkpt>
      <trkpt lat="43.73436" lon="6.5651826">
        <ele>1113.4</ele>
        <time>2026-07-18T13:31:43Z</time>
        <hdop>3</hdop>
        <extensions>
          <osmand:speed>1.1</osmand:speed>
        </extensions>
      </trkpt>
      <trkpt lat="43.734396" lon="6.5651534">
        <ele>1113.3</ele>
        <time>2026-07-18T13:31:48Z</time>
        <hdop>3</hdop>
        <extensions>
          <osmand:speed>0.9</osmand:speed>
        </extensions>
      </trkpt>
      <trkpt lat="43.7344487" lon="6.5651291">
        <ele>1113.4</ele>
        <time>2026-07-18T13:31:54Z</time>
        <hdop>3</hdop>
        <extensions>
          <osmand:speed>1.2</osmand:speed>
        </extensions>
      </trkpt>
      <trkpt lat="43.7345032" lon="6.5650979">
        <ele>1114.7</ele>
        <time>2026-07-18T13:31:59Z</time>
        <hdop>3</hdop>
        <extensions>
          <osmand:speed>1.1</osmand:speed>
        </extensions>
      </trkpt>
      <trkpt lat="43.7345482" lon="6.5650485">
        <ele>1115.3</ele>
        <time>2026-07-18T13:32:04Z</time>
        <hdop>3</hdop>
        <extensions>
          <osmand:speed>1.2</osmand:speed>
        </extensions>
      </trkpt>
      <trkpt lat="43.7346004" lon="6.5650263">
        <ele>1115.5</ele>
        <time>2026-07-18T13:32:10Z</time>
        <hdop>3</hdop>
        <extensions>
          <osmand:speed>1.1</osmand:speed>
        </extensions>
      </trkpt>
      <trkpt lat="43.7346493" lon="6.5650056">
        <ele>1115.8</ele>
        <time>2026-07-18T13:32:15Z</time>
        <hdop>3</hdop>
        <extensions>
          <osmand:speed>1.1</osmand:speed>
        </extensions>
      </trkpt>
      <trkpt lat="43.7346983" lon="6.5649756">
        <ele>1116.1</ele>
        <time>2026-07-18T13:32:21Z</time>
        <hdop>3</hdop>
        <extensions>
          <osmand:speed>1.1</osmand:speed>
        </extensions>
      </trkpt>
      <trkpt lat="43.7347459" lon="6.5649506">
        <ele>1115.9</ele>
        <time>2026-07-18T13:32:26Z</time>
        <hdop>3</hdop>
        <extensions>
          <osmand:speed>1.2</osmand:speed>
        </extensions>
      </trkpt>
      <trkpt lat="43.7347894" lon="6.564917">
        <ele>1117.1</ele>
        <time>2026-07-18T13:32:31Z</time>
        <hdop>3.1</hdop>
        <extensions>
          <osmand:speed>0.9</osmand:speed>
        </extensions>
      </trkpt>
      <trkpt lat="43.7348323" lon="6.5648898">
        <ele>1116.9</ele>
        <time>2026-07-18T13:32:36Z</time>
        <hdop>3</hdop>
        <extensions>
          <osmand:speed>1.1</osmand:speed>
        </extensions>
      </trkpt>
      <trkpt lat="43.7348831" lon="6.5648522">
        <ele>1117.9</ele>
        <time>2026-07-18T13:32:41Z</time>
        <hdop>3.1</hdop>
        <extensions>
          <osmand:speed>1.1</osmand:speed>
        </extensions>
      </trkpt>
      <trkpt lat="43.7349304" lon="6.5647975">
        <ele>1117.8</ele>
        <time>2026-07-18T13:32:46Z</time>
        <hdop>3</hdop>
        <extensions>
          <osmand:speed>1.3</osmand:speed>
        </extensions>
      </trkpt>
      <trkpt lat="43.7349862" lon="6.564747">
        <ele>1116.6</ele>
        <time>2026-07-18T13:32:52Z</time>
        <hdop>3.1</hdop>
        <extensions>
          <osmand:speed>1.2</osmand:speed>
        </extensions>
      </trkpt>
      <trkpt lat="43.7350331" lon="6.5647094">
        <ele>1117.5</ele>
        <time>2026-07-18T13:32:57Z</time>
        <hdop>3</hdop>
        <extensions>
          <osmand:speed>1.2</osmand:speed>
        </extensions>
      </trkpt>
      <trkpt lat="43.7350874" lon="6.5646724">
        <ele>1117.7</ele>
        <time>2026-07-18T13:33:03Z</time>
        <hdop>3</hdop>
        <extensions>
          <osmand:speed>1.2</osmand:speed>
        </extensions>
      </trkpt>
      <trkpt lat="43.735145" lon="6.5646317">
        <ele>1117</ele>
        <time>2026-07-18T13:33:08Z</time>
        <hdop>3</hdop>
        <extensions>
          <osmand:speed>1.3</osmand:speed>
        </extensions>
      </trkpt>
      <trkpt lat="43.7352051" lon="6.5645808">
        <ele>1116.5</ele>
        <time>2026-07-18T13:33:13Z</time>
        <hdop>3</hdop>
        <extensions>
          <osmand:speed>1.2</osmand:speed>
        </extensions>
      </trkpt>
      <trkpt lat="43.7352605" lon="6.5645301">
        <ele>1116.4</ele>
        <time>2026-07-18T13:33:18Z</time>
        <hdop>3</hdop>
        <extensions>
          <osmand:speed>1.3</osmand:speed>
        </extensions>
      </trkpt>
      <trkpt lat="43.7353122" lon="6.5644908">
        <ele>1116.8</ele>
        <time>2026-07-18T13:33:23Z</time>
        <hdop>3</hdop>
        <extensions>
          <osmand:speed>1.3</osmand:speed>
        </extensions>
      </trkpt>
      <trkpt lat="43.735354" lon="6.5644668">
        <ele>1116.7</ele>
        <time>2026-07-18T13:33:28Z</time>
        <hdop>3</hdop>
        <extensions>
          <osmand:speed>1.1</osmand:speed>
        </extensions>
      </trkpt>
      <trkpt lat="43.7354109" lon="6.5644361">
        <ele>1116.9</ele>
        <time>2026-07-18T13:33:34Z</time>
        <hdop>3</hdop>
        <extensions>
          <osmand:speed>1.1</osmand:speed>
        </extensions>
      </trkpt>
      <trkpt lat="43.7354524" lon="6.5643934">
        <ele>1116.5</ele>
        <time>2026-07-18T13:33:39Z</time>
        <hdop>3</hdop>
        <extensions>
          <osmand:speed>1.1</osmand:speed>
        </extensions>
      </trkpt>
      <trkpt lat="43.7355089" lon="6.564385">
        <ele>1117</ele>
        <time>2026-07-18T13:33:44Z</time>
        <hdop>3.1</hdop>
        <extensions>
          <osmand:speed>1</osmand:speed>
        </extensions>
      </trkpt>
      <trkpt lat="43.7355554" lon="6.5643464">
        <ele>1117.3</ele>
        <time>2026-07-18T13:33:50Z</time>
        <hdop>3.3</hdop>
        <extensions>
          <osmand:speed>1.1</osmand:speed>
        </extensions>
      </trkpt>
      <trkpt lat="43.7356008" lon="6.5643176">
        <ele>1118.2</ele>
        <time>2026-07-18T13:33:55Z</time>
        <hdop>3</hdop>
        <extensions>
          <osmand:speed>1</osmand:speed>
        </extensions>
      </trkpt>
      <trkpt lat="43.7356487" lon="6.5642857">
        <ele>1119.2</ele>
        <time>2026-07-18T13:34:00Z</time>
        <hdop>3.1</hdop>
        <extensions>
          <osmand:speed>0.9</osmand:speed>
        </extensions>
      </trkpt>
      <trkpt lat="43.7356874" lon="6.5642757">
        <ele>1119.7</ele>
        <time>2026-07-18T13:34:06Z</time>
        <hdop>3</hdop>
        <extensions>
          <osmand:speed>0.7</osmand:speed>
        </extensions>
      </trkpt>
      <trkpt lat="43.7357229" lon="6.5642581">
        <ele>1120</ele>
        <time>2026-07-18T13:34:11Z</time>
        <hdop>3</hdop>
        <extensions>
          <osmand:speed>0.6</osmand:speed>
        </extensions>
      </trkpt>
      <trkpt lat="43.7357623" lon="6.5642273">
        <ele>1120.4</ele>
        <time>2026-07-18T13:34:16Z</time>
        <hdop>3</hdop>
        <extensions>
          <osmand:speed>0.8</osmand:speed>
        </extensions>
      </trkpt>
      <trkpt lat="43.7357953" lon="6.5642009">
        <ele>1122.1</ele>
        <time>2026-07-18T13:34:21Z</time>
        <hdop>3</hdop>
        <extensions>
          <osmand:speed>0.5</osmand:speed>
        </extensions>
      </trkpt>
      <trkpt lat="43.7358027" lon="6.5641945">
        <ele>1122.6</ele>
        <time>2026-07-18T13:34:26Z</time>
        <hdop>3</hdop>
        <extensions>
          <osmand:speed>0.4</osmand:speed>
        </extensions>
      </trkpt>
      <trkpt lat="43.7358335" lon="6.5641706">
        <ele>1122.8</ele>
        <time>2026-07-18T13:34:32Z</time>
        <hdop>3</hdop>
        <extensions>
          <osmand:speed>0.6</osmand:speed>
        </extensions>
      </trkpt>
      <trkpt lat="43.7358809" lon="6.5641443">
        <ele>1123.5</ele>
        <time>2026-07-18T13:34:37Z</time>
        <hdop>3</hdop>
        <extensions>
          <osmand:speed>0.9</osmand:speed>
        </extensions>
      </trkpt>
      <trkpt lat="43.7359185" lon="6.5640975">
        <ele>1123.3</ele>
        <time>2026-07-18T13:34:42Z</time>
        <hdop>3</hdop>
        <extensions>
          <osmand:speed>1</osmand:speed>
        </extensions>
      </trkpt>
      <trkpt lat="43.7359539" lon="6.5640439">
        <ele>1124.8</ele>
        <time>2026-07-18T13:34:48Z</time>
        <hdop>3</hdop>
        <extensions>
          <osmand:speed>0.9</osmand:speed>
        </extensions>
      </trkpt>
      <trkpt lat="43.7359939" lon="6.5640137">
        <ele>1124.9</ele>
        <time>2026-07-18T13:34:54Z</time>
        <hdop>3</hdop>
        <extensions>
          <osmand:speed>0.8</osmand:speed>
        </extensions>
      </trkpt>
      <trkpt lat="43.736017" lon="6.5640013">
        <ele>1125.4</ele>
        <time>2026-07-18T13:34:59Z</time>
        <hdop>3</hdop>
        <extensions>
          <osmand:speed>0.6</osmand:speed>
        </extensions>
      </trkpt>
      <trkpt lat="43.7360524" lon="6.5639635">
        <ele>1125.6</ele>
        <time>2026-07-18T13:35:04Z</time>
        <hdop>3</hdop>
        <extensions>
          <osmand:speed>0.8</osmand:speed>
        </extensions>
      </trkpt>
      <trkpt lat="43.7360972" lon="6.5639255">
        <ele>1126.3</ele>
        <time>2026-07-18T13:35:10Z</time>
        <hdop>3</hdop>
        <extensions>
          <osmand:speed>1</osmand:speed>
        </extensions>
      </trkpt>
      <trkpt lat="43.7361395" lon="6.5638914">
        <ele>1127</ele>
        <time>2026-07-18T13:35:15Z</time>
        <hdop>3</hdop>
        <extensions>
          <osmand:speed>1.1</osmand:speed>
        </extensions>
      </trkpt>
      <trkpt lat="43.7361763" lon="6.5638609">
        <ele>1127.1</ele>
        <time>2026-07-18T13:35:20Z</time>
        <hdop>3</hdop>
        <extensions>
          <osmand:speed>0.7</osmand:speed>
        </extensions>
      </trkpt>
      <trkpt lat="43.7362226" lon="6.5638312">
        <ele>1127.4</ele>
        <time>2026-07-18T13:35:25Z</time>
        <hdop>3</hdop>
        <extensions>
          <osmand:speed>1.1</osmand:speed>
        </extensions>
      </trkpt>
      <trkpt lat="43.7362765" lon="6.5637983">
        <ele>1127.2</ele>
        <time>2026-07-18T13:35:30Z</time>
        <hdop>3</hdop>
        <extensions>
          <osmand:speed>1</osmand:speed>
        </extensions>
      </trkpt>
      <trkpt lat="43.7363417" lon="6.5637689">
        <ele>1127</ele>
        <time>2026-07-18T13:35:35Z</time>
        <hdop>3</hdop>
        <extensions>
          <osmand:speed>1.2</osmand:speed>
        </extensions>
      </trkpt>
      <trkpt lat="43.7364016" lon="6.5637416">
        <ele>1128.3</ele>
        <time>2026-07-18T13:35:41Z</time>
        <hdop>3</hdop>
        <extensions>
          <osmand:speed>1.1</osmand:speed>
        </extensions>
      </trkpt>
      <trkpt lat="43.7364128" lon="6.563738">
        <ele>1128.6</ele>
        <time>2026-07-18T13:35:46Z</time>
        <hdop>3</hdop>
        <extensions>
          <osmand:speed>0.1</osmand:speed>
        </extensions>
      </trkpt>
      <trkpt lat="43.7364181" lon="6.5637451">
        <ele>1128.4</ele>
        <time>2026-07-18T13:35:52Z</time>
        <hdop>3</hdop>
        <extensions>
          <osmand:speed>0.2</osmand:speed>
        </extensions>
      </trkpt>
      <trkpt lat="43.736517" lon="6.5637502">
        <ele>1128.2</ele>
        <time>2026-07-18T13:35:57Z</time>
        <hdop>3</hdop>
        <extensions>
          <osmand:speed>1.2</osmand:speed>
        </extensions>
      </trkpt>
      <trkpt lat="43.7365781" lon="6.5637511">
        <ele>1127.8</ele>
        <time>2026-07-18T13:36:03Z</time>
        <hdop>3</hdop>
        <extensions>
          <osmand:speed>1.1</osmand:speed>
        </extensions>
      </trkpt>
      <trkpt lat="43.7366369" lon="6.5637417">
        <ele>1128.4</ele>
        <time>2026-07-18T13:36:08Z</time>
        <hdop>3.1</hdop>
        <extensions>
          <osmand:speed>1.2</osmand:speed>
        </extensions>
      </trkpt>
      <trkpt lat="43.7367" lon="6.5637309">
        <ele>1128.7</ele>
        <time>2026-07-18T13:36:13Z</time>
        <hdop>3.5</hdop>
        <extensions>
          <osmand:speed>1</osmand:speed>
        </extensions>
      </trkpt>
      <trkpt lat="43.7367584" lon="6.5637057">
        <ele>1128.4</ele>
        <time>2026-07-18T13:36:18Z</time>
        <hdop>3.3</hdop>
        <extensions>
          <osmand:speed>1.2</osmand:speed>
        </extensions>
      </trkpt>
      <trkpt lat="43.7368132" lon="6.563677">
        <ele>1129.1</ele>
        <time>2026-07-18T13:36:23Z</time>
        <hdop>3.1</hdop>
        <extensions>
          <osmand:speed>1.3</osmand:speed>
        </extensions>
      </trkpt>
      <trkpt lat="43.7368728" lon="6.5636698">
        <ele>1128.8</ele>
        <time>2026-07-18T13:36:29Z</time>
        <hdop>3</hdop>
        <extensions>
          <osmand:speed>1.1</osmand:speed>
        </extensions>
      </trkpt>
      <trkpt lat="43.7369011" lon="6.5636571">
        <ele>1130.4</ele>
        <time>2026-07-18T13:36:35Z</time>
        <hdop>3</hdop>
        <extensions>
          <osmand:speed>0.2</osmand:speed>
        </extensions>
      </trkpt>
      <trkpt lat="43.7368974" lon="6.5636742">
        <ele>1130.5</ele>
        <time>2026-07-18T13:36:40Z</time>
        <hdop>3</hdop>
        <extensions>
          <osmand:speed>0.1</osmand:speed>
        </extensions>
      </trkpt>
      <trkpt lat="43.7368966" lon="6.5636815">
        <ele>1130.1</ele>
        <time>2026-07-18T13:36:46Z</time>
        <hdop>3</hdop>
        <extensions>
          <osmand:speed>0.1</osmand:speed>
        </extensions>
      </trkpt>
      <trkpt lat="43.736937" lon="6.5636852">
        <ele>1130.8</ele>
        <time>2026-07-18T13:36:52Z</time>
        <hdop>3</hdop>
        <extensions>
          <osmand:speed>0.8</osmand:speed>
        </extensions>
      </trkpt>
      <trkpt lat="43.736992" lon="6.563655">
        <ele>1131.7</ele>
        <time>2026-07-18T13:36:57Z</time>
        <hdop>3</hdop>
        <extensions>
          <osmand:speed>1</osmand:speed>
        </extensions>
      </trkpt>
      <trkpt lat="43.7370333" lon="6.5636224">
        <ele>1132.7</ele>
        <time>2026-07-18T13:37:02Z</time>
        <hdop>3</hdop>
        <extensions>
          <osmand:speed>0.9</osmand:speed>
        </extensions>
      </trkpt>
      <trkpt lat="43.7370776" lon="6.5635844">
        <ele>1133</ele>
        <time>2026-07-18T13:37:08Z</time>
        <hdop>3</hdop>
        <extensions>
          <osmand:speed>0.8</osmand:speed>
        </extensions>
      </trkpt>
      <trkpt lat="43.7371326" lon="6.5635532">
        <ele>1134.8</ele>
        <time>2026-07-18T13:37:13Z</time>
        <hdop>3</hdop>
        <extensions>
          <osmand:speed>1.1</osmand:speed>
        </extensions>
      </trkpt>
      <trkpt lat="43.7371768" lon="6.5635293">
        <ele>1135.3</ele>
        <time>2026-07-18T13:37:19Z</time>
        <hdop>3</hdop>
        <extensions>
          <osmand:speed>1</osmand:speed>
        </extensions>
      </trkpt>
      <trkpt lat="43.7372004" lon="6.5635018">
        <ele>1135.7</ele>
        <time>2026-07-18T13:37:24Z</time>
        <hdop>3</hdop>
        <extensions>
          <osmand:speed>0.6</osmand:speed>
        </extensions>
      </trkpt>
      <trkpt lat="43.7372495" lon="6.5634813">
        <ele>1136.5</ele>
        <time>2026-07-18T13:37:30Z</time>
        <hdop>3</hdop>
        <extensions>
          <osmand:speed>0.8</osmand:speed>
        </extensions>
      </trkpt>
      <trkpt lat="43.7372906" lon="6.5634398">
        <ele>1137.3</ele>
        <time>2026-07-18T13:37:35Z</time>
        <hdop>3</hdop>
        <extensions>
          <osmand:speed>0.9</osmand:speed>
        </extensions>
      </trkpt>
      <trkpt lat="43.737328" lon="6.5634061">
        <ele>1138.4</ele>
        <time>2026-07-18T13:37:40Z</time>
        <hdop>3</hdop>
        <extensions>
          <osmand:speed>1</osmand:speed>
        </extensions>
      </trkpt>
      <trkpt lat="43.7373798" lon="6.5633636">
        <ele>1138.8</ele>
        <time>2026-07-18T13:37:46Z</time>
        <hdop>3</hdop>
        <extensions>
          <osmand:speed>1.2</osmand:speed>
        </extensions>
      </trkpt>
      <trkpt lat="43.737432" lon="6.563331">
        <ele>1139.6</ele>
        <time>2026-07-18T13:37:51Z</time>
        <hdop>3</hdop>
        <extensions>
          <osmand:speed>1.3</osmand:speed>
        </extensions>
      </trkpt>
      <trkpt lat="43.7374816" lon="6.5633076">
        <ele>1140.4</ele>
        <time>2026-07-18T13:37:56Z</time>
        <hdop>3</hdop>
        <extensions>
          <osmand:speed>1.1</osmand:speed>
        </extensions>
      </trkpt>
      <trkpt lat="43.7375223" lon="6.5632815">
        <ele>1141.8</ele>
        <time>2026-07-18T13:38:01Z</time>
        <hdop>3</hdop>
        <extensions>
          <osmand:speed>0.9</osmand:speed>
        </extensions>
      </trkpt>
      <trkpt lat="43.7375644" lon="6.5632719">
        <ele>1142.5</ele>
        <time>2026-07-18T13:38:07Z</time>
        <hdop>3</hdop>
        <extensions>
          <osmand:speed>0.9</osmand:speed>
        </extensions>
      </trkpt>
      <trkpt lat="43.737611" lon="6.5632561">
        <ele>1143</ele>
        <time>2026-07-18T13:38:12Z</time>
        <hdop>3</hdop>
        <extensions>
          <osmand:speed>1</osmand:speed>
        </extensions>
      </trkpt>
      <trkpt lat="43.7376544" lon="6.5632263">
        <ele>1143.6</ele>
        <time>2026-07-18T13:38:17Z</time>
        <hdop>3</hdop>
        <extensions>
          <osmand:speed>1.2</osmand:speed>
        </extensions>
      </trkpt>
      <trkpt lat="43.7376984" lon="6.5632014">
        <ele>1144.5</ele>
        <time>2026-07-18T13:38:22Z</time>
        <hdop>3</hdop>
        <extensions>
          <osmand:speed>1</osmand:speed>
        </extensions>
      </trkpt>
      <trkpt lat="43.7377306" lon="6.5631672">
        <ele>1145.1</ele>
        <time>2026-07-18T13:38:27Z</time>
        <hdop>3</hdop>
        <extensions>
          <osmand:speed>0.8</osmand:speed>
        </extensions>
      </trkpt>
      <trkpt lat="43.737764" lon="6.563141">
        <ele>1146.2</ele>
        <time>2026-07-18T13:38:33Z</time>
        <hdop>3</hdop>
        <extensions>
          <osmand:speed>0.7</osmand:speed>
        </extensions>
      </trkpt>
      <trkpt lat="43.7377975" lon="6.5631144">
        <ele>1146.7</ele>
        <time>2026-07-18T13:38:38Z</time>
        <hdop>3</hdop>
        <extensions>
          <osmand:speed>0.8</osmand:speed>
        </extensions>
      </trkpt>
      <trkpt lat="43.7378375" lon="6.563073">
        <ele>1147.8</ele>
        <time>2026-07-18T13:38:43Z</time>
        <hdop>3</hdop>
        <extensions>
          <osmand:speed>0.9</osmand:speed>
        </extensions>
      </trkpt>
      <trkpt lat="43.7378725" lon="6.5630211">
        <ele>1148.7</ele>
        <time>2026-07-18T13:38:49Z</time>
        <hdop>3</hdop>
        <extensions>
          <osmand:speed>1.1</osmand:speed>
        </extensions>
      </trkpt>
      <trkpt lat="43.7379044" lon="6.5629552">
        <ele>1149.9</ele>
        <time>2026-07-18T13:38:54Z</time>
        <hdop>3</hdop>
        <extensions>
          <osmand:speed>1.1</osmand:speed>
        </extensions>
      </trkpt>
      <trkpt lat="43.7379434" lon="6.5629109">
        <ele>1150.5</ele>
        <time>2026-07-18T13:39:00Z</time>
        <hdop>3</hdop>
        <extensions>
          <osmand:speed>1</osmand:speed>
        </extensions>
      </trkpt>
      <trkpt lat="43.7379706" lon="6.562872">
        <ele>1150.6</ele>
        <time>2026-07-18T13:39:05Z</time>
        <hdop>3</hdop>
        <extensions>
          <osmand:speed>0.9</osmand:speed>
        </extensions>
      </trkpt>
      <trkpt lat="43.7379998" lon="6.5628366">
        <ele>1151.1</ele>
        <time>2026-07-18T13:39:11Z</time>
        <hdop>3</hdop>
        <extensions>
          <osmand:speed>1.1</osmand:speed>
        </extensions>
      </trkpt>
      <trkpt lat="43.7380304" lon="6.5628051">
        <ele>1152.3</ele>
        <time>2026-07-18T13:39:16Z</time>
        <hdop>3.1</hdop>
        <extensions>
          <osmand:speed>1</osmand:speed>
        </extensions>
      </trkpt>
      <trkpt lat="43.7380656" lon="6.5627555">
        <ele>1153.3</ele>
        <time>2026-07-18T13:39:21Z</time>
        <hdop>3.1</hdop>
        <extensions>
          <osmand:speed>1.1</osmand:speed>
        </extensions>
      </trkpt>
      <trkpt lat="43.738092" lon="6.5627232">
        <ele>1154.1</ele>
        <time>2026-07-18T13:39:26Z</time>
        <hdop>3</hdop>
        <extensions>
          <osmand:speed>0.7</osmand:speed>
        </extensions>
      </trkpt>
      <trkpt lat="43.7381286" lon="6.5626833">
        <ele>1154.4</ele>
        <time>2026-07-18T13:39:31Z</time>
        <hdop>3.3</hdop>
        <extensions>
          <osmand:speed>0.9</osmand:speed>
        </extensions>
      </trkpt>
      <trkpt lat="43.7381703" lon="6.5626483">
        <ele>1155</ele>
        <time>2026-07-18T13:39:37Z</time>
        <hdop>3.5</hdop>
        <extensions>
          <osmand:speed>1.1</osmand:speed>
        </extensions>
      </trkpt>
      <trkpt lat="43.7382088" lon="6.5625954">
        <ele>1156.5</ele>
        <time>2026-07-18T13:39:42Z</time>
        <hdop>3.1</hdop>
        <extensions>
          <osmand:speed>1.1</osmand:speed>
        </extensions>
      </trkpt>
      <trkpt lat="43.7382433" lon="6.5625489">
        <ele>1157</ele>
        <time>2026-07-18T13:39:47Z</time>
        <hdop>3.1</hdop>
        <extensions>
          <osmand:speed>0.9</osmand:speed>
        </extensions>
      </trkpt>
      <trkpt lat="43.7382691" lon="6.5625202">
        <ele>1158.2</ele>
        <time>2026-07-18T13:39:52Z</time>
        <hdop>3</hdop>
        <extensions>
          <osmand:speed>0.8</osmand:speed>
        </extensions>
      </trkpt>
      <trkpt lat="43.7382991" lon="6.5625228">
        <ele>1158.8</ele>
        <time>2026-07-18T13:39:58Z</time>
        <hdop>3</hdop>
        <extensions>
          <osmand:speed>0.5</osmand:speed>
        </extensions>
      </trkpt>
      <trkpt lat="43.7383571" lon="6.5625116">
        <ele>1159.7</ele>
        <time>2026-07-18T13:40:03Z</time>
        <hdop>3</hdop>
        <extensions>
          <osmand:speed>1.1</osmand:speed>
        </extensions>
      </trkpt>
      <trkpt lat="43.7383959" lon="6.5624697">
        <ele>1160.2</ele>
        <time>2026-07-18T13:40:08Z</time>
        <hdop>3</hdop>
        <extensions>
          <osmand:speed>1</osmand:speed>
        </extensions>
      </trkpt>
      <trkpt lat="43.7384353" lon="6.5624438">
        <ele>1160.5</ele>
        <time>2026-07-18T13:40:14Z</time>
        <hdop>3</hdop>
        <extensions>
          <osmand:speed>0.9</osmand:speed>
        </extensions>
      </trkpt>
      <trkpt lat="43.7384748" lon="6.5624496">
        <ele>1161.4</ele>
        <time>2026-07-18T13:40:19Z</time>
        <hdop>3</hdop>
        <extensions>
          <osmand:speed>1</osmand:speed>
        </extensions>
      </trkpt>
      <trkpt lat="43.7385155" lon="6.5624698">
        <ele>1162</ele>
        <time>2026-07-18T13:40:24Z</time>
        <hdop>3</hdop>
        <extensions>
          <osmand:speed>0.7</osmand:speed>
        </extensions>
      </trkpt>
      <trkpt lat="43.7385572" lon="6.5625174">
        <ele>1162.4</ele>
        <time>2026-07-18T13:40:30Z</time>
        <hdop>3.1</hdop>
        <extensions>
          <osmand:speed>0.9</osmand:speed>
        </extensions>
      </trkpt>
      <trkpt lat="43.7385854" lon="6.5626092">
        <ele>1163.1</ele>
        <time>2026-07-18T13:40:35Z</time>
        <hdop>3</hdop>
        <extensions>
          <osmand:speed>1.1</osmand:speed>
        </extensions>
      </trkpt>
      <trkpt lat="43.7386246" lon="6.5626549">
        <ele>1163</ele>
        <time>2026-07-18T13:40:40Z</time>
        <hdop>3</hdop>
        <extensions>
          <osmand:speed>0.9</osmand:speed>
        </extensions>
      </trkpt>
      <trkpt lat="43.738678" lon="6.5626349">
        <ele>1163.3</ele>
        <time>2026-07-18T13:40:45Z</time>
        <hdop>3</hdop>
        <extensions>
          <osmand:speed>0.8</osmand:speed>
        </extensions>
      </trkpt>
      <trkpt lat="43.7387222" lon="6.5626175">
        <ele>1163.9</ele>
        <time>2026-07-18T13:40:51Z</time>
        <hdop>3</hdop>
        <extensions>
          <osmand:speed>1.1</osmand:speed>
        </extensions>
      </trkpt>
      <trkpt lat="43.7387784" lon="6.562606">
        <ele>1164.9</ele>
        <time>2026-07-18T13:40:56Z</time>
        <hdop>3</hdop>
        <extensions>
          <osmand:speed>1.2</osmand:speed>
        </extensions>
      </trkpt>
      <trkpt lat="43.7388374" lon="6.5626237">
        <ele>1166.9</ele>
        <time>2026-07-18T13:41:01Z</time>
        <hdop>3</hdop>
        <extensions>
          <osmand:speed>1</osmand:speed>
        </extensions>
      </trkpt>
      <trkpt lat="43.7388724" lon="6.5626433">
        <ele>1167</ele>
        <time>2026-07-18T13:41:07Z</time>
        <hdop>3</hdop>
        <extensions>
          <osmand:speed>0.9</osmand:speed>
        </extensions>
      </trkpt>
      <trkpt lat="43.7388913" lon="6.5626499">
        <ele>1167.1</ele>
        <time>2026-07-18T13:41:12Z</time>
        <hdop>3</hdop>
        <extensions>
          <osmand:speed>0.5</osmand:speed>
        </extensions>
      </trkpt>
      <trkpt lat="43.7388866" lon="6.5626482">
        <ele>1168</ele>
        <time>2026-07-18T13:41:17Z</time>
        <hdop>3</hdop>
        <extensions>
          <osmand:speed>0.1</osmand:speed>
        </extensions>
      </trkpt>
      <trkpt lat="43.7388883" lon="6.562651">
        <ele>1168.7</ele>
        <time>2026-07-18T13:41:22Z</time>
        <hdop>3</hdop>
        <extensions>
          <osmand:speed>0.1</osmand:speed>
        </extensions>
      </trkpt>
      <trkpt lat="43.738889" lon="6.5626528">
        <ele>1168.6</ele>
        <time>2026-07-18T13:41:27Z</time>
        <hdop>3</hdop>
        <extensions>
          <osmand:speed>0.2</osmand:speed>
        </extensions>
      </trkpt>
      <trkpt lat="43.7389326" lon="6.562674">
        <ele>1168.3</ele>
        <time>2026-07-18T13:41:33Z</time>
        <hdop>3</hdop>
        <extensions>
          <osmand:speed>0.8</osmand:speed>
        </extensions>
      </trkpt>
      <trkpt lat="43.7389864" lon="6.5627371">
        <ele>1168.2</ele>
        <time>2026-07-18T13:41:38Z</time>
        <hdop>3.3</hdop>
        <extensions>
          <osmand:speed>1.1</osmand:speed>
        </extensions>
      </trkpt>
      <trkpt lat="43.7390574" lon="6.5627688">
        <ele>1169.1</ele>
        <time>2026-07-18T13:41:43Z</time>
        <hdop>3.1</hdop>
        <extensions>
          <osmand:speed>1.2</osmand:speed>
        </extensions>
      </trkpt>
      <trkpt lat="43.7391147" lon="6.562747">
        <ele>1170.4</ele>
        <time>2026-07-18T13:41:49Z</time>
        <hdop>3.1</hdop>
        <extensions>
          <osmand:speed>1</osmand:speed>
        </extensions>
      </trkpt>
      <trkpt lat="43.7391637" lon="6.5627493">
        <ele>1170.8</ele>
        <time>2026-07-18T13:41:55Z</time>
        <hdop>3</hdop>
        <extensions>
          <osmand:speed>1</osmand:speed>
        </extensions>
      </trkpt>
      <trkpt lat="43.7392099" lon="6.5627584">
        <ele>1171.3</ele>
        <time>2026-07-18T13:42:00Z</time>
        <hdop>3</hdop>
        <extensions>
          <osmand:speed>1.1</osmand:speed>
        </extensions>
      </trkpt>
      <trkpt lat="43.7392678" lon="6.5627935">
        <ele>1171.8</ele>
        <time>2026-07-18T13:42:06Z</time>
        <hdop>3</hdop>
        <extensions>
          <osmand:speed>1.2</osmand:speed>
        </extensions>
      </trkpt>
      <trkpt lat="43.7393083" lon="6.5628386">
        <ele>1172.2</ele>
        <time>2026-07-18T13:42:11Z</time>
        <hdop>3</hdop>
        <extensions>
          <osmand:speed>0.9</osmand:speed>
        </extensions>
      </trkpt>
      <trkpt lat="43.7393517" lon="6.5628595">
        <ele>1172.4</ele>
        <time>2026-07-18T13:42:17Z</time>
        <hdop>3</hdop>
        <extensions>
          <osmand:speed>1</osmand:speed>
        </extensions>
      </trkpt>
      <trkpt lat="43.739388" lon="6.5628732">
        <ele>1173.5</ele>
        <time>2026-07-18T13:42:22Z</time>
        <hdop>3</hdop>
        <extensions>
          <osmand:speed>0.9</osmand:speed>
        </extensions>
      </trkpt>
      <trkpt lat="43.7394274" lon="6.5629187">
        <ele>1173.9</ele>
        <time>2026-07-18T13:42:28Z</time>
        <hdop>3</hdop>
        <extensions>
          <osmand:speed>1.1</osmand:speed>
        </extensions>
      </trkpt>
      <trkpt lat="43.7394648" lon="6.5629641">
        <ele>1174.4</ele>
        <time>2026-07-18T13:42:33Z</time>
        <hdop>3</hdop>
        <extensions>
          <osmand:speed>1.1</osmand:speed>
        </extensions>
      </trkpt>
      <trkpt lat="43.7395172" lon="6.5629935">
        <ele>1174.8</ele>
        <time>2026-07-18T13:42:38Z</time>
        <hdop>3</hdop>
        <extensions>
          <osmand:speed>1</osmand:speed>
        </extensions>
      </trkpt>
      <trkpt lat="43.7395742" lon="6.5630212">
        <ele>1175.5</ele>
        <time>2026-07-18T13:42:44Z</time>
        <hdop>3</hdop>
        <extensions>
          <osmand:speed>1.2</osmand:speed>
        </extensions>
      </trkpt>
      <trkpt lat="43.7396268" lon="6.5630782">
        <ele>1176.5</ele>
        <time>2026-07-18T13:42:49Z</time>
        <hdop>3</hdop>
        <extensions>
          <osmand:speed>1.3</osmand:speed>
        </extensions>
      </trkpt>
      <trkpt lat="43.7396694" lon="6.5631368">
        <ele>1176.9</ele>
        <time>2026-07-18T13:42:55Z</time>
        <hdop>3</hdop>
        <extensions>
          <osmand:speed>1.2</osmand:speed>
        </extensions>
      </trkpt>
      <trkpt lat="43.7397162" lon="6.563177">
        <ele>1177.3</ele>
        <time>2026-07-18T13:43:00Z</time>
        <hdop>3</hdop>
        <extensions>
          <osmand:speed>1.1</osmand:speed>
        </extensions>
      </trkpt>
      <trkpt lat="43.7397516" lon="6.5632184">
        <ele>1177.7</ele>
        <time>2026-07-18T13:43:05Z</time>
        <hdop>3</hdop>
        <extensions>
          <osmand:speed>1.1</osmand:speed>
        </extensions>
      </trkpt>
      <trkpt lat="43.7397994" lon="6.563261">
        <ele>1178.8</ele>
        <time>2026-07-18T13:43:10Z</time>
        <hdop>3</hdop>
        <extensions>
          <osmand:speed>1.2</osmand:speed>
        </extensions>
      </trkpt>
      <trkpt lat="43.7398546" lon="6.5632964">
        <ele>1179.4</ele>
        <time>2026-07-18T13:43:15Z</time>
        <hdop>3</hdop>
        <extensions>
          <osmand:speed>1.2</osmand:speed>
        </extensions>
      </trkpt>
      <trkpt lat="43.7399084" lon="6.5633569">
        <ele>1180.9</ele>
        <time>2026-07-18T13:43:21Z</time>
        <hdop>3</hdop>
        <extensions>
          <osmand:speed>1.1</osmand:speed>
        </extensions>
      </trkpt>
      <trkpt lat="43.7399492" lon="6.5633604">
        <ele>1181.6</ele>
        <time>2026-07-18T13:43:27Z</time>
        <hdop>3.1</hdop>
        <extensions>
          <osmand:speed>1.2</osmand:speed>
        </extensions>
      </trkpt>
      <trkpt lat="43.7399969" lon="6.5633194">
        <ele>1181.3</ele>
        <time>2026-07-18T13:43:32Z</time>
        <hdop>3</hdop>
        <extensions>
          <osmand:speed>0.9</osmand:speed>
        </extensions>
      </trkpt>
      <trkpt lat="43.7400185" lon="6.5633158">
        <ele>1182.3</ele>
        <time>2026-07-18T13:43:38Z</time>
        <hdop>3</hdop>
        <extensions>
          <osmand:speed>0.6</osmand:speed>
        </extensions>
      </trkpt>
      <trkpt lat="43.7400149" lon="6.5633351">
        <ele>1182.3</ele>
        <time>2026-07-18T13:43:43Z</time>
        <hdop>3</hdop>
        <extensions>
          <osmand:speed>0.1</osmand:speed>
        </extensions>
      </trkpt>
      <trkpt lat="43.7400121" lon="6.5633407">
        <ele>1182.6</ele>
        <time>2026-07-18T13:43:49Z</time>
        <hdop>3</hdop>
        <extensions>
          <osmand:speed>0.1</osmand:speed>
        </extensions>
      </trkpt>
      <trkpt lat="43.7400139" lon="6.5633492">
        <ele>1182</ele>
        <time>2026-07-18T13:43:54Z</time>
        <hdop>3</hdop>
        <extensions>
          <osmand:speed>0.1</osmand:speed>
        </extensions>
      </trkpt>
      <trkpt lat="43.7400131" lon="6.5633505">
        <ele>1181.8</ele>
        <time>2026-07-18T13:43:59Z</time>
        <hdop>3</hdop>
        <extensions>
          <osmand:speed>0.1</osmand:speed>
        </extensions>
      </trkpt>
      <trkpt lat="43.7400137" lon="6.5633515">
        <ele>1181.7</ele>
        <time>2026-07-18T13:44:05Z</time>
        <hdop>3</hdop>
        <extensions>
          <osmand:speed>0</osmand:speed>
        </extensions>
      </trkpt>
      <trkpt lat="43.740013" lon="6.5633527">
        <ele>1182.2</ele>
        <time>2026-07-18T13:44:11Z</time>
        <hdop>3</hdop>
        <extensions>
          <osmand:speed>0.1</osmand:speed>
        </extensions>
      </trkpt>
      <trkpt lat="43.7400123" lon="6.5633537">
        <ele>1181.9</ele>
        <time>2026-07-18T13:44:17Z</time>
        <hdop>3</hdop>
        <extensions>
          <osmand:speed>0.1</osmand:speed>
        </extensions>
      </trkpt>
      <trkpt lat="43.7400118" lon="6.5633548">
        <ele>1181.9</ele>
        <time>2026-07-18T13:44:22Z</time>
        <hdop>3</hdop>
        <extensions>
          <osmand:speed>0.1</osmand:speed>
        </extensions>
      </trkpt>
      <trkpt lat="43.7400115" lon="6.5633551">
        <ele>1181.9</ele>
        <time>2026-07-18T13:44:27Z</time>
        <hdop>3</hdop>
        <extensions>
          <osmand:speed>0.1</osmand:speed>
        </extensions>
      </trkpt>
      <trkpt lat="43.7400115" lon="6.5633551">
        <ele>1181.6</ele>
        <time>2026-07-18T13:44:33Z</time>
        <hdop>3</hdop>
        <extensions>
          <osmand:speed>0.1</osmand:speed>
        </extensions>
      </trkpt>
      <trkpt lat="43.7400119" lon="6.5633559">
        <ele>1182.2</ele>
        <time>2026-07-18T13:44:38Z</time>
        <hdop>3</hdop>
        <extensions>
          <osmand:speed>0.1</osmand:speed>
        </extensions>
      </trkpt>
      <trkpt lat="43.7400125" lon="6.5633564">
        <ele>1182.2</ele>
        <time>2026-07-18T13:44:43Z</time>
        <hdop>3</hdop>
        <extensions>
          <osmand:speed>0.1</osmand:speed>
        </extensions>
      </trkpt>
      <trkpt lat="43.7400133" lon="6.5633568">
        <ele>1182.3</ele>
        <time>2026-07-18T13:44:49Z</time>
        <hdop>3</hdop>
        <extensions>
          <osmand:speed>0.1</osmand:speed>
        </extensions>
      </trkpt>
      <trkpt lat="43.7400139" lon="6.5633574">
        <ele>1181.9</ele>
        <time>2026-07-18T13:44:55Z</time>
        <hdop>3</hdop>
        <extensions>
          <osmand:speed>0.1</osmand:speed>
        </extensions>
      </trkpt>
      <trkpt lat="43.7400144" lon="6.5633574">
        <ele>1182.1</ele>
        <time>2026-07-18T13:45:01Z</time>
        <hdop>3</hdop>
        <extensions>
          <osmand:speed>0.1</osmand:speed>
        </extensions>
      </trkpt>
      <trkpt lat="43.7400149" lon="6.563357">
        <ele>1182.4</ele>
        <time>2026-07-18T13:45:06Z</time>
        <hdop>3</hdop>
        <extensions>
          <osmand:speed>0.1</osmand:speed>
        </extensions>
      </trkpt>
      <trkpt lat="43.7400154" lon="6.5633562">
        <ele>1182.5</ele>
        <time>2026-07-18T13:45:12Z</time>
        <hdop>3</hdop>
        <extensions>
          <osmand:speed>0.1</osmand:speed>
        </extensions>
      </trkpt>
      <trkpt lat="43.7400157" lon="6.5633559">
        <ele>1182.2</ele>
        <time>2026-07-18T13:45:18Z</time>
        <hdop>3</hdop>
        <extensions>
          <osmand:speed>0.1</osmand:speed>
        </extensions>
      </trkpt>
      <trkpt lat="43.7400157" lon="6.563355">
        <ele>1182.1</ele>
        <time>2026-07-18T13:45:24Z</time>
        <hdop>3</hdop>
        <extensions>
          <osmand:speed>0.1</osmand:speed>
        </extensions>
      </trkpt>
      <trkpt lat="43.7400162" lon="6.5633547">
        <ele>1182.4</ele>
        <time>2026-07-18T13:45:29Z</time>
        <hdop>3</hdop>
        <extensions>
          <osmand:speed>0.1</osmand:speed>
        </extensions>
      </trkpt>
      <trkpt lat="43.7400165" lon="6.5633542">
        <ele>1182.8</ele>
        <time>2026-07-18T13:45:36Z</time>
        <hdop>3</hdop>
        <extensions>
          <osmand:speed>0.1</osmand:speed>
        </extensions>
      </trkpt>
      <trkpt lat="43.7400168" lon="6.5633534">
        <ele>1182.6</ele>
        <time>2026-07-18T13:45:41Z</time>
        <hdop>3</hdop>
        <extensions>
          <osmand:speed>0.1</osmand:speed>
        </extensions>
      </trkpt>
      <trkpt lat="43.7400169" lon="6.5633525">
        <ele>1182.3</ele>
        <time>2026-07-18T13:45:47Z</time>
        <hdop>3</hdop>
        <extensions>
          <osmand:speed>0.1</osmand:speed>
        </extensions>
      </trkpt>
      <trkpt lat="43.7400166" lon="6.563352">
        <ele>1182.2</ele>
        <time>2026-07-18T13:45:53Z</time>
        <hdop>3</hdop>
        <extensions>
          <osmand:speed>0.1</osmand:speed>
        </extensions>
      </trkpt>
      <trkpt lat="43.7400166" lon="6.5633521">
        <ele>1182.5</ele>
        <time>2026-07-18T13:45:59Z</time>
        <hdop>3</hdop>
        <extensions>
          <osmand:speed>0.1</osmand:speed>
        </extensions>
      </trkpt>
      <trkpt lat="43.7400164" lon="6.5633522">
        <ele>1182.7</ele>
        <time>2026-07-18T13:46:04Z</time>
        <hdop>3</hdop>
        <extensions>
          <osmand:speed>0.1</osmand:speed>
        </extensions>
      </trkpt>
      <trkpt lat="43.740016" lon="6.5633528">
        <ele>1182.5</ele>
        <time>2026-07-18T13:46:10Z</time>
        <hdop>3</hdop>
        <extensions>
          <osmand:speed>0.1</osmand:speed>
        </extensions>
      </trkpt>
      <trkpt lat="43.7400154" lon="6.5633539">
        <ele>1182.3</ele>
        <time>2026-07-18T13:46:16Z</time>
        <hdop>3</hdop>
        <extensions>
          <osmand:speed>0.1</osmand:speed>
        </extensions>
      </trkpt>
      <trkpt lat="43.740014" lon="6.5633544">
        <ele>1182.4</ele>
        <time>2026-07-18T13:46:22Z</time>
        <hdop>3</hdop>
        <extensions>
          <osmand:speed>0.1</osmand:speed>
        </extensions>
      </trkpt>
      <trkpt lat="43.7400131" lon="6.5633554">
        <ele>1182.2</ele>
        <time>2026-07-18T13:46:27Z</time>
        <hdop>3</hdop>
        <extensions>
          <osmand:speed>0.1</osmand:speed>
        </extensions>
      </trkpt>
      <trkpt lat="43.7400124" lon="6.5633573">
        <ele>1182.7</ele>
        <time>2026-07-18T13:46:33Z</time>
        <hdop>3</hdop>
        <extensions>
          <osmand:speed>0.1</osmand:speed>
        </extensions>
      </trkpt>
      <trkpt lat="43.7400122" lon="6.563359">
        <ele>1182.5</ele>
        <time>2026-07-18T13:46:39Z</time>
        <hdop>3</hdop>
        <extensions>
          <osmand:speed>0.1</osmand:speed>
        </extensions>
      </trkpt>
      <trkpt lat="43.7400124" lon="6.5633601">
        <ele>1182.7</ele>
        <time>2026-07-18T13:46:44Z</time>
        <hdop>3</hdop>
        <extensions>
          <osmand:speed>0.1</osmand:speed>
        </extensions>
      </trkpt>
      <trkpt lat="43.7400123" lon="6.5633613">
        <ele>1181.9</ele>
        <time>2026-07-18T13:46:51Z</time>
        <hdop>3</hdop>
        <extensions>
          <osmand:speed>0.1</osmand:speed>
        </extensions>
      </trkpt>
      <trkpt lat="43.7400122" lon="6.5633614">
        <ele>1182</ele>
        <time>2026-07-18T13:46:56Z</time>
        <hdop>3</hdop>
        <extensions>
          <osmand:speed>0.1</osmand:speed>
        </extensions>
      </trkpt>
      <trkpt lat="43.7400122" lon="6.5633617">
        <ele>1182.8</ele>
        <time>2026-07-18T13:47:02Z</time>
        <hdop>3</hdop>
        <extensions>
          <osmand:speed>0.1</osmand:speed>
        </extensions>
      </trkpt>
      <trkpt lat="43.7400115" lon="6.5633624">
        <ele>1182.7</ele>
        <time>2026-07-18T13:47:08Z</time>
        <hdop>3</hdop>
        <extensions>
          <osmand:speed>0.1</osmand:speed>
        </extensions>
      </trkpt>
      <trkpt lat="43.7400112" lon="6.5633628">
        <ele>1182.8</ele>
        <time>2026-07-18T13:47:13Z</time>
        <hdop>3</hdop>
        <extensions>
          <osmand:speed>0.1</osmand:speed>
        </extensions>
      </trkpt>
      <trkpt lat="43.740011" lon="6.5633626">
        <ele>1182.1</ele>
        <time>2026-07-18T13:47:18Z</time>
        <hdop>3</hdop>
        <extensions>
          <osmand:speed>0.1</osmand:speed>
        </extensions>
      </trkpt>
      <trkpt lat="43.7400105" lon="6.5633621">
        <ele>1182.6</ele>
        <time>2026-07-18T13:47:23Z</time>
        <hdop>3</hdop>
        <extensions>
          <osmand:speed>0.1</osmand:speed>
        </extensions>
      </trkpt>
      <trkpt lat="43.74001" lon="6.5633617">
        <ele>1182.8</ele>
        <time>2026-07-18T13:47:28Z</time>
        <hdop>3</hdop>
        <extensions>
          <osmand:speed>0.1</osmand:speed>
        </extensions>
      </trkpt>
      <trkpt lat="43.7400092" lon="6.5633625">
        <ele>1182.7</ele>
        <time>2026-07-18T13:47:34Z</time>
        <hdop>3</hdop>
        <extensions>
          <osmand:speed>0.1</osmand:speed>
        </extensions>
      </trkpt>
      <trkpt lat="43.7400082" lon="6.5633626">
        <ele>1182.4</ele>
        <time>2026-07-18T13:47:40Z</time>
        <hdop>3</hdop>
        <extensions>
          <osmand:speed>0.1</osmand:speed>
        </extensions>
      </trkpt>
      <trkpt lat="43.7400079" lon="6.563362">
        <ele>1182.3</ele>
        <time>2026-07-18T13:47:46Z</time>
        <hdop>3</hdop>
        <extensions>
          <osmand:speed>0.1</osmand:speed>
        </extensions>
      </trkpt>
      <trkpt lat="43.7400077" lon="6.5633621">
        <ele>1182.4</ele>
        <time>2026-07-18T13:47:51Z</time>
        <hdop>3</hdop>
        <extensions>
          <osmand:speed>0.1</osmand:speed>
        </extensions>
      </trkpt>
      <trkpt lat="43.7400072" lon="6.5633616">
        <ele>1182.7</ele>
        <time>2026-07-18T13:47:57Z</time>
        <hdop>3</hdop>
        <extensions>
          <osmand:speed>0.1</osmand:speed>
        </extensions>
      </trkpt>
      <trkpt lat="43.7400071" lon="6.5633612">
        <ele>1182.6</ele>
        <time>2026-07-18T13:48:02Z</time>
        <hdop>3</hdop>
        <extensions>
          <osmand:speed>0.1</osmand:speed>
        </extensions>
      </trkpt>
      <trkpt lat="43.7400066" lon="6.5633609">
        <ele>1182.4</ele>
        <time>2026-07-18T13:48:07Z</time>
        <hdop>3</hdop>
        <extensions>
          <osmand:speed>0.1</osmand:speed>
        </extensions>
      </trkpt>
      <trkpt lat="43.7400062" lon="6.5633601">
        <ele>1182.1</ele>
        <time>2026-07-18T13:48:14Z</time>
        <hdop>3</hdop>
        <extensions>
          <osmand:speed>0.1</osmand:speed>
        </extensions>
      </trkpt>
      <trkpt lat="43.7400061" lon="6.5633593">
        <ele>1182.4</ele>
        <time>2026-07-18T13:48:19Z</time>
        <hdop>3</hdop>
        <extensions>
          <osmand:speed>0.1</osmand:speed>
        </extensions>
      </trkpt>
      <trkpt lat="43.7400056" lon="6.563359">
        <ele>1182.8</ele>
        <time>2026-07-18T13:48:24Z</time>
        <hdop>3</hdop>
        <extensions>
          <osmand:speed>0.1</osmand:speed>
        </extensions>
      </trkpt>
      <trkpt lat="43.740005" lon="6.5633584">
        <ele>1182.8</ele>
        <time>2026-07-18T13:48:29Z</time>
        <hdop>3</hdop>
        <extensions>
          <osmand:speed>0.1</osmand:speed>
        </extensions>
      </trkpt>
      <trkpt lat="43.7400046" lon="6.5633575">
        <ele>1182.5</ele>
        <time>2026-07-18T13:48:35Z</time>
        <hdop>3</hdop>
        <extensions>
          <osmand:speed>0.1</osmand:speed>
        </extensions>
      </trkpt>
      <trkpt lat="43.7400035" lon="6.5633574">
        <ele>1182.4</ele>
        <time>2026-07-18T13:48:41Z</time>
        <hdop>3</hdop>
        <extensions>
          <osmand:speed>0.1</osmand:speed>
        </extensions>
      </trkpt>
      <trkpt lat="43.7400026" lon="6.5633573">
        <ele>1182.3</ele>
        <time>2026-07-18T13:48:47Z</time>
        <hdop>3</hdop>
        <extensions>
          <osmand:speed>0.1</osmand:speed>
        </extensions>
      </trkpt>
      <trkpt lat="43.7400023" lon="6.5633569">
        <ele>1182.5</ele>
        <time>2026-07-18T13:48:52Z</time>
        <hdop>3</hdop>
        <extensions>
          <osmand:speed>0.1</osmand:speed>
        </extensions>
      </trkpt>
      <trkpt lat="43.7400017" lon="6.5633572">
        <ele>1182.7</ele>
        <time>2026-07-18T13:48:58Z</time>
        <hdop>3</hdop>
        <extensions>
          <osmand:speed>0.1</osmand:speed>
        </extensions>
      </trkpt>
      <trkpt lat="43.7400013" lon="6.5633574">
        <ele>1182.5</ele>
        <time>2026-07-18T13:49:04Z</time>
        <hdop>3</hdop>
        <extensions>
          <osmand:speed>0.1</osmand:speed>
        </extensions>
      </trkpt>
      <trkpt lat="43.7400007" lon="6.5633572">
        <ele>1182.6</ele>
        <time>2026-07-18T13:49:10Z</time>
        <hdop>3</hdop>
        <extensions>
          <osmand:speed>0.1</osmand:speed>
        </extensions>
      </trkpt>
      <trkpt lat="43.7400001" lon="6.5633566">
        <ele>1182.4</ele>
        <time>2026-07-18T13:49:16Z</time>
        <hdop>3.2</hdop>
        <extensions>
          <osmand:speed>0.1</osmand:speed>
        </extensions>
      </trkpt>
      <trkpt lat="43.74" lon="6.5633569">
        <ele>1182.3</ele>
        <time>2026-07-18T13:49:22Z</time>
        <hdop>3.6</hdop>
        <extensions>
          <osmand:speed>0.1</osmand:speed>
        </extensions>
      </trkpt>
      <trkpt lat="43.7399999" lon="6.5633574">
        <ele>1182.8</ele>
        <time>2026-07-18T13:49:27Z</time>
        <hdop>3.9</hdop>
        <extensions>
          <osmand:speed>0.1</osmand:speed>
        </extensions>
      </trkpt>
      <trkpt lat="43.7399998" lon="6.5633577">
        <ele>1182.7</ele>
        <time>2026-07-18T13:49:32Z</time>
        <hdop>4.3</hdop>
        <extensions>
          <osmand:speed>0.1</osmand:speed>
        </extensions>
      </trkpt>
      <trkpt lat="43.7399999" lon="6.563358">
        <ele>1182.9</ele>
        <time>2026-07-18T13:49:39Z</time>
        <hdop>4.5</hdop>
        <extensions>
          <osmand:speed>0.1</osmand:speed>
        </extensions>
      </trkpt>
      <trkpt lat="43.7399999" lon="6.563358">
        <ele>1182.7</ele>
        <time>2026-07-18T13:49:44Z</time>
        <hdop>4.7</hdop>
        <extensions>
          <osmand:speed>0.1</osmand:speed>
        </extensions>
      </trkpt>
      <trkpt lat="43.7400014" lon="6.5633586">
        <ele>1183.1</ele>
        <time>2026-07-18T13:49:50Z</time>
        <hdop>4.4</hdop>
        <extensions>
          <osmand:speed>0.1</osmand:speed>
        </extensions>
      </trkpt>
      <trkpt lat="43.7400036" lon="6.5633585">
        <ele>1183.3</ele>
        <time>2026-07-18T13:49:56Z</time>
        <hdop>3.1</hdop>
        <extensions>
          <osmand:speed>0.1</osmand:speed>
        </extensions>
      </trkpt>
      <trkpt lat="43.7400047" lon="6.563359">
        <ele>1183.3</ele>
        <time>2026-07-18T13:50:02Z</time>
        <hdop>3</hdop>
        <extensions>
          <osmand:speed>0.1</osmand:speed>
        </extensions>
      </trkpt>
      <trkpt lat="43.7400055" lon="6.56336">
        <ele>1183.2</ele>
        <time>2026-07-18T13:50:07Z</time>
        <hdop>3</hdop>
        <extensions>
          <osmand:speed>0.1</osmand:speed>
        </extensions>
      </trkpt>
      <trkpt lat="43.7400054" lon="6.5633611">
        <ele>1182.6</ele>
        <time>2026-07-18T13:50:13Z</time>
        <hdop>3</hdop>
        <extensions>
          <osmand:speed>0.1</osmand:speed>
        </extensions>
      </trkpt>
      <trkpt lat="43.7400052" lon="6.5633613">
        <ele>1182.7</ele>
        <time>2026-07-18T13:50:18Z</time>
        <hdop>3</hdop>
        <extensions>
          <osmand:speed>0.1</osmand:speed>
        </extensions>
      </trkpt>
      <trkpt lat="43.7400049" lon="6.5633612">
        <ele>1183.2</ele>
        <time>2026-07-18T13:50:23Z</time>
        <hdop>3</hdop>
        <extensions>
          <osmand:speed>0.1</osmand:speed>
        </extensions>
      </trkpt>
      <trkpt lat="43.7400045" lon="6.5633611">
        <ele>1183</ele>
        <time>2026-07-18T13:50:30Z</time>
        <hdop>3</hdop>
        <extensions>
          <osmand:speed>0.1</osmand:speed>
        </extensions>
      </trkpt>
      <trkpt lat="43.740004" lon="6.5633605">
        <ele>1182.7</ele>
        <time>2026-07-18T13:50:35Z</time>
        <hdop>3</hdop>
        <extensions>
          <osmand:speed>0.1</osmand:speed>
        </extensions>
      </trkpt>
      <trkpt lat="43.7400035" lon="6.5633595">
        <ele>1182.3</ele>
        <time>2026-07-18T13:50:42Z</time>
        <hdop>3</hdop>
        <extensions>
          <osmand:speed>0.1</osmand:speed>
        </extensions>
      </trkpt>
      <trkpt lat="43.7400033" lon="6.5633581">
        <ele>1182.7</ele>
        <time>2026-07-18T13:50:47Z</time>
        <hdop>3</hdop>
        <extensions>
          <osmand:speed>0.1</osmand:speed>
        </extensions>
      </trkpt>
      <trkpt lat="43.7400026" lon="6.5633568">
        <ele>1183</ele>
        <time>2026-07-18T13:50:53Z</time>
        <hdop>3</hdop>
        <extensions>
          <osmand:speed>0.1</osmand:speed>
        </extensions>
      </trkpt>
      <trkpt lat="43.7400022" lon="6.5633558">
        <ele>1182.7</ele>
        <time>2026-07-18T13:50:59Z</time>
        <hdop>3</hdop>
        <extensions>
          <osmand:speed>0.1</osmand:speed>
        </extensions>
      </trkpt>
      <trkpt lat="43.7400015" lon="6.5633545">
        <ele>1182.8</ele>
        <time>2026-07-18T13:51:04Z</time>
        <hdop>3</hdop>
        <extensions>
          <osmand:speed>0.1</osmand:speed>
        </extensions>
      </trkpt>
      <trkpt lat="43.7400011" lon="6.5633541">
        <ele>1182.5</ele>
        <time>2026-07-18T13:51:10Z</time>
        <hdop>3</hdop>
        <extensions>
          <osmand:speed>0.1</osmand:speed>
        </extensions>
      </trkpt>
      <trkpt lat="43.7400009" lon="6.5633536">
        <ele>1182.6</ele>
        <time>2026-07-18T13:51:15Z</time>
        <hdop>3</hdop>
        <extensions>
          <osmand:speed>0.1</osmand:speed>
        </extensions>
      </trkpt>
      <trkpt lat="43.740001" lon="6.5633535">
        <ele>1182.6</ele>
        <time>2026-07-18T13:51:21Z</time>
        <hdop>3</hdop>
        <extensions>
          <osmand:speed>0.1</osmand:speed>
        </extensions>
      </trkpt>
      <trkpt lat="43.7400018" lon="6.5633524">
        <ele>1182.7</ele>
        <time>2026-07-18T13:51:27Z</time>
        <hdop>3</hdop>
        <extensions>
          <osmand:speed>0.1</osmand:speed>
        </extensions>
      </trkpt>
      <trkpt lat="43.7400016" lon="6.5633519">
        <ele>1182.7</ele>
        <time>2026-07-18T13:51:32Z</time>
        <hdop>3</hdop>
        <extensions>
          <osmand:speed>0.1</osmand:speed>
        </extensions>
      </trkpt>
      <trkpt lat="43.7400014" lon="6.5633512">
        <ele>1182.2</ele>
        <time>2026-07-18T13:51:38Z</time>
        <hdop>3</hdop>
        <extensions>
          <osmand:speed>0.1</osmand:speed>
        </extensions>
      </trkpt>
      <trkpt lat="43.7400013" lon="6.5633505">
        <ele>1182.4</ele>
        <time>2026-07-18T13:51:43Z</time>
        <hdop>3</hdop>
        <extensions>
          <osmand:speed>0.1</osmand:speed>
        </extensions>
      </trkpt>
      <trkpt lat="43.7400016" lon="6.5633497">
        <ele>1182.4</ele>
        <time>2026-07-18T13:51:49Z</time>
        <hdop>3</hdop>
        <extensions>
          <osmand:speed>0.1</osmand:speed>
        </extensions>
      </trkpt>
      <trkpt lat="43.7400022" lon="6.5633498">
        <ele>1182.3</ele>
        <time>2026-07-18T13:51:55Z</time>
        <hdop>3</hdop>
        <extensions>
          <osmand:speed>0.1</osmand:speed>
        </extensions>
      </trkpt>
      <trkpt lat="43.7400028" lon="6.56335">
        <ele>1182.3</ele>
        <time>2026-07-18T13:52:01Z</time>
        <hdop>3</hdop>
        <extensions>
          <osmand:speed>0.1</osmand:speed>
        </extensions>
      </trkpt>
      <trkpt lat="43.7400036" lon="6.5633501">
        <ele>1182.1</ele>
        <time>2026-07-18T13:52:07Z</time>
        <hdop>3</hdop>
        <extensions>
          <osmand:speed>0.1</osmand:speed>
        </extensions>
      </trkpt>
      <trkpt lat="43.7400049" lon="6.5633499">
        <ele>1182.8</ele>
        <time>2026-07-18T13:52:12Z</time>
        <hdop>3</hdop>
        <extensions>
          <osmand:speed>0.3</osmand:speed>
        </extensions>
      </trkpt>
      <trkpt lat="43.7399891" lon="6.5633527">
        <ele>1183.1</ele>
        <time>2026-07-18T13:52:18Z</time>
        <hdop>3.3</hdop>
        <extensions>
          <osmand:speed>0.2</osmand:speed>
        </extensions>
      </trkpt>
      <trkpt lat="43.7399902" lon="6.5633569">
        <ele>1183</ele>
        <time>2026-07-18T13:52:24Z</time>
        <hdop>3</hdop>
        <extensions>
          <osmand:speed>0.1</osmand:speed>
        </extensions>
      </trkpt>
      <trkpt lat="43.7399928" lon="6.5633562">
        <ele>1183</ele>
        <time>2026-07-18T13:52:29Z</time>
        <hdop>3</hdop>
        <extensions>
          <osmand:speed>0.1</osmand:speed>
        </extensions>
      </trkpt>
      <trkpt lat="43.7399942" lon="6.5633589">
        <ele>1183</ele>
        <time>2026-07-18T13:52:35Z</time>
        <hdop>3</hdop>
        <extensions>
          <osmand:speed>0.1</osmand:speed>
        </extensions>
      </trkpt>
      <trkpt lat="43.7399952" lon="6.5633597">
        <ele>1183</ele>
        <time>2026-07-18T13:52:41Z</time>
        <hdop>3</hdop>
        <extensions>
          <osmand:speed>0</osmand:speed>
        </extensions>
      </trkpt>
      <trkpt lat="43.739995" lon="6.563358">
        <ele>1183</ele>
        <time>2026-07-18T13:52:47Z</time>
        <hdop>3</hdop>
        <extensions>
          <osmand:speed>0.1</osmand:speed>
        </extensions>
      </trkpt>
      <trkpt lat="43.739985" lon="6.5633953">
        <ele>1183.1</ele>
        <time>2026-07-18T13:52:53Z</time>
        <hdop>3.5</hdop>
        <extensions>
          <osmand:speed>1.1</osmand:speed>
        </extensions>
      </trkpt>
      <trkpt lat="43.7400133" lon="6.5634923">
        <ele>1183</ele>
        <time>2026-07-18T13:52:58Z</time>
        <hdop>3.4</hdop>
        <extensions>
          <osmand:speed>1.2</osmand:speed>
        </extensions>
      </trkpt>
      <trkpt lat="43.7400301" lon="6.5635544">
        <ele>1181.7</ele>
        <time>2026-07-18T13:53:03Z</time>
        <hdop>3.1</hdop>
        <extensions>
          <osmand:speed>1</osmand:speed>
        </extensions>
      </trkpt>
      <trkpt lat="43.7400362" lon="6.5635745">
        <ele>1180.5</ele>
        <time>2026-07-18T13:53:09Z</time>
        <hdop>3</hdop>
        <extensions>
          <osmand:speed>0.6</osmand:speed>
        </extensions>
      </trkpt>
      <trkpt lat="43.7400586" lon="6.5636242">
        <ele>1179.7</ele>
        <time>2026-07-18T13:53:14Z</time>
        <hdop>3</hdop>
        <extensions>
          <osmand:speed>1.1</osmand:speed>
        </extensions>
      </trkpt>
      <trkpt lat="43.7400962" lon="6.5636721">
        <ele>1179.3</ele>
        <time>2026-07-18T13:53:19Z</time>
        <hdop>3</hdop>
        <extensions>
          <osmand:speed>0.9</osmand:speed>
        </extensions>
      </trkpt>
      <trkpt lat="43.740132" lon="6.5636653">
        <ele>1178.5</ele>
        <time>2026-07-18T13:53:24Z</time>
        <hdop>3</hdop>
        <extensions>
          <osmand:speed>0.8</osmand:speed>
        </extensions>
      </trkpt>
      <trkpt lat="43.7401778" lon="6.5636874">
        <ele>1178.1</ele>
        <time>2026-07-18T13:53:29Z</time>
        <hdop>3</hdop>
        <extensions>
          <osmand:speed>0.9</osmand:speed>
        </extensions>
      </trkpt>
      <trkpt lat="43.7402137" lon="6.5637017">
        <ele>1177.2</ele>
        <time>2026-07-18T13:53:34Z</time>
        <hdop>3</hdop>
        <extensions>
          <osmand:speed>1</osmand:speed>
        </extensions>
      </trkpt>
      <trkpt lat="43.7402593" lon="6.5637653">
        <ele>1176.2</ele>
        <time>2026-07-18T13:53:39Z</time>
        <hdop>3</hdop>
        <extensions>
          <osmand:speed>1.2</osmand:speed>
        </extensions>
      </trkpt>
      <trkpt lat="43.7402756" lon="6.563851">
        <ele>1175.4</ele>
        <time>2026-07-18T13:53:44Z</time>
        <hdop>3</hdop>
        <extensions>
          <osmand:speed>1.2</osmand:speed>
        </extensions>
      </trkpt>
      <trkpt lat="43.7402939" lon="6.5639138">
        <ele>1174.7</ele>
        <time>2026-07-18T13:53:50Z</time>
        <hdop>3</hdop>
        <extensions>
          <osmand:speed>1.1</osmand:speed>
        </extensions>
      </trkpt>
      <trkpt lat="43.7403279" lon="6.5639819">
        <ele>1173.9</ele>
        <time>2026-07-18T13:53:55Z</time>
        <hdop>3</hdop>
        <extensions>
          <osmand:speed>1.3</osmand:speed>
        </extensions>
      </trkpt>
      <trkpt lat="43.7403546" lon="6.564055">
        <ele>1172.9</ele>
        <time>2026-07-18T13:54:00Z</time>
        <hdop>3</hdop>
        <extensions>
          <osmand:speed>1.3</osmand:speed>
        </extensions>
      </trkpt>
      <trkpt lat="43.7403924" lon="6.5641361">
        <ele>1172</ele>
        <time>2026-07-18T13:54:06Z</time>
        <hdop>3</hdop>
        <extensions>
          <osmand:speed>1.3</osmand:speed>
        </extensions>
      </trkpt>
      <trkpt lat="43.7404438" lon="6.5641805">
        <ele>1171.2</ele>
        <time>2026-07-18T13:54:11Z</time>
        <hdop>3</hdop>
        <extensions>
          <osmand:speed>1.4</osmand:speed>
        </extensions>
      </trkpt>
      <trkpt lat="43.7404442" lon="6.5642639">
        <ele>1170.3</ele>
        <time>2026-07-18T13:54:16Z</time>
        <hdop>3</hdop>
        <extensions>
          <osmand:speed>1.3</osmand:speed>
        </extensions>
      </trkpt>
      <trkpt lat="43.7404614" lon="6.5643404">
        <ele>1169.2</ele>
        <time>2026-07-18T13:54:22Z</time>
        <hdop>3</hdop>
        <extensions>
          <osmand:speed>1.3</osmand:speed>
        </extensions>
      </trkpt>
      <trkpt lat="43.740494" lon="6.5644066">
        <ele>1168.2</ele>
        <time>2026-07-18T13:54:27Z</time>
        <hdop>3</hdop>
        <extensions>
          <osmand:speed>1.4</osmand:speed>
        </extensions>
      </trkpt>
      <trkpt lat="43.7405159" lon="6.5645097">
        <ele>1167.1</ele>
        <time>2026-07-18T13:54:33Z</time>
        <hdop>3.1</hdop>
        <extensions>
          <osmand:speed>1.3</osmand:speed>
        </extensions>
      </trkpt>
      <trkpt lat="43.7405506" lon="6.564585">
        <ele>1166.2</ele>
        <time>2026-07-18T13:54:38Z</time>
        <hdop>3.1</hdop>
        <extensions>
          <osmand:speed>1.3</osmand:speed>
        </extensions>
      </trkpt>
      <trkpt lat="43.7405585" lon="6.5646719">
        <ele>1165.3</ele>
        <time>2026-07-18T13:54:44Z</time>
        <hdop>3.1</hdop>
        <extensions>
          <osmand:speed>1.3</osmand:speed>
        </extensions>
      </trkpt>
      <trkpt lat="43.7405784" lon="6.5647558">
        <ele>1164.3</ele>
        <time>2026-07-18T13:54:49Z</time>
        <hdop>3</hdop>
        <extensions>
          <osmand:speed>1.3</osmand:speed>
        </extensions>
      </trkpt>
      <trkpt lat="43.7406121" lon="6.5648283">
        <ele>1163.6</ele>
        <time>2026-07-18T13:54:54Z</time>
        <hdop>3</hdop>
        <extensions>
          <osmand:speed>1.4</osmand:speed>
        </extensions>
      </trkpt>
      <trkpt lat="43.7406356" lon="6.5649005">
        <ele>1162.5</ele>
        <time>2026-07-18T13:54:59Z</time>
        <hdop>3.1</hdop>
        <extensions>
          <osmand:speed>1.3</osmand:speed>
        </extensions>
      </trkpt>
      <trkpt lat="43.7406458" lon="6.5649557">
        <ele>1161.8</ele>
        <time>2026-07-18T13:55:04Z</time>
        <hdop>3</hdop>
        <extensions>
          <osmand:speed>1.2</osmand:speed>
        </extensions>
      </trkpt>
      <trkpt lat="43.7406641" lon="6.5650607">
        <ele>1160.7</ele>
        <time>2026-07-18T13:55:09Z</time>
        <hdop>3.1</hdop>
        <extensions>
          <osmand:speed>1.5</osmand:speed>
        </extensions>
      </trkpt>
      <trkpt lat="43.7406798" lon="6.5651442">
        <ele>1159.9</ele>
        <time>2026-07-18T13:55:14Z</time>
        <hdop>3.1</hdop>
        <extensions>
          <osmand:speed>1.4</osmand:speed>
        </extensions>
      </trkpt>
      <trkpt lat="43.7407164" lon="6.5652209">
        <ele>1159.3</ele>
        <time>2026-07-18T13:55:20Z</time>
        <hdop>3.1</hdop>
        <extensions>
          <osmand:speed>1.3</osmand:speed>
        </extensions>
      </trkpt>
      <trkpt lat="43.7407797" lon="6.5652393">
        <ele>1158.8</ele>
        <time>2026-07-18T13:55:25Z</time>
        <hdop>3</hdop>
        <extensions>
          <osmand:speed>1.5</osmand:speed>
        </extensions>
      </trkpt>
      <trkpt lat="43.7408517" lon="6.5652212">
        <ele>1157.7</ele>
        <time>2026-07-18T13:55:30Z</time>
        <hdop>3</hdop>
        <extensions>
          <osmand:speed>1.4</osmand:speed>
        </extensions>
      </trkpt>
      <trkpt lat="43.740911" lon="6.565179">
        <ele>1156.7</ele>
        <time>2026-07-18T13:55:36Z</time>
        <hdop>3</hdop>
        <extensions>
          <osmand:speed>1.4</osmand:speed>
        </extensions>
      </trkpt>
      <trkpt lat="43.7409493" lon="6.5651323">
        <ele>1155.5</ele>
        <time>2026-07-18T13:55:41Z</time>
        <hdop>3.1</hdop>
        <extensions>
          <osmand:speed>1.3</osmand:speed>
        </extensions>
      </trkpt>
      <trkpt lat="43.7410246" lon="6.5651314">
        <ele>1154.1</ele>
        <time>2026-07-18T13:55:46Z</time>
        <hdop>3.3</hdop>
        <extensions>
          <osmand:speed>1.2</osmand:speed>
        </extensions>
      </trkpt>
      <trkpt lat="43.7410857" lon="6.5651296">
        <ele>1152.5</ele>
        <time>2026-07-18T13:55:51Z</time>
        <hdop>3</hdop>
        <extensions>
          <osmand:speed>1.3</osmand:speed>
        </extensions>
      </trkpt>
      <trkpt lat="43.7411463" lon="6.565152">
        <ele>1151</ele>
        <time>2026-07-18T13:55:57Z</time>
        <hdop>3</hdop>
        <extensions>
          <osmand:speed>1.2</osmand:speed>
        </extensions>
      </trkpt>
      <trkpt lat="43.7412092" lon="6.5651567">
        <ele>1149.7</ele>
        <time>2026-07-18T13:56:02Z</time>
        <hdop>3</hdop>
        <extensions>
          <osmand:speed>1.3</osmand:speed>
        </extensions>
      </trkpt>
      <trkpt lat="43.7412692" lon="6.5651556">
        <ele>1148.2</ele>
        <time>2026-07-18T13:56:07Z</time>
        <hdop>3.1</hdop>
        <extensions>
          <osmand:speed>1.3</osmand:speed>
        </extensions>
      </trkpt>
      <trkpt lat="43.7413287" lon="6.5651427">
        <ele>1146.8</ele>
        <time>2026-07-18T13:56:12Z</time>
        <hdop>3.1</hdop>
        <extensions>
          <osmand:speed>1.4</osmand:speed>
        </extensions>
      </trkpt>
      <trkpt lat="43.7413939" lon="6.5651781">
        <ele>1144.8</ele>
        <time>2026-07-18T13:56:17Z</time>
        <hdop>3</hdop>
        <extensions>
          <osmand:speed>1.4</osmand:speed>
        </extensions>
      </trkpt>
      <trkpt lat="43.7414581" lon="6.5652081">
        <ele>1144.2</ele>
        <time>2026-07-18T13:56:22Z</time>
        <hdop>3</hdop>
        <extensions>
          <osmand:speed>1.4</osmand:speed>
        </extensions>
      </trkpt>
      <trkpt lat="43.7415199" lon="6.5652317">
        <ele>1143</ele>
        <time>2026-07-18T13:56:28Z</time>
        <hdop>3</hdop>
        <extensions>
          <osmand:speed>1.4</osmand:speed>
        </extensions>
      </trkpt>
      <trkpt lat="43.7415113" lon="6.5652177">
        <ele>1142.4</ele>
        <time>2026-07-18T13:56:33Z</time>
        <hdop>3</hdop>
        <extensions>
          <osmand:speed>0.2</osmand:speed>
        </extensions>
      </trkpt>
      <trkpt lat="43.7415036" lon="6.5652174">
        <ele>1142.7</ele>
        <time>2026-07-18T13:56:39Z</time>
        <hdop>3</hdop>
        <extensions>
          <osmand:speed>0.2</osmand:speed>
        </extensions>
      </trkpt>
      <trkpt lat="43.7415173" lon="6.5652208">
        <ele>1142.4</ele>
        <time>2026-07-18T13:56:44Z</time>
        <hdop>3</hdop>
        <extensions>
          <osmand:speed>0.1</osmand:speed>
        </extensions>
      </trkpt>
      <trkpt lat="43.7415215" lon="6.5652233">
        <ele>1142.5</ele>
        <time>2026-07-18T13:56:50Z</time>
        <hdop>3</hdop>
        <extensions>
          <osmand:speed>0</osmand:speed>
        </extensions>
      </trkpt>
      <trkpt lat="43.741526" lon="6.5652204">
        <ele>1142.4</ele>
        <time>2026-07-18T13:56:56Z</time>
        <hdop>3</hdop>
        <extensions>
          <osmand:speed>0.8</osmand:speed>
        </extensions>
      </trkpt>
      <trkpt lat="43.7415646" lon="6.5652279">
        <ele>1141.9</ele>
        <time>2026-07-18T13:57:01Z</time>
        <hdop>3.2</hdop>
        <extensions>
          <osmand:speed>0.3</osmand:speed>
        </extensions>
      </trkpt>
      <trkpt lat="43.7415558" lon="6.5652314">
        <ele>1141.5</ele>
        <time>2026-07-18T13:57:07Z</time>
        <hdop>3.1</hdop>
        <extensions>
          <osmand:speed>0.1</osmand:speed>
        </extensions>
      </trkpt>
      <trkpt lat="43.7415565" lon="6.5652302">
        <ele>1141.2</ele>
        <time>2026-07-18T13:57:13Z</time>
        <hdop>3</hdop>
        <extensions>
          <osmand:speed>0.1</osmand:speed>
        </extensions>
      </trkpt>
      <trkpt lat="43.7415565" lon="6.5652284">
        <ele>1141.4</ele>
        <time>2026-07-18T13:57:19Z</time>
        <hdop>3</hdop>
        <extensions>
          <osmand:speed>0</osmand:speed>
        </extensions>
      </trkpt>
      <trkpt lat="43.7415975" lon="6.5652477">
        <ele>1141.3</ele>
        <time>2026-07-18T13:57:24Z</time>
        <hdop>3</hdop>
        <extensions>
          <osmand:speed>1.3</osmand:speed>
        </extensions>
      </trkpt>
      <trkpt lat="43.7416361" lon="6.5652983">
        <ele>1139.7</ele>
        <time>2026-07-18T13:57:30Z</time>
        <hdop>3.2</hdop>
        <extensions>
          <osmand:speed>0.3</osmand:speed>
        </extensions>
      </trkpt>
      <trkpt lat="43.7416305" lon="6.5652994">
        <ele>1139.2</ele>
        <time>2026-07-18T13:57:37Z</time>
        <hdop>3</hdop>
        <extensions>
          <osmand:speed>0.1</osmand:speed>
        </extensions>
      </trkpt>
      <trkpt lat="43.7416463" lon="6.5653015">
        <ele>1138.9</ele>
        <time>2026-07-18T13:57:43Z</time>
        <hdop>3</hdop>
        <extensions>
          <osmand:speed>0.3</osmand:speed>
        </extensions>
      </trkpt>
      <trkpt lat="43.7417371" lon="6.5653492">
        <ele>1139.1</ele>
        <time>2026-07-18T13:57:48Z</time>
        <hdop>3</hdop>
        <extensions>
          <osmand:speed>1.3</osmand:speed>
        </extensions>
      </trkpt>
      <trkpt lat="43.7418082" lon="6.5653723">
        <ele>1138.6</ele>
        <time>2026-07-18T13:57:53Z</time>
        <hdop>3</hdop>
        <extensions>
          <osmand:speed>1.2</osmand:speed>
        </extensions>
      </trkpt>
      <trkpt lat="43.7418723" lon="6.5653915">
        <ele>1137.5</ele>
        <time>2026-07-18T13:57:58Z</time>
        <hdop>3.3</hdop>
        <extensions>
          <osmand:speed>1.2</osmand:speed>
        </extensions>
      </trkpt>
      <trkpt lat="43.7419297" lon="6.5654424">
        <ele>1136.5</ele>
        <time>2026-07-18T13:58:03Z</time>
        <hdop>3.8</hdop>
        <extensions>
          <osmand:speed>1.4</osmand:speed>
        </extensions>
      </trkpt>
      <trkpt lat="43.7419806" lon="6.5655047">
        <ele>1135.9</ele>
        <time>2026-07-18T13:58:09Z</time>
        <hdop>3.2</hdop>
        <extensions>
          <osmand:speed>1.3</osmand:speed>
        </extensions>
      </trkpt>
      <trkpt lat="43.7420428" lon="6.565575">
        <ele>1135</ele>
        <time>2026-07-18T13:58:14Z</time>
        <hdop>3.1</hdop>
        <extensions>
          <osmand:speed>1.4</osmand:speed>
        </extensions>
      </trkpt>
      <trkpt lat="43.7421031" lon="6.5656249">
        <ele>1134.5</ele>
        <time>2026-07-18T13:58:19Z</time>
        <hdop>3.1</hdop>
        <extensions>
          <osmand:speed>1.4</osmand:speed>
        </extensions>
      </trkpt>
      <trkpt lat="43.7421612" lon="6.5656841">
        <ele>1132.7</ele>
        <time>2026-07-18T13:58:25Z</time>
        <hdop>3.1</hdop>
        <extensions>
          <osmand:speed>1.4</osmand:speed>
        </extensions>
      </trkpt>
      <trkpt lat="43.7422173" lon="6.5657266">
        <ele>1131.6</ele>
        <time>2026-07-18T13:58:30Z</time>
        <hdop>3</hdop>
        <extensions>
          <osmand:speed>1.2</osmand:speed>
        </extensions>
      </trkpt>
      <trkpt lat="43.7422655" lon="6.5657857">
        <ele>1131.6</ele>
        <time>2026-07-18T13:58:35Z</time>
        <hdop>3</hdop>
        <extensions>
          <osmand:speed>1.2</osmand:speed>
        </extensions>
      </trkpt>
      <trkpt lat="43.7423241" lon="6.5658346">
        <ele>1130.3</ele>
        <time>2026-07-18T13:58:40Z</time>
        <hdop>3.1</hdop>
        <extensions>
          <osmand:speed>1.4</osmand:speed>
        </extensions>
      </trkpt>
      <trkpt lat="43.7423956" lon="6.5658622">
        <ele>1129.6</ele>
        <time>2026-07-18T13:58:45Z</time>
        <hdop>3.1</hdop>
        <extensions>
          <osmand:speed>1.4</osmand:speed>
        </extensions>
      </trkpt>
      <trkpt lat="43.7424592" lon="6.5658941">
        <ele>1129.3</ele>
        <time>2026-07-18T13:58:50Z</time>
        <hdop>3.1</hdop>
        <extensions>
          <osmand:speed>1.4</osmand:speed>
        </extensions>
      </trkpt>
      <trkpt lat="43.7425439" lon="6.5659017">
        <ele>1128</ele>
        <time>2026-07-18T13:58:56Z</time>
        <hdop>3</hdop>
        <extensions>
          <osmand:speed>1.5</osmand:speed>
        </extensions>
      </trkpt>
      <trkpt lat="43.7426276" lon="6.5658859">
        <ele>1127.5</ele>
        <time>2026-07-18T13:59:01Z</time>
        <hdop>3.1</hdop>
        <extensions>
          <osmand:speed>1.6</osmand:speed>
        </extensions>
      </trkpt>
      <trkpt lat="43.7427038" lon="6.5658866">
        <ele>1126.9</ele>
        <time>2026-07-18T13:59:06Z</time>
        <hdop>3</hdop>
        <extensions>
          <osmand:speed>1.4</osmand:speed>
        </extensions>
      </trkpt>
      <trkpt lat="43.7427637" lon="6.5659335">
        <ele>1125.9</ele>
        <time>2026-07-18T13:59:12Z</time>
        <hdop>3</hdop>
        <extensions>
          <osmand:speed>1.5</osmand:speed>
        </extensions>
      </trkpt>
      <trkpt lat="43.7428451" lon="6.5659794">
        <ele>1125</ele>
        <time>2026-07-18T13:59:18Z</time>
        <hdop>3</hdop>
        <extensions>
          <osmand:speed>1.5</osmand:speed>
        </extensions>
      </trkpt>
      <trkpt lat="43.7429131" lon="6.5660225">
        <ele>1123.8</ele>
        <time>2026-07-18T13:59:23Z</time>
        <hdop>3.1</hdop>
        <extensions>
          <osmand:speed>1.5</osmand:speed>
        </extensions>
      </trkpt>
      <trkpt lat="43.7429859" lon="6.5660508">
        <ele>1123.2</ele>
        <time>2026-07-18T13:59:28Z</time>
        <hdop>3</hdop>
        <extensions>
          <osmand:speed>1.4</osmand:speed>
        </extensions>
      </trkpt>
      <trkpt lat="43.7430406" lon="6.5659872">
        <ele>1122.8</ele>
        <time>2026-07-18T13:59:33Z</time>
        <hdop>3</hdop>
        <extensions>
          <osmand:speed>1.5</osmand:speed>
        </extensions>
      </trkpt>
      <trkpt lat="43.7431167" lon="6.5660082">
        <ele>1120.9</ele>
        <time>2026-07-18T13:59:39Z</time>
        <hdop>3</hdop>
        <extensions>
          <osmand:speed>1.4</osmand:speed>
        </extensions>
      </trkpt>
      <trkpt lat="43.7431744" lon="6.5660445">
        <ele>1120.3</ele>
        <time>2026-07-18T13:59:44Z</time>
        <hdop>3</hdop>
        <extensions>
          <osmand:speed>1.3</osmand:speed>
        </extensions>
      </trkpt>
      <trkpt lat="43.7432242" lon="6.5660564">
        <ele>1119.9</ele>
        <time>2026-07-18T13:59:50Z</time>
        <hdop>3</hdop>
        <extensions>
          <osmand:speed>1.2</osmand:speed>
        </extensions>
      </trkpt>
      <trkpt lat="43.7432878" lon="6.5660781">
        <ele>1119.5</ele>
        <time>2026-07-18T13:59:55Z</time>
        <hdop>3</hdop>
        <extensions>
          <osmand:speed>1.2</osmand:speed>
        </extensions>
      </trkpt>
      <trkpt lat="43.7433437" lon="6.5661335">
        <ele>1119.1</ele>
        <time>2026-07-18T14:00:00Z</time>
        <hdop>3</hdop>
        <extensions>
          <osmand:speed>1.2</osmand:speed>
        </extensions>
      </trkpt>
      <trkpt lat="43.7433839" lon="6.5662151">
        <ele>1119.6</ele>
        <time>2026-07-18T14:00:05Z</time>
        <hdop>3</hdop>
        <extensions>
          <osmand:speed>1.2</osmand:speed>
        </extensions>
      </trkpt>
      <trkpt lat="43.7434364" lon="6.5662698">
        <ele>1119.6</ele>
        <time>2026-07-18T14:00:10Z</time>
        <hdop>3</hdop>
        <extensions>
          <osmand:speed>1.2</osmand:speed>
        </extensions>
      </trkpt>
      <trkpt lat="43.7434815" lon="6.5663043">
        <ele>1119.7</ele>
        <time>2026-07-18T14:00:15Z</time>
        <hdop>3</hdop>
        <extensions>
          <osmand:speed>0.7</osmand:speed>
        </extensions>
      </trkpt>
      <trkpt lat="43.7434708" lon="6.5662605">
        <ele>1119.4</ele>
        <time>2026-07-18T14:00:21Z</time>
        <hdop>3</hdop>
        <extensions>
          <osmand:speed>0.9</osmand:speed>
        </extensions>
      </trkpt>
      <trkpt lat="43.7434369" lon="6.5661853">
        <ele>1118.9</ele>
        <time>2026-07-18T14:00:26Z</time>
        <hdop>3</hdop>
        <extensions>
          <osmand:speed>1.1</osmand:speed>
        </extensions>
      </trkpt>
      <trkpt lat="43.7434563" lon="6.5661382">
        <ele>1118.1</ele>
        <time>2026-07-18T14:00:31Z</time>
        <hdop>3</hdop>
        <extensions>
          <osmand:speed>1.1</osmand:speed>
        </extensions>
      </trkpt>
      <trkpt lat="43.7435045" lon="6.5661779">
        <ele>1116.4</ele>
        <time>2026-07-18T14:00:37Z</time>
        <hdop>3</hdop>
        <extensions>
          <osmand:speed>0.8</osmand:speed>
        </extensions>
      </trkpt>
      <trkpt lat="43.7434977" lon="6.5661135">
        <ele>1116.2</ele>
        <time>2026-07-18T14:00:42Z</time>
        <hdop>3</hdop>
        <extensions>
          <osmand:speed>1.1</osmand:speed>
        </extensions>
      </trkpt>
      <trkpt lat="43.7434794" lon="6.5660315">
        <ele>1114.7</ele>
        <time>2026-07-18T14:00:48Z</time>
        <hdop>3</hdop>
        <extensions>
          <osmand:speed>1.3</osmand:speed>
        </extensions>
      </trkpt>
      <trkpt lat="43.7434713" lon="6.5659457">
        <ele>1112.7</ele>
        <time>2026-07-18T14:00:53Z</time>
        <hdop>3.1</hdop>
        <extensions>
          <osmand:speed>1.2</osmand:speed>
        </extensions>
      </trkpt>
      <trkpt lat="43.7435158" lon="6.5658865">
        <ele>1111.1</ele>
        <time>2026-07-18T14:00:58Z</time>
        <hdop>3.1</hdop>
        <extensions>
          <osmand:speed>1.2</osmand:speed>
        </extensions>
      </trkpt>
      <trkpt lat="43.7435776" lon="6.5658462">
        <ele>1110</ele>
        <time>2026-07-18T14:01:03Z</time>
        <hdop>3.1</hdop>
        <extensions>
          <osmand:speed>1.3</osmand:speed>
        </extensions>
      </trkpt>
      <trkpt lat="43.7436304" lon="6.5658112">
        <ele>1109</ele>
        <time>2026-07-18T14:01:09Z</time>
        <hdop>3</hdop>
        <extensions>
          <osmand:speed>1.2</osmand:speed>
        </extensions>
      </trkpt>
      <trkpt lat="43.7436498" lon="6.5657449">
        <ele>1107.8</ele>
        <time>2026-07-18T14:01:14Z</time>
        <hdop>3</hdop>
        <extensions>
          <osmand:speed>1</osmand:speed>
        </extensions>
      </trkpt>
      <trkpt lat="43.7436241" lon="6.5656905">
        <ele>1106.9</ele>
        <time>2026-07-18T14:01:19Z</time>
        <hdop>3</hdop>
        <extensions>
          <osmand:speed>1</osmand:speed>
        </extensions>
      </trkpt>
      <trkpt lat="43.7436041" lon="6.5656209">
        <ele>1106.7</ele>
        <time>2026-07-18T14:01:25Z</time>
        <hdop>3</hdop>
        <extensions>
          <osmand:speed>1.1</osmand:speed>
        </extensions>
      </trkpt>
      <trkpt lat="43.7436372" lon="6.5655437">
        <ele>1106.7</ele>
        <time>2026-07-18T14:01:30Z</time>
        <hdop>3</hdop>
        <extensions>
          <osmand:speed>1.1</osmand:speed>
        </extensions>
      </trkpt>
      <trkpt lat="43.7436641" lon="6.5654755">
        <ele>1105.6</ele>
        <time>2026-07-18T14:01:35Z</time>
        <hdop>3</hdop>
        <extensions>
          <osmand:speed>1.2</osmand:speed>
        </extensions>
      </trkpt>
      <trkpt lat="43.7436985" lon="6.5653898">
        <ele>1104</ele>
        <time>2026-07-18T14:01:41Z</time>
        <hdop>3</hdop>
        <extensions>
          <osmand:speed>1.4</osmand:speed>
        </extensions>
      </trkpt>
      <trkpt lat="43.7436896" lon="6.5652935">
        <ele>1103.5</ele>
        <time>2026-07-18T14:01:46Z</time>
        <hdop>3.1</hdop>
        <extensions>
          <osmand:speed>1.1</osmand:speed>
        </extensions>
      </trkpt>
      <trkpt lat="43.743699" lon="6.565208">
        <ele>1102.7</ele>
        <time>2026-07-18T14:01:51Z</time>
        <hdop>3.1</hdop>
        <extensions>
          <osmand:speed>1.3</osmand:speed>
        </extensions>
      </trkpt>
      <trkpt lat="43.743743" lon="6.5651272">
        <ele>1102.3</ele>
        <time>2026-07-18T14:01:57Z</time>
        <hdop>3.1</hdop>
        <extensions>
          <osmand:speed>1.3</osmand:speed>
        </extensions>
      </trkpt>
      <trkpt lat="43.7438046" lon="6.5650703">
        <ele>1101.7</ele>
        <time>2026-07-18T14:02:02Z</time>
        <hdop>3</hdop>
        <extensions>
          <osmand:speed>1.4</osmand:speed>
        </extensions>
      </trkpt>
      <trkpt lat="43.7438708" lon="6.5650275">
        <ele>1100.7</ele>
        <time>2026-07-18T14:02:07Z</time>
        <hdop>3</hdop>
        <extensions>
          <osmand:speed>1.1</osmand:speed>
        </extensions>
      </trkpt>
      <trkpt lat="43.743916" lon="6.5650148">
        <ele>1100.6</ele>
        <time>2026-07-18T14:02:13Z</time>
        <hdop>3</hdop>
        <extensions>
          <osmand:speed>1.1</osmand:speed>
        </extensions>
      </trkpt>
      <trkpt lat="43.7439773" lon="6.564995">
        <ele>1099.6</ele>
        <time>2026-07-18T14:02:18Z</time>
        <hdop>3</hdop>
        <extensions>
          <osmand:speed>1.3</osmand:speed>
        </extensions>
      </trkpt>
      <trkpt lat="43.7440573" lon="6.5649761">
        <ele>1099.2</ele>
        <time>2026-07-18T14:02:23Z</time>
        <hdop>3</hdop>
        <extensions>
          <osmand:speed>1.2</osmand:speed>
        </extensions>
      </trkpt>
      <trkpt lat="43.7441256" lon="6.5650547">
        <ele>1099.1</ele>
        <time>2026-07-18T14:02:28Z</time>
        <hdop>3</hdop>
        <extensions>
          <osmand:speed>1.3</osmand:speed>
        </extensions>
      </trkpt>
      <trkpt lat="43.7441802" lon="6.565136">
        <ele>1098.7</ele>
        <time>2026-07-18T14:02:34Z</time>
        <hdop>3</hdop>
        <extensions>
          <osmand:speed>1.3</osmand:speed>
        </extensions>
      </trkpt>
      <trkpt lat="43.7442362" lon="6.5652112">
        <ele>1098.5</ele>
        <time>2026-07-18T14:02:39Z</time>
        <hdop>3</hdop>
        <extensions>
          <osmand:speed>1.2</osmand:speed>
        </extensions>
      </trkpt>
      <trkpt lat="43.7442925" lon="6.5652782">
        <ele>1098.5</ele>
        <time>2026-07-18T14:02:44Z</time>
        <hdop>3</hdop>
        <extensions>
          <osmand:speed>1.3</osmand:speed>
        </extensions>
      </trkpt>
      <trkpt lat="43.7443486" lon="6.5653224">
        <ele>1098.3</ele>
        <time>2026-07-18T14:02:49Z</time>
        <hdop>3</hdop>
        <extensions>
          <osmand:speed>1.2</osmand:speed>
        </extensions>
      </trkpt>
      <trkpt lat="43.7444042" lon="6.5653542">
        <ele>1097.8</ele>
        <time>2026-07-18T14:02:55Z</time>
        <hdop>3</hdop>
        <extensions>
          <osmand:speed>1.3</osmand:speed>
        </extensions>
      </trkpt>
      <trkpt lat="43.7444699" lon="6.5653936">
        <ele>1097.3</ele>
        <time>2026-07-18T14:03:00Z</time>
        <hdop>3</hdop>
        <extensions>
          <osmand:speed>1.3</osmand:speed>
        </extensions>
      </trkpt>
      <trkpt lat="43.74454" lon="6.565422">
        <ele>1096.7</ele>
        <time>2026-07-18T14:03:06Z</time>
        <hdop>3.6</hdop>
        <extensions>
          <osmand:speed>1.3</osmand:speed>
        </extensions>
      </trkpt>
      <trkpt lat="43.7445987" lon="6.5654936">
        <ele>1097.1</ele>
        <time>2026-07-18T14:03:11Z</time>
        <hdop>4.6</hdop>
        <extensions>
          <osmand:speed>1.3</osmand:speed>
        </extensions>
      </trkpt>
      <trkpt lat="43.7446421" lon="6.5655871">
        <ele>1096.6</ele>
        <time>2026-07-18T14:03:16Z</time>
        <hdop>3.5</hdop>
        <extensions>
          <osmand:speed>1.4</osmand:speed>
        </extensions>
      </trkpt>
      <trkpt lat="43.7447161" lon="6.5656396">
        <ele>1096.5</ele>
        <time>2026-07-18T14:03:22Z</time>
        <hdop>3</hdop>
        <extensions>
          <osmand:speed>1.3</osmand:speed>
        </extensions>
      </trkpt>
      <trkpt lat="43.7447618" lon="6.5657247">
        <ele>1096.6</ele>
        <time>2026-07-18T14:03:27Z</time>
        <hdop>3</hdop>
        <extensions>
          <osmand:speed>1.2</osmand:speed>
        </extensions>
      </trkpt>
      <trkpt lat="43.7447965" lon="6.5658065">
        <ele>1096.3</ele>
        <time>2026-07-18T14:03:32Z</time>
        <hdop>3</hdop>
        <extensions>
          <osmand:speed>1.3</osmand:speed>
        </extensions>
      </trkpt>
      <trkpt lat="43.7448702" lon="6.5658462">
        <ele>1096</ele>
        <time>2026-07-18T14:03:38Z</time>
        <hdop>3</hdop>
        <extensions>
          <osmand:speed>1.3</osmand:speed>
        </extensions>
      </trkpt>
      <trkpt lat="43.7449233" lon="6.565869">
        <ele>1096</ele>
        <time>2026-07-18T14:03:43Z</time>
        <hdop>3.2</hdop>
        <extensions>
          <osmand:speed>1.4</osmand:speed>
        </extensions>
      </trkpt>
      <trkpt lat="43.744969" lon="6.5658889">
        <ele>1095</ele>
        <time>2026-07-18T14:03:48Z</time>
        <hdop>3.1</hdop>
        <extensions>
          <osmand:speed>1.1</osmand:speed>
        </extensions>
      </trkpt>
      <trkpt lat="43.7450139" lon="6.5659151">
        <ele>1095.2</ele>
        <time>2026-07-18T14:03:53Z</time>
        <hdop>3.1</hdop>
        <extensions>
          <osmand:speed>1.3</osmand:speed>
        </extensions>
      </trkpt>
      <trkpt lat="43.7450775" lon="6.565918">
        <ele>1095.1</ele>
        <time>2026-07-18T14:03:59Z</time>
        <hdop>3</hdop>
        <extensions>
          <osmand:speed>1.4</osmand:speed>
        </extensions>
      </trkpt>
      <trkpt lat="43.7451498" lon="6.5658991">
        <ele>1094.6</ele>
        <time>2026-07-18T14:04:04Z</time>
        <hdop>3.1</hdop>
        <extensions>
          <osmand:speed>1.1</osmand:speed>
        </extensions>
      </trkpt>
      <trkpt lat="43.7452273" lon="6.5658924">
        <ele>1094.5</ele>
        <time>2026-07-18T14:04:09Z</time>
        <hdop>3</hdop>
        <extensions>
          <osmand:speed>1.3</osmand:speed>
        </extensions>
      </trkpt>
      <trkpt lat="43.7452999" lon="6.5658999">
        <ele>1093.9</ele>
        <time>2026-07-18T14:04:14Z</time>
        <hdop>3</hdop>
        <extensions>
          <osmand:speed>1.4</osmand:speed>
        </extensions>
      </trkpt>
      <trkpt lat="43.7453627" lon="6.5659204">
        <ele>1093.8</ele>
        <time>2026-07-18T14:04:20Z</time>
        <hdop>3</hdop>
        <extensions>
          <osmand:speed>1.2</osmand:speed>
        </extensions>
      </trkpt>
      <trkpt lat="43.7454223" lon="6.5659319">
        <ele>1094</ele>
        <time>2026-07-18T14:04:25Z</time>
        <hdop>3</hdop>
        <extensions>
          <osmand:speed>1.2</osmand:speed>
        </extensions>
      </trkpt>
      <trkpt lat="43.7454914" lon="6.5659141">
        <ele>1093.8</ele>
        <time>2026-07-18T14:04:31Z</time>
        <hdop>3</hdop>
        <extensions>
          <osmand:speed>1.2</osmand:speed>
        </extensions>
      </trkpt>
      <trkpt lat="43.7455665" lon="6.5658872">
        <ele>1093.2</ele>
        <time>2026-07-18T14:04:36Z</time>
        <hdop>3</hdop>
        <extensions>
          <osmand:speed>1.3</osmand:speed>
        </extensions>
      </trkpt>
      <trkpt lat="43.7456172" lon="6.5658601">
        <ele>1092.9</ele>
        <time>2026-07-18T14:04:42Z</time>
        <hdop>3</hdop>
        <extensions>
          <osmand:speed>0.6</osmand:speed>
        </extensions>
      </trkpt>
      <trkpt lat="43.7456078" lon="6.5658675">
        <ele>1092.7</ele>
        <time>2026-07-18T14:04:47Z</time>
        <hdop>3</hdop>
        <extensions>
          <osmand:speed>0.1</osmand:speed>
        </extensions>
      </trkpt>
      <trkpt lat="43.7456464" lon="6.5658441">
        <ele>1093</ele>
        <time>2026-07-18T14:04:53Z</time>
        <hdop>3</hdop>
        <extensions>
          <osmand:speed>1.2</osmand:speed>
        </extensions>
      </trkpt>
      <trkpt lat="43.7457279" lon="6.5658076">
        <ele>1092.5</ele>
        <time>2026-07-18T14:04:58Z</time>
        <hdop>3</hdop>
        <extensions>
          <osmand:speed>1.4</osmand:speed>
        </extensions>
      </trkpt>
      <trkpt lat="43.7458001" lon="6.5657849">
        <ele>1092.2</ele>
        <time>2026-07-18T14:05:04Z</time>
        <hdop>3.1</hdop>
        <extensions>
          <osmand:speed>1.3</osmand:speed>
        </extensions>
      </trkpt>
      <trkpt lat="43.7458573" lon="6.5657408">
        <ele>1091.9</ele>
        <time>2026-07-18T14:05:09Z</time>
        <hdop>3.8</hdop>
        <extensions>
          <osmand:speed>1.3</osmand:speed>
        </extensions>
      </trkpt>
      <trkpt lat="43.7459227" lon="6.5657037">
        <ele>1091.4</ele>
        <time>2026-07-18T14:05:14Z</time>
        <hdop>3.4</hdop>
        <extensions>
          <osmand:speed>1.4</osmand:speed>
        </extensions>
      </trkpt>
      <trkpt lat="43.7459861" lon="6.5657083">
        <ele>1091.5</ele>
        <time>2026-07-18T14:05:20Z</time>
        <hdop>3.1</hdop>
        <extensions>
          <osmand:speed>1.1</osmand:speed>
        </extensions>
      </trkpt>
      <trkpt lat="43.7460298" lon="6.5657623">
        <ele>1092.1</ele>
        <time>2026-07-18T14:05:25Z</time>
        <hdop>3</hdop>
        <extensions>
          <osmand:speed>0.3</osmand:speed>
        </extensions>
      </trkpt>
      <trkpt lat="43.7460255" lon="6.5657711">
        <ele>1091.7</ele>
        <time>2026-07-18T14:05:30Z</time>
        <hdop>3</hdop>
        <extensions>
          <osmand:speed>0.1</osmand:speed>
        </extensions>
      </trkpt>
      <trkpt lat="43.7460337" lon="6.5657781">
        <ele>1092</ele>
        <time>2026-07-18T14:05:36Z</time>
        <hdop>3</hdop>
        <extensions>
          <osmand:speed>0.3</osmand:speed>
        </extensions>
      </trkpt>
      <trkpt lat="43.7461035" lon="6.5658375">
        <ele>1091.8</ele>
        <time>2026-07-18T14:05:41Z</time>
        <hdop>3</hdop>
        <extensions>
          <osmand:speed>1.2</osmand:speed>
        </extensions>
      </trkpt>
      <trkpt lat="43.7461558" lon="6.5658851">
        <ele>1091.6</ele>
        <time>2026-07-18T14:05:47Z</time>
        <hdop>3</hdop>
        <extensions>
          <osmand:speed>1.2</osmand:speed>
        </extensions>
      </trkpt>
      <trkpt lat="43.7462206" lon="6.565927">
        <ele>1091.1</ele>
        <time>2026-07-18T14:05:52Z</time>
        <hdop>3</hdop>
        <extensions>
          <osmand:speed>1.4</osmand:speed>
        </extensions>
      </trkpt>
      <trkpt lat="43.7462647" lon="6.5659652">
        <ele>1090.2</ele>
        <time>2026-07-18T14:05:57Z</time>
        <hdop>3</hdop>
        <extensions>
          <osmand:speed>0.6</osmand:speed>
        </extensions>
      </trkpt>
      <trkpt lat="43.746309" lon="6.5660003">
        <ele>1090.1</ele>
        <time>2026-07-18T14:06:02Z</time>
        <hdop>3</hdop>
        <extensions>
          <osmand:speed>1.3</osmand:speed>
        </extensions>
      </trkpt>
      <trkpt lat="43.7463663" lon="6.5660564">
        <ele>1089.6</ele>
        <time>2026-07-18T14:06:08Z</time>
        <hdop>3.1</hdop>
        <extensions>
          <osmand:speed>1.4</osmand:speed>
        </extensions>
      </trkpt>
      <trkpt lat="43.7464187" lon="6.5661115">
        <ele>1088.8</ele>
        <time>2026-07-18T14:06:13Z</time>
        <hdop>3</hdop>
        <extensions>
          <osmand:speed>1.4</osmand:speed>
        </extensions>
      </trkpt>
      <trkpt lat="43.7464856" lon="6.5661481">
        <ele>1088</ele>
        <time>2026-07-18T14:06:18Z</time>
        <hdop>3.1</hdop>
        <extensions>
          <osmand:speed>1.5</osmand:speed>
        </extensions>
      </trkpt>
      <trkpt lat="43.7465466" lon="6.5661722">
        <ele>1087.2</ele>
        <time>2026-07-18T14:06:24Z</time>
        <hdop>3.1</hdop>
        <extensions>
          <osmand:speed>1.3</osmand:speed>
        </extensions>
      </trkpt>
      <trkpt lat="43.7465463" lon="6.5661681">
        <ele>1086.4</ele>
        <time>2026-07-18T14:06:29Z</time>
        <hdop>3</hdop>
        <extensions>
          <osmand:speed>0.1</osmand:speed>
        </extensions>
      </trkpt>
      <trkpt lat="43.7465392" lon="6.5661629">
        <ele>1086.3</ele>
        <time>2026-07-18T14:06:34Z</time>
        <hdop>3</hdop>
        <extensions>
          <osmand:speed>0.1</osmand:speed>
        </extensions>
      </trkpt>
      <trkpt lat="43.7465366" lon="6.566161">
        <ele>1086.1</ele>
        <time>2026-07-18T14:06:41Z</time>
        <hdop>3</hdop>
        <extensions>
          <osmand:speed>0.1</osmand:speed>
        </extensions>
      </trkpt>
      <trkpt lat="43.7465335" lon="6.56616">
        <ele>1086.6</ele>
        <time>2026-07-18T14:06:46Z</time>
        <hdop>3</hdop>
        <extensions>
          <osmand:speed>0</osmand:speed>
        </extensions>
      </trkpt>
      <trkpt lat="43.7465789" lon="6.5661986">
        <ele>1086.8</ele>
        <time>2026-07-18T14:06:52Z</time>
        <hdop>3.2</hdop>
        <extensions>
          <osmand:speed>1.5</osmand:speed>
        </extensions>
      </trkpt>
      <trkpt lat="43.7466333" lon="6.5662748">
        <ele>1085.8</ele>
        <time>2026-07-18T14:06:57Z</time>
        <hdop>3.3</hdop>
        <extensions>
          <osmand:speed>1.2</osmand:speed>
        </extensions>
      </trkpt>
      <trkpt lat="43.7466704" lon="6.5663516">
        <ele>1085.2</ele>
        <time>2026-07-18T14:07:02Z</time>
        <hdop>3</hdop>
        <extensions>
          <osmand:speed>1.2</osmand:speed>
        </extensions>
      </trkpt>
      <trkpt lat="43.7466776" lon="6.5664459">
        <ele>1084.7</ele>
        <time>2026-07-18T14:07:07Z</time>
        <hdop>3</hdop>
        <extensions>
          <osmand:speed>1.3</osmand:speed>
        </extensions>
      </trkpt>
      <trkpt lat="43.7466769" lon="6.5665375">
        <ele>1084.2</ele>
        <time>2026-07-18T14:07:13Z</time>
        <hdop>3</hdop>
        <extensions>
          <osmand:speed>1.4</osmand:speed>
        </extensions>
      </trkpt>
      <trkpt lat="43.7466774" lon="6.5666186">
        <ele>1083.7</ele>
        <time>2026-07-18T14:07:18Z</time>
        <hdop>3</hdop>
        <extensions>
          <osmand:speed>1.3</osmand:speed>
        </extensions>
      </trkpt>
      <trkpt lat="43.7467047" lon="6.5666982">
        <ele>1082.8</ele>
        <time>2026-07-18T14:07:23Z</time>
        <hdop>3.1</hdop>
        <extensions>
          <osmand:speed>1.3</osmand:speed>
        </extensions>
      </trkpt>
      <trkpt lat="43.746732" lon="6.566772">
        <ele>1081.3</ele>
        <time>2026-07-18T14:07:28Z</time>
        <hdop>3</hdop>
        <extensions>
          <osmand:speed>1.4</osmand:speed>
        </extensions>
      </trkpt>
      <trkpt lat="43.7467865" lon="6.5668385">
        <ele>1080</ele>
        <time>2026-07-18T14:07:33Z</time>
        <hdop>3</hdop>
        <extensions>
          <osmand:speed>1.2</osmand:speed>
        </extensions>
      </trkpt>
      <trkpt lat="43.7468461" lon="6.5668781">
        <ele>1078</ele>
        <time>2026-07-18T14:07:38Z</time>
        <hdop>3</hdop>
        <extensions>
          <osmand:speed>1.3</osmand:speed>
        </extensions>
      </trkpt>
      <trkpt lat="43.7468875" lon="6.5668977">
        <ele>1076.7</ele>
        <time>2026-07-18T14:07:43Z</time>
        <hdop>3</hdop>
        <extensions>
          <osmand:speed>1.1</osmand:speed>
        </extensions>
      </trkpt>
      <trkpt lat="43.7469374" lon="6.5669075">
        <ele>1075.4</ele>
        <time>2026-07-18T14:07:49Z</time>
        <hdop>3</hdop>
        <extensions>
          <osmand:speed>1.1</osmand:speed>
        </extensions>
      </trkpt>
      <trkpt lat="43.7469719" lon="6.5669401">
        <ele>1074.1</ele>
        <time>2026-07-18T14:07:54Z</time>
        <hdop>3</hdop>
        <extensions>
          <osmand:speed>1.2</osmand:speed>
        </extensions>
      </trkpt>
      <trkpt lat="43.7470163" lon="6.5669681">
        <ele>1072.5</ele>
        <time>2026-07-18T14:07:59Z</time>
        <hdop>3</hdop>
        <extensions>
          <osmand:speed>1.3</osmand:speed>
        </extensions>
      </trkpt>
      <trkpt lat="43.747033" lon="6.5669303">
        <ele>1071.3</ele>
        <time>2026-07-18T14:08:04Z</time>
        <hdop>3</hdop>
        <extensions>
          <osmand:speed>0.5</osmand:speed>
        </extensions>
      </trkpt>
      <trkpt lat="43.7470521" lon="6.5668839">
        <ele>1070.5</ele>
        <time>2026-07-18T14:08:10Z</time>
        <hdop>3</hdop>
        <extensions>
          <osmand:speed>1.1</osmand:speed>
        </extensions>
      </trkpt>
      <trkpt lat="43.7471129" lon="6.5668829">
        <ele>1068.2</ele>
        <time>2026-07-18T14:08:15Z</time>
        <hdop>3</hdop>
        <extensions>
          <osmand:speed>1.1</osmand:speed>
        </extensions>
      </trkpt>
      <trkpt lat="43.7471573" lon="6.5669624">
        <ele>1066.5</ele>
        <time>2026-07-18T14:08:20Z</time>
        <hdop>3</hdop>
        <extensions>
          <osmand:speed>1.1</osmand:speed>
        </extensions>
      </trkpt>
      <trkpt lat="43.7471825" lon="6.5670569">
        <ele>1065.4</ele>
        <time>2026-07-18T14:08:26Z</time>
        <hdop>3</hdop>
        <extensions>
          <osmand:speed>1.2</osmand:speed>
        </extensions>
      </trkpt>
      <trkpt lat="43.7471934" lon="6.5671603">
        <ele>1064.4</ele>
        <time>2026-07-18T14:08:31Z</time>
        <hdop>3</hdop>
        <extensions>
          <osmand:speed>1.2</osmand:speed>
        </extensions>
      </trkpt>
      <trkpt lat="43.7472232" lon="6.5672384">
        <ele>1063</ele>
        <time>2026-07-18T14:08:37Z</time>
        <hdop>3</hdop>
        <extensions>
          <osmand:speed>1.4</osmand:speed>
        </extensions>
      </trkpt>
      <trkpt lat="43.7472443" lon="6.5673183">
        <ele>1060.8</ele>
        <time>2026-07-18T14:08:42Z</time>
        <hdop>3</hdop>
        <extensions>
          <osmand:speed>1.3</osmand:speed>
        </extensions>
      </trkpt>
      <trkpt lat="43.7472769" lon="6.5673888">
        <ele>1059.7</ele>
        <time>2026-07-18T14:08:48Z</time>
        <hdop>3</hdop>
        <extensions>
          <osmand:speed>1.3</osmand:speed>
        </extensions>
      </trkpt>
      <trkpt lat="43.7473085" lon="6.5674531">
        <ele>1058.7</ele>
        <time>2026-07-18T14:08:53Z</time>
        <hdop>3</hdop>
        <extensions>
          <osmand:speed>1</osmand:speed>
        </extensions>
      </trkpt>
      <trkpt lat="43.7473567" lon="6.5675052">
        <ele>1057.2</ele>
        <time>2026-07-18T14:08:58Z</time>
        <hdop>3</hdop>
        <extensions>
          <osmand:speed>1.3</osmand:speed>
        </extensions>
      </trkpt>
      <trkpt lat="43.7474095" lon="6.5675517">
        <ele>1056.6</ele>
        <time>2026-07-18T14:09:04Z</time>
        <hdop>3</hdop>
        <extensions>
          <osmand:speed>1.4</osmand:speed>
        </extensions>
      </trkpt>
      <trkpt lat="43.7474535" lon="6.5676101">
        <ele>1055.4</ele>
        <time>2026-07-18T14:09:09Z</time>
        <hdop>3.2</hdop>
        <extensions>
          <osmand:speed>1</osmand:speed>
        </extensions>
      </trkpt>
      <trkpt lat="43.7475048" lon="6.5676705">
        <ele>1053.1</ele>
        <time>2026-07-18T14:09:15Z</time>
        <hdop>3.1</hdop>
        <extensions>
          <osmand:speed>1.3</osmand:speed>
        </extensions>
      </trkpt>
      <trkpt lat="43.747544" lon="6.567735">
        <ele>1052.7</ele>
        <time>2026-07-18T14:09:20Z</time>
        <hdop>3</hdop>
        <extensions>
          <osmand:speed>1.2</osmand:speed>
        </extensions>
      </trkpt>
      <trkpt lat="43.7475769" lon="6.5678033">
        <ele>1051.6</ele>
        <time>2026-07-18T14:09:25Z</time>
        <hdop>3</hdop>
        <extensions>
          <osmand:speed>1.3</osmand:speed>
        </extensions>
      </trkpt>
      <trkpt lat="43.7476013" lon="6.5678914">
        <ele>1051</ele>
        <time>2026-07-18T14:09:31Z</time>
        <hdop>3</hdop>
        <extensions>
          <osmand:speed>1</osmand:speed>
        </extensions>
      </trkpt>
      <trkpt lat="43.7476295" lon="6.5679553">
        <ele>1049.2</ele>
        <time>2026-07-18T14:09:36Z</time>
        <hdop>3</hdop>
        <extensions>
          <osmand:speed>1.2</osmand:speed>
        </extensions>
      </trkpt>
      <trkpt lat="43.7476663" lon="6.5680135">
        <ele>1048</ele>
        <time>2026-07-18T14:09:41Z</time>
        <hdop>3</hdop>
        <extensions>
          <osmand:speed>1.1</osmand:speed>
        </extensions>
      </trkpt>
      <trkpt lat="43.7477072" lon="6.5680664">
        <ele>1047.6</ele>
        <time>2026-07-18T14:09:46Z</time>
        <hdop>3</hdop>
        <extensions>
          <osmand:speed>1.3</osmand:speed>
        </extensions>
      </trkpt>
      <trkpt lat="43.7477445" lon="6.5681325">
        <ele>1046.9</ele>
        <time>2026-07-18T14:09:52Z</time>
        <hdop>3</hdop>
        <extensions>
          <osmand:speed>1.2</osmand:speed>
        </extensions>
      </trkpt>
      <trkpt lat="43.7477864" lon="6.5681793">
        <ele>1045.8</ele>
        <time>2026-07-18T14:09:57Z</time>
        <hdop>3</hdop>
        <extensions>
          <osmand:speed>1.1</osmand:speed>
        </extensions>
      </trkpt>
      <trkpt lat="43.7478429" lon="6.5682243">
        <ele>1044.5</ele>
        <time>2026-07-18T14:10:02Z</time>
        <hdop>3.1</hdop>
        <extensions>
          <osmand:speed>1.3</osmand:speed>
        </extensions>
      </trkpt>
      <trkpt lat="43.7478809" lon="6.5682968">
        <ele>1044</ele>
        <time>2026-07-18T14:10:07Z</time>
        <hdop>3</hdop>
        <extensions>
          <osmand:speed>1.3</osmand:speed>
        </extensions>
      </trkpt>
      <trkpt lat="43.7479107" lon="6.5683894">
        <ele>1043</ele>
        <time>2026-07-18T14:10:13Z</time>
        <hdop>3</hdop>
        <extensions>
          <osmand:speed>1.3</osmand:speed>
        </extensions>
      </trkpt>
      <trkpt lat="43.7479186" lon="6.568405">
        <ele>1041.9</ele>
        <time>2026-07-18T14:10:18Z</time>
        <hdop>3</hdop>
        <extensions>
          <osmand:speed>0.3</osmand:speed>
        </extensions>
      </trkpt>
      <trkpt lat="43.7479098" lon="6.5684014">
        <ele>1042.1</ele>
        <time>2026-07-18T14:10:24Z</time>
        <hdop>3</hdop>
        <extensions>
          <osmand:speed>0.1</osmand:speed>
        </extensions>
      </trkpt>
      <trkpt lat="43.7479078" lon="6.5684087">
        <ele>1042.2</ele>
        <time>2026-07-18T14:10:30Z</time>
        <hdop>3</hdop>
        <extensions>
          <osmand:speed>0.1</osmand:speed>
        </extensions>
      </trkpt>
      <trkpt lat="43.7479448" lon="6.5684441">
        <ele>1041.9</ele>
        <time>2026-07-18T14:10:36Z</time>
        <hdop>3</hdop>
        <extensions>
          <osmand:speed>1.1</osmand:speed>
        </extensions>
      </trkpt>
      <trkpt lat="43.7479889" lon="6.5685118">
        <ele>1040.7</ele>
        <time>2026-07-18T14:10:41Z</time>
        <hdop>3</hdop>
        <extensions>
          <osmand:speed>1.3</osmand:speed>
        </extensions>
      </trkpt>
      <trkpt lat="43.7479992" lon="6.5685925">
        <ele>1039.1</ele>
        <time>2026-07-18T14:10:46Z</time>
        <hdop>3</hdop>
        <extensions>
          <osmand:speed>1.2</osmand:speed>
        </extensions>
      </trkpt>
      <trkpt lat="43.7479862" lon="6.568633">
        <ele>1038.7</ele>
        <time>2026-07-18T14:10:51Z</time>
        <hdop>3</hdop>
        <extensions>
          <osmand:speed>0.5</osmand:speed>
        </extensions>
      </trkpt>
      <trkpt lat="43.7479887" lon="6.5686276">
        <ele>1038.2</ele>
        <time>2026-07-18T14:10:57Z</time>
        <hdop>3</hdop>
        <extensions>
          <osmand:speed>0.1</osmand:speed>
        </extensions>
      </trkpt>
      <trkpt lat="43.7479864" lon="6.5686219">
        <ele>1037.6</ele>
        <time>2026-07-18T14:11:03Z</time>
        <hdop>3</hdop>
        <extensions>
          <osmand:speed>0</osmand:speed>
        </extensions>
      </trkpt>
      <trkpt lat="43.7479868" lon="6.5686209">
        <ele>1037.7</ele>
        <time>2026-07-18T14:11:08Z</time>
        <hdop>3</hdop>
        <extensions>
          <osmand:speed>0.1</osmand:speed>
        </extensions>
      </trkpt>
      <trkpt lat="43.7479872" lon="6.5686206">
        <ele>1038</ele>
        <time>2026-07-18T14:11:14Z</time>
        <hdop>3</hdop>
        <extensions>
          <osmand:speed>0</osmand:speed>
        </extensions>
      </trkpt>
      <trkpt lat="43.7479884" lon="6.5686207">
        <ele>1037.9</ele>
        <time>2026-07-18T14:11:19Z</time>
        <hdop>3</hdop>
        <extensions>
          <osmand:speed>0.1</osmand:speed>
        </extensions>
      </trkpt>
      <trkpt lat="43.7479903" lon="6.5686213">
        <ele>1038</ele>
        <time>2026-07-18T14:11:25Z</time>
        <hdop>3</hdop>
        <extensions>
          <osmand:speed>0.1</osmand:speed>
        </extensions>
      </trkpt>
      <trkpt lat="43.7479908" lon="6.5686212">
        <ele>1037.9</ele>
        <time>2026-07-18T14:11:30Z</time>
        <hdop>3</hdop>
        <extensions>
          <osmand:speed>0.1</osmand:speed>
        </extensions>
      </trkpt>
      <trkpt lat="43.7479912" lon="6.5686207">
        <ele>1037.8</ele>
        <time>2026-07-18T14:11:36Z</time>
        <hdop>3</hdop>
        <extensions>
          <osmand:speed>0.1</osmand:speed>
        </extensions>
      </trkpt>
      <trkpt lat="43.7479909" lon="6.5686206">
        <ele>1037.5</ele>
        <time>2026-07-18T14:11:42Z</time>
        <hdop>3</hdop>
        <extensions>
          <osmand:speed>0.1</osmand:speed>
        </extensions>
      </trkpt>
      <trkpt lat="43.7479913" lon="6.568621">
        <ele>1037.4</ele>
        <time>2026-07-18T14:11:47Z</time>
        <hdop>3</hdop>
        <extensions>
          <osmand:speed>0.1</osmand:speed>
        </extensions>
      </trkpt>
      <trkpt lat="43.7479915" lon="6.5686212">
        <ele>1037.3</ele>
        <time>2026-07-18T14:11:53Z</time>
        <hdop>3</hdop>
        <extensions>
          <osmand:speed>0.1</osmand:speed>
        </extensions>
      </trkpt>
      <trkpt lat="43.7479925" lon="6.5686217">
        <ele>1037.1</ele>
        <time>2026-07-18T14:11:59Z</time>
        <hdop>3.1</hdop>
        <extensions>
          <osmand:speed>0.1</osmand:speed>
        </extensions>
      </trkpt>
      <trkpt lat="43.7479932" lon="6.5686222">
        <ele>1037.1</ele>
        <time>2026-07-18T14:12:05Z</time>
        <hdop>3.5</hdop>
        <extensions>
          <osmand:speed>0.1</osmand:speed>
        </extensions>
      </trkpt>
      <trkpt lat="43.7479924" lon="6.5686219">
        <ele>1036.1</ele>
        <time>2026-07-18T14:12:10Z</time>
        <hdop>4</hdop>
        <extensions>
          <osmand:speed>0.1</osmand:speed>
        </extensions>
      </trkpt>
      <trkpt lat="43.7479901" lon="6.5686201">
        <ele>1036.7</ele>
        <time>2026-07-18T14:12:15Z</time>
        <hdop>3.4</hdop>
        <extensions>
          <osmand:speed>0.1</osmand:speed>
        </extensions>
      </trkpt>
      <trkpt lat="43.7479885" lon="6.5686183">
        <ele>1036</ele>
        <time>2026-07-18T14:12:20Z</time>
        <hdop>3</hdop>
        <extensions>
          <osmand:speed>0.1</osmand:speed>
        </extensions>
      </trkpt>
      <trkpt lat="43.7479862" lon="6.5686175">
        <ele>1035.8</ele>
        <time>2026-07-18T14:12:26Z</time>
        <hdop>3</hdop>
        <extensions>
          <osmand:speed>0.1</osmand:speed>
        </extensions>
      </trkpt>
      <trkpt lat="43.7479839" lon="6.5686167">
        <ele>1036</ele>
        <time>2026-07-18T14:12:32Z</time>
        <hdop>3</hdop>
        <extensions>
          <osmand:speed>0.1</osmand:speed>
        </extensions>
      </trkpt>
      <trkpt lat="43.7479836" lon="6.5686163">
        <ele>1035.7</ele>
        <time>2026-07-18T14:12:38Z</time>
        <hdop>3</hdop>
        <extensions>
          <osmand:speed>0.1</osmand:speed>
        </extensions>
      </trkpt>
      <trkpt lat="43.7479811" lon="6.5686199">
        <ele>1037.2</ele>
        <time>2026-07-18T14:12:43Z</time>
        <hdop>3</hdop>
        <extensions>
          <osmand:speed>0.1</osmand:speed>
        </extensions>
      </trkpt>
      <trkpt lat="43.7479785" lon="6.5686242">
        <ele>1037</ele>
        <time>2026-07-18T14:12:49Z</time>
        <hdop>3</hdop>
        <extensions>
          <osmand:speed>0.1</osmand:speed>
        </extensions>
      </trkpt>
      <trkpt lat="43.7479762" lon="6.5686268">
        <ele>1037.1</ele>
        <time>2026-07-18T14:12:55Z</time>
        <hdop>3</hdop>
        <extensions>
          <osmand:speed>0.1</osmand:speed>
        </extensions>
      </trkpt>
      <trkpt lat="43.7479747" lon="6.5686285">
        <ele>1037.4</ele>
        <time>2026-07-18T14:13:01Z</time>
        <hdop>3</hdop>
        <extensions>
          <osmand:speed>0.1</osmand:speed>
        </extensions>
      </trkpt>
      <trkpt lat="43.7479737" lon="6.5686292">
        <ele>1036.6</ele>
        <time>2026-07-18T14:13:07Z</time>
        <hdop>3</hdop>
        <extensions>
          <osmand:speed>0.1</osmand:speed>
        </extensions>
      </trkpt>
      <trkpt lat="43.7479733" lon="6.5686296">
        <ele>1037.3</ele>
        <time>2026-07-18T14:13:12Z</time>
        <hdop>3</hdop>
        <extensions>
          <osmand:speed>0.1</osmand:speed>
        </extensions>
      </trkpt>
      <trkpt lat="43.7479734" lon="6.5686285">
        <ele>1037</ele>
        <time>2026-07-18T14:13:18Z</time>
        <hdop>4.3</hdop>
      </trkpt>
      <trkpt lat="43.7479734" lon="6.5686285">
        <ele>1036.9</ele>
        <time>2026-07-18T14:13:23Z</time>
        <hdop>8.7</hdop>
      </trkpt>
      <trkpt lat="43.7479733" lon="6.5686285">
        <ele>1037.1</ele>
        <time>2026-07-18T14:13:29Z</time>
        <hdop>12</hdop>
      </trkpt>
      <trkpt lat="43.7479733" lon="6.5686284">
        <ele>1036.2</ele>
        <time>2026-07-18T14:13:34Z</time>
        <hdop>10.1</hdop>
      </trkpt>
      <trkpt lat="43.7479733" lon="6.5686284">
        <ele>1036.9</ele>
        <time>2026-07-18T14:13:40Z</time>
        <hdop>10.7</hdop>
      </trkpt>
      <trkpt lat="43.7479703" lon="6.5686257">
        <ele>1037</ele>
        <time>2026-07-18T14:13:45Z</time>
        <hdop>10</hdop>
      </trkpt>
      <trkpt lat="43.7479745" lon="6.5686224">
        <ele>1036.4</ele>
        <time>2026-07-18T14:13:51Z</time>
        <hdop>9.9</hdop>
      </trkpt>
      <trkpt lat="43.7479751" lon="6.568622">
        <ele>1036.4</ele>
        <time>2026-07-18T14:13:57Z</time>
        <hdop>9.9</hdop>
      </trkpt>
      <trkpt lat="43.7479753" lon="6.5686218">
        <ele>1034.9</ele>
        <time>2026-07-18T14:14:03Z</time>
        <hdop>9.9</hdop>
      </trkpt>
      <trkpt lat="43.7479753" lon="6.5686217">
        <ele>1034.9</ele>
        <time>2026-07-18T14:14:09Z</time>
        <hdop>9.9</hdop>
      </trkpt>
      <trkpt lat="43.7479754" lon="6.5686214">
        <ele>1034.7</ele>
        <time>2026-07-18T14:14:15Z</time>
        <hdop>9.9</hdop>
      </trkpt>
      <trkpt lat="43.7479754" lon="6.5686213">
        <ele>1034.8</ele>
        <time>2026-07-18T14:14:21Z</time>
        <hdop>9.9</hdop>
      </trkpt>
      <trkpt lat="43.7479753" lon="6.5686213">
        <ele>1035</ele>
        <time>2026-07-18T14:14:26Z</time>
        <hdop>9.9</hdop>
      </trkpt>
      <trkpt lat="43.7479753" lon="6.5686212">
        <ele>1034.9</ele>
        <time>2026-07-18T14:14:32Z</time>
        <hdop>10</hdop>
      </trkpt>
      <trkpt lat="43.7479755" lon="6.5686211">
        <ele>1035.5</ele>
        <time>2026-07-18T14:14:38Z</time>
        <hdop>9.9</hdop>
      </trkpt>
      <trkpt lat="43.7479755" lon="6.568621">
        <ele>1035.8</ele>
        <time>2026-07-18T14:14:44Z</time>
        <hdop>9.9</hdop>
      </trkpt>
      <trkpt lat="43.7479756" lon="6.568621">
        <ele>1035.6</ele>
        <time>2026-07-18T14:14:50Z</time>
        <hdop>9.9</hdop>
      </trkpt>
      <trkpt lat="43.7479867" lon="6.5686113">
        <ele>1035.3</ele>
        <time>2026-07-18T14:14:55Z</time>
        <hdop>9.9</hdop>
        <extensions>
          <osmand:speed>0.5</osmand:speed>
        </extensions>
      </trkpt>
      <trkpt lat="43.7479872" lon="6.568575">
        <ele>1035.8</ele>
        <time>2026-07-18T14:15:01Z</time>
        <hdop>9.9</hdop>
      </trkpt>
      <trkpt lat="43.7479866" lon="6.5685735">
        <ele>1035.7</ele>
        <time>2026-07-18T14:15:06Z</time>
        <hdop>9.9</hdop>
      </trkpt>
      <trkpt lat="43.7479866" lon="6.5685734">
        <ele>1036.5</ele>
        <time>2026-07-18T14:15:11Z</time>
        <hdop>9.9</hdop>
      </trkpt>
      <trkpt lat="43.7479862" lon="6.5685732">
        <ele>1035.6</ele>
        <time>2026-07-18T14:15:17Z</time>
        <hdop>5</hdop>
      </trkpt>
      <trkpt lat="43.7479862" lon="6.5685729">
        <ele>1035.4</ele>
        <time>2026-07-18T14:15:23Z</time>
        <hdop>3.8</hdop>
      </trkpt>
      <trkpt lat="43.7479863" lon="6.5685729">
        <ele>1035.6</ele>
        <time>2026-07-18T14:15:28Z</time>
        <hdop>3.8</hdop>
      </trkpt>
      <trkpt lat="43.7479863" lon="6.5685728">
        <ele>1035.5</ele>
        <time>2026-07-18T14:15:34Z</time>
        <hdop>3.8</hdop>
      </trkpt>
      <trkpt lat="43.7479862" lon="6.5685728">
        <ele>1035.3</ele>
        <time>2026-07-18T14:15:40Z</time>
        <hdop>3.8</hdop>
      </trkpt>
      <trkpt lat="43.7479863" lon="6.5685728">
        <ele>1036.4</ele>
        <time>2026-07-18T14:15:46Z</time>
        <hdop>3.8</hdop>
      </trkpt>
      <trkpt lat="43.7479855" lon="6.5685724">
        <ele>1036.6</ele>
        <time>2026-07-18T14:15:52Z</time>
        <hdop>3.8</hdop>
      </trkpt>
      <trkpt lat="43.7479853" lon="6.5685717">
        <ele>1035.5</ele>
        <time>2026-07-18T14:15:58Z</time>
        <hdop>3.8</hdop>
      </trkpt>
      <trkpt lat="43.7479852" lon="6.5685715">
        <ele>1035.4</ele>
        <time>2026-07-18T14:16:03Z</time>
        <hdop>3.8</hdop>
      </trkpt>
      <trkpt lat="43.747985" lon="6.5685714">
        <ele>1035.5</ele>
        <time>2026-07-18T14:16:09Z</time>
        <hdop>3.8</hdop>
      </trkpt>
      <trkpt lat="43.7479849" lon="6.5685714">
        <ele>1035.7</ele>
        <time>2026-07-18T14:16:15Z</time>
        <hdop>3.8</hdop>
      </trkpt>
      <trkpt lat="43.747985" lon="6.5685714">
        <ele>1036.7</ele>
        <time>2026-07-18T14:16:21Z</time>
        <hdop>3.8</hdop>
      </trkpt>
      <trkpt lat="43.7479852" lon="6.5685709">
        <ele>1035.5</ele>
        <time>2026-07-18T14:16:27Z</time>
        <hdop>3.8</hdop>
      </trkpt>
      <trkpt lat="43.7479823" lon="6.5686099">
        <ele>1034.9</ele>
        <time>2026-07-18T14:16:33Z</time>
        <hdop>3.8</hdop>
      </trkpt>
      <trkpt lat="43.7479847" lon="6.5686489">
        <ele>1033.9</ele>
        <time>2026-07-18T14:16:38Z</time>
        <hdop>8.7</hdop>
      </trkpt>
      <trkpt lat="43.7479832" lon="6.5686537">
        <ele>1033.8</ele>
        <time>2026-07-18T14:16:44Z</time>
        <hdop>9.9</hdop>
      </trkpt>
      <trkpt lat="43.7479835" lon="6.5686544">
        <ele>1034.3</ele>
        <time>2026-07-18T14:16:50Z</time>
        <hdop>9.9</hdop>
      </trkpt>
      <trkpt lat="43.7479838" lon="6.5686548">
        <ele>1033</ele>
        <time>2026-07-18T14:16:55Z</time>
        <hdop>9.9</hdop>
      </trkpt>
      <trkpt lat="43.7479841" lon="6.5686553">
        <ele>1033.4</ele>
        <time>2026-07-18T14:17:01Z</time>
        <hdop>9.9</hdop>
      </trkpt>
      <trkpt lat="43.7479844" lon="6.5686557">
        <ele>1033.1</ele>
        <time>2026-07-18T14:17:06Z</time>
        <hdop>9.9</hdop>
      </trkpt>
      <trkpt lat="43.7479847" lon="6.5686561">
        <ele>1033.8</ele>
        <time>2026-07-18T14:17:12Z</time>
        <hdop>9.9</hdop>
      </trkpt>
      <trkpt lat="43.7479849" lon="6.5686565">
        <ele>1034.1</ele>
        <time>2026-07-18T14:17:17Z</time>
        <hdop>9.9</hdop>
      </trkpt>
      <trkpt lat="43.7479851" lon="6.5686568">
        <ele>1033.3</ele>
        <time>2026-07-18T14:17:23Z</time>
        <hdop>9.9</hdop>
      </trkpt>
      <trkpt lat="43.7479851" lon="6.5686569">
        <ele>1033.1</ele>
        <time>2026-07-18T14:17:29Z</time>
        <hdop>9.9</hdop>
      </trkpt>
      <trkpt lat="43.7479841" lon="6.5686588">
        <ele>1032.7</ele>
        <time>2026-07-18T14:17:34Z</time>
        <hdop>9.9</hdop>
        <extensions>
          <osmand:speed>0.3</osmand:speed>
        </extensions>
      </trkpt>
      <trkpt lat="43.7479771" lon="6.5686354">
        <ele>1033.1</ele>
        <time>2026-07-18T14:17:40Z</time>
        <hdop>9.9</hdop>
        <extensions>
          <osmand:speed>0.3</osmand:speed>
        </extensions>
      </trkpt>
      <trkpt lat="43.7479678" lon="6.5686199">
        <ele>1033.8</ele>
        <time>2026-07-18T14:17:45Z</time>
        <hdop>9.9</hdop>
      </trkpt>
      <trkpt lat="43.747967" lon="6.5686194">
        <ele>1033.7</ele>
        <time>2026-07-18T14:17:51Z</time>
        <hdop>9.9</hdop>
      </trkpt>
      <trkpt lat="43.7479669" lon="6.5686196">
        <ele>1033.8</ele>
        <time>2026-07-18T14:17:56Z</time>
        <hdop>9.9</hdop>
      </trkpt>
      <trkpt lat="43.7479666" lon="6.5686197">
        <ele>1033.6</ele>
        <time>2026-07-18T14:18:01Z</time>
        <hdop>9.9</hdop>
      </trkpt>
      <trkpt lat="43.7479663" lon="6.5686197">
        <ele>1033.7</ele>
        <time>2026-07-18T14:18:07Z</time>
        <hdop>9.9</hdop>
      </trkpt>
      <trkpt lat="43.7479657" lon="6.5686194">
        <ele>1034.3</ele>
        <time>2026-07-18T14:18:13Z</time>
        <hdop>9.9</hdop>
      </trkpt>
      <trkpt lat="43.7479654" lon="6.5686195">
        <ele>1033.7</ele>
        <time>2026-07-18T14:18:19Z</time>
        <hdop>9.9</hdop>
      </trkpt>
      <trkpt lat="43.7479648" lon="6.5686193">
        <ele>1033.8</ele>
        <time>2026-07-18T14:18:24Z</time>
        <hdop>9.9</hdop>
      </trkpt>
      <trkpt lat="43.7479643" lon="6.5686193">
        <ele>1033.9</ele>
        <time>2026-07-18T14:18:29Z</time>
        <hdop>9.9</hdop>
      </trkpt>
      <trkpt lat="43.7479639" lon="6.5686196">
        <ele>1034.2</ele>
        <time>2026-07-18T14:18:35Z</time>
        <hdop>9.9</hdop>
      </trkpt>
      <trkpt lat="43.7479637" lon="6.5686201">
        <ele>1034.7</ele>
        <time>2026-07-18T14:18:41Z</time>
        <hdop>9.9</hdop>
      </trkpt>
      <trkpt lat="43.7479634" lon="6.5686205">
        <ele>1033.7</ele>
        <time>2026-07-18T14:18:47Z</time>
        <hdop>9.9</hdop>
      </trkpt>
      <trkpt lat="43.7479633" lon="6.5686206">
        <ele>1033.7</ele>
        <time>2026-07-18T14:18:52Z</time>
        <hdop>9.9</hdop>
      </trkpt>
      <trkpt lat="43.7479683" lon="6.5686425">
        <ele>1034.1</ele>
        <time>2026-07-18T14:18:58Z</time>
        <hdop>9.9</hdop>
      </trkpt>
      <trkpt lat="43.7479681" lon="6.5686431">
        <ele>1034.3</ele>
        <time>2026-07-18T14:19:04Z</time>
        <hdop>9.9</hdop>
      </trkpt>
      <trkpt lat="43.7479679" lon="6.5686433">
        <ele>1034.4</ele>
        <time>2026-07-18T14:19:09Z</time>
        <hdop>9.9</hdop>
      </trkpt>
      <trkpt lat="43.7479674" lon="6.5686422">
        <ele>1034.5</ele>
        <time>2026-07-18T14:19:15Z</time>
        <hdop>9.9</hdop>
        <extensions>
          <osmand:speed>0.2</osmand:speed>
        </extensions>
      </trkpt>
      <trkpt lat="43.7479695" lon="6.5686336">
        <ele>1035.1</ele>
        <time>2026-07-18T14:19:21Z</time>
        <hdop>9.9</hdop>
      </trkpt>
      <trkpt lat="43.7479724" lon="6.5686343">
        <ele>1035.5</ele>
        <time>2026-07-18T14:19:26Z</time>
        <hdop>9.9</hdop>
        <extensions>
          <osmand:speed>0.4</osmand:speed>
        </extensions>
      </trkpt>
      <trkpt lat="43.7480201" lon="6.568638">
        <ele>1035</ele>
        <time>2026-07-18T14:19:32Z</time>
        <hdop>9.9</hdop>
        <extensions>
          <osmand:speed>1</osmand:speed>
        </extensions>
      </trkpt>
      <trkpt lat="43.7480524" lon="6.5686707">
        <ele>1033.7</ele>
        <time>2026-07-18T14:19:38Z</time>
        <hdop>7.4</hdop>
        <extensions>
          <osmand:speed>1</osmand:speed>
        </extensions>
      </trkpt>
      <trkpt lat="43.7480702" lon="6.5687358">
        <ele>1032.9</ele>
        <time>2026-07-18T14:19:43Z</time>
        <hdop>5.7</hdop>
        <extensions>
          <osmand:speed>0.9</osmand:speed>
        </extensions>
      </trkpt>
      <trkpt lat="43.7480784" lon="6.5687941">
        <ele>1032</ele>
        <time>2026-07-18T14:19:48Z</time>
        <hdop>5.8</hdop>
        <extensions>
          <osmand:speed>0.7</osmand:speed>
        </extensions>
      </trkpt>
      <trkpt lat="43.7480992" lon="6.5688023">
        <ele>1031.9</ele>
        <time>2026-07-18T14:19:53Z</time>
        <hdop>5</hdop>
        <extensions>
          <osmand:speed>0.6</osmand:speed>
        </extensions>
      </trkpt>
      <trkpt lat="43.7481489" lon="6.5687786">
        <ele>1031.5</ele>
        <time>2026-07-18T14:19:58Z</time>
        <hdop>4.6</hdop>
        <extensions>
          <osmand:speed>0.9</osmand:speed>
        </extensions>
      </trkpt>
      <trkpt lat="43.7481937" lon="6.5687007">
        <ele>1030</ele>
        <time>2026-07-18T14:20:04Z</time>
        <hdop>3.5</hdop>
        <extensions>
          <osmand:speed>1.1</osmand:speed>
        </extensions>
      </trkpt>
      <trkpt lat="43.7482207" lon="6.5686017">
        <ele>1029.9</ele>
        <time>2026-07-18T14:20:09Z</time>
        <hdop>3</hdop>
        <extensions>
          <osmand:speed>1.1</osmand:speed>
        </extensions>
      </trkpt>
      <trkpt lat="43.7482146" lon="6.5685537">
        <ele>1029.5</ele>
        <time>2026-07-18T14:20:14Z</time>
        <hdop>3</hdop>
        <extensions>
          <osmand:speed>0.2</osmand:speed>
        </extensions>
      </trkpt>
      <trkpt lat="43.7482398" lon="6.5685379">
        <ele>1029.5</ele>
        <time>2026-07-18T14:20:20Z</time>
        <hdop>3</hdop>
        <extensions>
          <osmand:speed>0.6</osmand:speed>
        </extensions>
      </trkpt>
      <trkpt lat="43.7483074" lon="6.5685596">
        <ele>1028.7</ele>
        <time>2026-07-18T14:20:25Z</time>
        <hdop>3.1</hdop>
        <extensions>
          <osmand:speed>1.2</osmand:speed>
        </extensions>
      </trkpt>
      <trkpt lat="43.7483659" lon="6.5685361">
        <ele>1027.8</ele>
        <time>2026-07-18T14:20:30Z</time>
        <hdop>3</hdop>
        <extensions>
          <osmand:speed>1.2</osmand:speed>
        </extensions>
      </trkpt>
      <trkpt lat="43.7484267" lon="6.5685926">
        <ele>1027</ele>
        <time>2026-07-18T14:20:35Z</time>
        <hdop>3</hdop>
        <extensions>
          <osmand:speed>1.4</osmand:speed>
        </extensions>
      </trkpt>
      <trkpt lat="43.7484793" lon="6.5686256">
        <ele>1026.6</ele>
        <time>2026-07-18T14:20:41Z</time>
        <hdop>3</hdop>
        <extensions>
          <osmand:speed>1.2</osmand:speed>
        </extensions>
      </trkpt>
      <trkpt lat="43.7485354" lon="6.5686483">
        <ele>1025.6</ele>
        <time>2026-07-18T14:20:46Z</time>
        <hdop>3</hdop>
        <extensions>
          <osmand:speed>1.1</osmand:speed>
        </extensions>
      </trkpt>
      <trkpt lat="43.7485702" lon="6.5686453">
        <ele>1024.1</ele>
        <time>2026-07-18T14:20:51Z</time>
        <hdop>3</hdop>
        <extensions>
          <osmand:speed>0.9</osmand:speed>
        </extensions>
      </trkpt>
      <trkpt lat="43.7486104" lon="6.5686058">
        <ele>1023</ele>
        <time>2026-07-18T14:20:56Z</time>
        <hdop>3</hdop>
        <extensions>
          <osmand:speed>0.9</osmand:speed>
        </extensions>
      </trkpt>
      <trkpt lat="43.7486314" lon="6.5685102">
        <ele>1021.6</ele>
        <time>2026-07-18T14:21:02Z</time>
        <hdop>3</hdop>
        <extensions>
          <osmand:speed>1.2</osmand:speed>
        </extensions>
      </trkpt>
      <trkpt lat="43.7486603" lon="6.5684235">
        <ele>1020.3</ele>
        <time>2026-07-18T14:21:08Z</time>
        <hdop>3</hdop>
        <extensions>
          <osmand:speed>1.2</osmand:speed>
        </extensions>
      </trkpt>
      <trkpt lat="43.7487252" lon="6.5683765">
        <ele>1018.8</ele>
        <time>2026-07-18T14:21:13Z</time>
        <hdop>3</hdop>
        <extensions>
          <osmand:speed>1.4</osmand:speed>
        </extensions>
      </trkpt>
      <trkpt lat="43.7488005" lon="6.5683515">
        <ele>1017.6</ele>
        <time>2026-07-18T14:21:18Z</time>
        <hdop>3.2</hdop>
        <extensions>
          <osmand:speed>1.3</osmand:speed>
        </extensions>
      </trkpt>
      <trkpt lat="43.7488612" lon="6.5683175">
        <ele>1016.3</ele>
        <time>2026-07-18T14:21:23Z</time>
        <hdop>3</hdop>
        <extensions>
          <osmand:speed>1.3</osmand:speed>
        </extensions>
      </trkpt>
      <trkpt lat="43.7489161" lon="6.5682963">
        <ele>1016.2</ele>
        <time>2026-07-18T14:21:28Z</time>
        <hdop>3</hdop>
        <extensions>
          <osmand:speed>1</osmand:speed>
        </extensions>
      </trkpt>
      <trkpt lat="43.7489875" lon="6.5682923">
        <ele>1015.7</ele>
        <time>2026-07-18T14:21:34Z</time>
        <hdop>3</hdop>
        <extensions>
          <osmand:speed>1.1</osmand:speed>
        </extensions>
      </trkpt>
      <trkpt lat="43.74904" lon="6.5682701">
        <ele>1015.4</ele>
        <time>2026-07-18T14:21:40Z</time>
        <hdop>3</hdop>
        <extensions>
          <osmand:speed>1.3</osmand:speed>
        </extensions>
      </trkpt>
      <trkpt lat="43.7490838" lon="6.5682187">
        <ele>1014.4</ele>
        <time>2026-07-18T14:21:45Z</time>
        <hdop>3</hdop>
        <extensions>
          <osmand:speed>1.2</osmand:speed>
        </extensions>
      </trkpt>
      <trkpt lat="43.7490982" lon="6.5681538">
        <ele>1014.1</ele>
        <time>2026-07-18T14:21:50Z</time>
        <hdop>3</hdop>
        <extensions>
          <osmand:speed>1.1</osmand:speed>
        </extensions>
      </trkpt>
      <trkpt lat="43.7491013" lon="6.5680876">
        <ele>1013</ele>
        <time>2026-07-18T14:21:55Z</time>
        <hdop>3</hdop>
        <extensions>
          <osmand:speed>1.1</osmand:speed>
        </extensions>
      </trkpt>
      <trkpt lat="43.7491523" lon="6.5680336">
        <ele>1010.7</ele>
        <time>2026-07-18T14:22:00Z</time>
        <hdop>3.3</hdop>
        <extensions>
          <osmand:speed>1.5</osmand:speed>
        </extensions>
      </trkpt>
      <trkpt lat="43.7492097" lon="6.5679664">
        <ele>1008.6</ele>
        <time>2026-07-18T14:22:06Z</time>
        <hdop>3</hdop>
        <extensions>
          <osmand:speed>1.4</osmand:speed>
        </extensions>
      </trkpt>
      <trkpt lat="43.7492724" lon="6.567898">
        <ele>1007.4</ele>
        <time>2026-07-18T14:22:11Z</time>
        <hdop>3</hdop>
        <extensions>
          <osmand:speed>1.5</osmand:speed>
        </extensions>
      </trkpt>
      <trkpt lat="43.7493485" lon="6.5679166">
        <ele>1006.8</ele>
        <time>2026-07-18T14:22:17Z</time>
        <hdop>3.1</hdop>
        <extensions>
          <osmand:speed>1.4</osmand:speed>
        </extensions>
      </trkpt>
      <trkpt lat="43.7494056" lon="6.5679812">
        <ele>1005.3</ele>
        <time>2026-07-18T14:22:22Z</time>
        <hdop>3</hdop>
        <extensions>
          <osmand:speed>1.2</osmand:speed>
        </extensions>
      </trkpt>
      <trkpt lat="43.7494549" lon="6.5680553">
        <ele>1003.4</ele>
        <time>2026-07-18T14:22:28Z</time>
        <hdop>3</hdop>
        <extensions>
          <osmand:speed>1.5</osmand:speed>
        </extensions>
      </trkpt>
      <trkpt lat="43.7494891" lon="6.568143">
        <ele>1002.2</ele>
        <time>2026-07-18T14:22:33Z</time>
        <hdop>3</hdop>
        <extensions>
          <osmand:speed>1.4</osmand:speed>
        </extensions>
      </trkpt>
      <trkpt lat="43.7495376" lon="6.5682045">
        <ele>1001</ele>
        <time>2026-07-18T14:22:38Z</time>
        <hdop>3</hdop>
        <extensions>
          <osmand:speed>1.4</osmand:speed>
        </extensions>
      </trkpt>
      <trkpt lat="43.7496152" lon="6.5682306">
        <ele>998.3</ele>
        <time>2026-07-18T14:22:44Z</time>
        <hdop>3.1</hdop>
        <extensions>
          <osmand:speed>1.5</osmand:speed>
        </extensions>
      </trkpt>
      <trkpt lat="43.7496521" lon="6.5681857">
        <ele>997.1</ele>
        <time>2026-07-18T14:22:49Z</time>
        <hdop>3</hdop>
        <extensions>
          <osmand:speed>0.6</osmand:speed>
        </extensions>
      </trkpt>
      <trkpt lat="43.7497147" lon="6.5681234">
        <ele>996</ele>
        <time>2026-07-18T14:22:54Z</time>
        <hdop>3.1</hdop>
        <extensions>
          <osmand:speed>1.1</osmand:speed>
        </extensions>
      </trkpt>
      <trkpt lat="43.749779" lon="6.5680626">
        <ele>994.6</ele>
        <time>2026-07-18T14:22:59Z</time>
        <hdop>3.1</hdop>
        <extensions>
          <osmand:speed>1.4</osmand:speed>
        </extensions>
      </trkpt>
      <trkpt lat="43.7498306" lon="6.5680167">
        <ele>993.1</ele>
        <time>2026-07-18T14:23:04Z</time>
        <hdop>3.1</hdop>
        <extensions>
          <osmand:speed>1.4</osmand:speed>
        </extensions>
      </trkpt>
      <trkpt lat="43.7498817" lon="6.5679771">
        <ele>992.5</ele>
        <time>2026-07-18T14:23:10Z</time>
        <hdop>3</hdop>
        <extensions>
          <osmand:speed>1.3</osmand:speed>
        </extensions>
      </trkpt>
      <trkpt lat="43.7499349" lon="6.5679528">
        <ele>992</ele>
        <time>2026-07-18T14:23:15Z</time>
        <hdop>3</hdop>
        <extensions>
          <osmand:speed>1.2</osmand:speed>
        </extensions>
      </trkpt>
      <trkpt lat="43.7499953" lon="6.5679066">
        <ele>991.1</ele>
        <time>2026-07-18T14:23:20Z</time>
        <hdop>3.1</hdop>
        <extensions>
          <osmand:speed>1.3</osmand:speed>
        </extensions>
      </trkpt>
      <trkpt lat="43.7500559" lon="6.5678708">
        <ele>988.8</ele>
        <time>2026-07-18T14:23:26Z</time>
        <hdop>3.1</hdop>
        <extensions>
          <osmand:speed>1.6</osmand:speed>
        </extensions>
      </trkpt>
      <trkpt lat="43.7501349" lon="6.5679029">
        <ele>987.6</ele>
        <time>2026-07-18T14:23:31Z</time>
        <hdop>3</hdop>
        <extensions>
          <osmand:speed>1.2</osmand:speed>
        </extensions>
      </trkpt>
      <trkpt lat="43.7502066" lon="6.5679329">
        <ele>986.5</ele>
        <time>2026-07-18T14:23:37Z</time>
        <hdop>3</hdop>
        <extensions>
          <osmand:speed>1.6</osmand:speed>
        </extensions>
      </trkpt>
      <trkpt lat="43.7502735" lon="6.5679495">
        <ele>985.4</ele>
        <time>2026-07-18T14:23:42Z</time>
        <hdop>3</hdop>
        <extensions>
          <osmand:speed>1.2</osmand:speed>
        </extensions>
      </trkpt>
      <trkpt lat="43.7503134" lon="6.5679885">
        <ele>984.5</ele>
        <time>2026-07-18T14:23:47Z</time>
        <hdop>3</hdop>
        <extensions>
          <osmand:speed>1.3</osmand:speed>
        </extensions>
      </trkpt>
      <trkpt lat="43.7503723" lon="6.5680625">
        <ele>983.5</ele>
        <time>2026-07-18T14:23:53Z</time>
        <hdop>3.1</hdop>
        <extensions>
          <osmand:speed>1.5</osmand:speed>
        </extensions>
      </trkpt>
      <trkpt lat="43.7504479" lon="6.5680955">
        <ele>982.3</ele>
        <time>2026-07-18T14:23:58Z</time>
        <hdop>3.1</hdop>
        <extensions>
          <osmand:speed>1.3</osmand:speed>
        </extensions>
      </trkpt>
      <trkpt lat="43.7505042" lon="6.5680656">
        <ele>981.5</ele>
        <time>2026-07-18T14:24:03Z</time>
        <hdop>3</hdop>
        <extensions>
          <osmand:speed>1.4</osmand:speed>
        </extensions>
      </trkpt>
      <trkpt lat="43.7505692" lon="6.5680396">
        <ele>980.4</ele>
        <time>2026-07-18T14:24:08Z</time>
        <hdop>3</hdop>
        <extensions>
          <osmand:speed>1.4</osmand:speed>
        </extensions>
      </trkpt>
      <trkpt lat="43.7506208" lon="6.567998">
        <ele>979.5</ele>
        <time>2026-07-18T14:24:13Z</time>
        <hdop>3</hdop>
        <extensions>
          <osmand:speed>1.3</osmand:speed>
        </extensions>
      </trkpt>
      <trkpt lat="43.7506763" lon="6.5679374">
        <ele>978.5</ele>
        <time>2026-07-18T14:24:19Z</time>
        <hdop>3</hdop>
        <extensions>
          <osmand:speed>1.4</osmand:speed>
        </extensions>
      </trkpt>
      <trkpt lat="43.7507424" lon="6.5679361">
        <ele>977.5</ele>
        <time>2026-07-18T14:24:24Z</time>
        <hdop>3</hdop>
        <extensions>
          <osmand:speed>1.4</osmand:speed>
        </extensions>
      </trkpt>
      <trkpt lat="43.7508074" lon="6.5679598">
        <ele>976.5</ele>
        <time>2026-07-18T14:24:29Z</time>
        <hdop>3</hdop>
        <extensions>
          <osmand:speed>1.4</osmand:speed>
        </extensions>
      </trkpt>
      <trkpt lat="43.7508841" lon="6.5679728">
        <ele>975.8</ele>
        <time>2026-07-18T14:24:35Z</time>
        <hdop>3</hdop>
        <extensions>
          <osmand:speed>1.5</osmand:speed>
        </extensions>
      </trkpt>
      <trkpt lat="43.7509531" lon="6.5679998">
        <ele>974.8</ele>
        <time>2026-07-18T14:24:40Z</time>
        <hdop>3</hdop>
        <extensions>
          <osmand:speed>1.3</osmand:speed>
        </extensions>
      </trkpt>
      <trkpt lat="43.7510224" lon="6.5680153">
        <ele>974.3</ele>
        <time>2026-07-18T14:24:45Z</time>
        <hdop>3</hdop>
        <extensions>
          <osmand:speed>1.2</osmand:speed>
        </extensions>
      </trkpt>
      <trkpt lat="43.751092" lon="6.5680706">
        <ele>973.4</ele>
        <time>2026-07-18T14:24:52Z</time>
        <hdop>3.1</hdop>
        <extensions>
          <osmand:speed>1.5</osmand:speed>
        </extensions>
      </trkpt>
      <trkpt lat="43.751147" lon="6.5681435">
        <ele>972.5</ele>
        <time>2026-07-18T14:24:57Z</time>
        <hdop>3</hdop>
        <extensions>
          <osmand:speed>1.3</osmand:speed>
        </extensions>
      </trkpt>
      <trkpt lat="43.7511957" lon="6.5681893">
        <ele>971.6</ele>
        <time>2026-07-18T14:25:02Z</time>
        <hdop>3</hdop>
        <extensions>
          <osmand:speed>1.2</osmand:speed>
        </extensions>
      </trkpt>
      <trkpt lat="43.7512638" lon="6.5682182">
        <ele>970.9</ele>
        <time>2026-07-18T14:25:07Z</time>
        <hdop>3</hdop>
        <extensions>
          <osmand:speed>1.2</osmand:speed>
        </extensions>
      </trkpt>
      <trkpt lat="43.751332" lon="6.5682159">
        <ele>970.7</ele>
        <time>2026-07-18T14:25:13Z</time>
        <hdop>3</hdop>
        <extensions>
          <osmand:speed>1.3</osmand:speed>
        </extensions>
      </trkpt>
      <trkpt lat="43.7514013" lon="6.5682067">
        <ele>970.1</ele>
        <time>2026-07-18T14:25:18Z</time>
        <hdop>4.1</hdop>
        <extensions>
          <osmand:speed>1.4</osmand:speed>
        </extensions>
      </trkpt>
      <trkpt lat="43.7514704" lon="6.5682316">
        <ele>968.8</ele>
        <time>2026-07-18T14:25:24Z</time>
        <hdop>5.3</hdop>
        <extensions>
          <osmand:speed>1.2</osmand:speed>
        </extensions>
      </trkpt>
      <trkpt lat="43.751534" lon="6.5682994">
        <ele>967.5</ele>
        <time>2026-07-18T14:25:29Z</time>
        <hdop>5.2</hdop>
        <extensions>
          <osmand:speed>1.4</osmand:speed>
        </extensions>
      </trkpt>
      <trkpt lat="43.7515876" lon="6.5683619">
        <ele>966.9</ele>
        <time>2026-07-18T14:25:34Z</time>
        <hdop>5.4</hdop>
        <extensions>
          <osmand:speed>1.4</osmand:speed>
        </extensions>
      </trkpt>
      <trkpt lat="43.7516422" lon="6.5684179">
        <ele>965.7</ele>
        <time>2026-07-18T14:25:40Z</time>
        <hdop>5.4</hdop>
        <extensions>
          <osmand:speed>1.4</osmand:speed>
        </extensions>
      </trkpt>
      <trkpt lat="43.7517071" lon="6.5684896">
        <ele>965</ele>
        <time>2026-07-18T14:25:46Z</time>
        <hdop>3.1</hdop>
        <extensions>
          <osmand:speed>1.2</osmand:speed>
        </extensions>
      </trkpt>
      <trkpt lat="43.7517559" lon="6.5685495">
        <ele>963.3</ele>
        <time>2026-07-18T14:25:51Z</time>
        <hdop>3</hdop>
        <extensions>
          <osmand:speed>1.2</osmand:speed>
        </extensions>
      </trkpt>
      <trkpt lat="43.7518212" lon="6.5685815">
        <ele>962.4</ele>
        <time>2026-07-18T14:25:56Z</time>
        <hdop>3</hdop>
        <extensions>
          <osmand:speed>1.2</osmand:speed>
        </extensions>
      </trkpt>
      <trkpt lat="43.7518815" lon="6.5686257">
        <ele>961.3</ele>
        <time>2026-07-18T14:26:01Z</time>
        <hdop>3</hdop>
        <extensions>
          <osmand:speed>1.3</osmand:speed>
        </extensions>
      </trkpt>
      <trkpt lat="43.7519385" lon="6.5686688">
        <ele>960.3</ele>
        <time>2026-07-18T14:26:06Z</time>
        <hdop>3</hdop>
        <extensions>
          <osmand:speed>1.5</osmand:speed>
        </extensions>
      </trkpt>
      <trkpt lat="43.7520073" lon="6.5686651">
        <ele>959</ele>
        <time>2026-07-18T14:26:12Z</time>
        <hdop>3</hdop>
        <extensions>
          <osmand:speed>1.3</osmand:speed>
        </extensions>
      </trkpt>
      <trkpt lat="43.7520722" lon="6.5686271">
        <ele>958</ele>
        <time>2026-07-18T14:26:17Z</time>
        <hdop>3</hdop>
        <extensions>
          <osmand:speed>1.4</osmand:speed>
        </extensions>
      </trkpt>
      <trkpt lat="43.7521412" lon="6.5685868">
        <ele>957.3</ele>
        <time>2026-07-18T14:26:23Z</time>
        <hdop>3</hdop>
        <extensions>
          <osmand:speed>1.2</osmand:speed>
        </extensions>
      </trkpt>
      <trkpt lat="43.7522028" lon="6.5685688">
        <ele>956.2</ele>
        <time>2026-07-18T14:26:28Z</time>
        <hdop>3</hdop>
        <extensions>
          <osmand:speed>1.2</osmand:speed>
        </extensions>
      </trkpt>
      <trkpt lat="43.7522737" lon="6.5685331">
        <ele>955.2</ele>
        <time>2026-07-18T14:26:34Z</time>
        <hdop>3</hdop>
        <extensions>
          <osmand:speed>1.2</osmand:speed>
        </extensions>
      </trkpt>
      <trkpt lat="43.7523339" lon="6.5684797">
        <ele>954.4</ele>
        <time>2026-07-18T14:26:39Z</time>
        <hdop>3</hdop>
        <extensions>
          <osmand:speed>1.3</osmand:speed>
        </extensions>
      </trkpt>
      <trkpt lat="43.7523802" lon="6.5684232">
        <ele>953.4</ele>
        <time>2026-07-18T14:26:44Z</time>
        <hdop>3.4</hdop>
        <extensions>
          <osmand:speed>1.2</osmand:speed>
        </extensions>
      </trkpt>
      <trkpt lat="43.7524685" lon="6.5683846">
        <ele>951.5</ele>
        <time>2026-07-18T14:26:50Z</time>
        <hdop>4.7</hdop>
        <extensions>
          <osmand:speed>1.1</osmand:speed>
        </extensions>
      </trkpt>
      <trkpt lat="43.7525423" lon="6.5683906">
        <ele>950.3</ele>
        <time>2026-07-18T14:26:56Z</time>
        <hdop>4.5</hdop>
        <extensions>
          <osmand:speed>1.3</osmand:speed>
        </extensions>
      </trkpt>
      <trkpt lat="43.7526263" lon="6.5684002">
        <ele>949.7</ele>
        <time>2026-07-18T14:27:01Z</time>
        <hdop>5</hdop>
        <extensions>
          <osmand:speed>1.5</osmand:speed>
        </extensions>
      </trkpt>
      <trkpt lat="43.7527089" lon="6.568385">
        <ele>948.6</ele>
        <time>2026-07-18T14:27:07Z</time>
        <hdop>5.6</hdop>
        <extensions>
          <osmand:speed>1.5</osmand:speed>
        </extensions>
      </trkpt>
      <trkpt lat="43.7527737" lon="6.5683161">
        <ele>947.8</ele>
        <time>2026-07-18T14:27:12Z</time>
        <hdop>5.3</hdop>
        <extensions>
          <osmand:speed>1.4</osmand:speed>
        </extensions>
      </trkpt>
      <trkpt lat="43.7528233" lon="6.5682823">
        <ele>947.2</ele>
        <time>2026-07-18T14:27:17Z</time>
        <hdop>3.7</hdop>
        <extensions>
          <osmand:speed>1.1</osmand:speed>
        </extensions>
      </trkpt>
      <trkpt lat="43.7528839" lon="6.56824">
        <ele>946.3</ele>
        <time>2026-07-18T14:27:22Z</time>
        <hdop>3.1</hdop>
        <extensions>
          <osmand:speed>1.3</osmand:speed>
        </extensions>
      </trkpt>
      <trkpt lat="43.7529387" lon="6.5681973">
        <ele>945.3</ele>
        <time>2026-07-18T14:27:27Z</time>
        <hdop>3.2</hdop>
        <extensions>
          <osmand:speed>1.1</osmand:speed>
        </extensions>
      </trkpt>
      <trkpt lat="43.7529972" lon="6.568158">
        <ele>944.8</ele>
        <time>2026-07-18T14:27:33Z</time>
        <hdop>3</hdop>
        <extensions>
          <osmand:speed>1</osmand:speed>
        </extensions>
      </trkpt>
      <trkpt lat="43.7530146" lon="6.5681328">
        <ele>943.9</ele>
        <time>2026-07-18T14:27:38Z</time>
        <hdop>3</hdop>
        <extensions>
          <osmand:speed>0.1</osmand:speed>
        </extensions>
      </trkpt>
      <trkpt lat="43.7530168" lon="6.5681252">
        <ele>944.1</ele>
        <time>2026-07-18T14:27:44Z</time>
        <hdop>3</hdop>
        <extensions>
          <osmand:speed>0.3</osmand:speed>
        </extensions>
      </trkpt>
      <trkpt lat="43.7530688" lon="6.5680901">
        <ele>943.9</ele>
        <time>2026-07-18T14:27:49Z</time>
        <hdop>3</hdop>
        <extensions>
          <osmand:speed>0.3</osmand:speed>
        </extensions>
      </trkpt>
      <trkpt lat="43.753065" lon="6.5680936">
        <ele>943.3</ele>
        <time>2026-07-18T14:27:55Z</time>
        <hdop>3</hdop>
        <extensions>
          <osmand:speed>0</osmand:speed>
        </extensions>
      </trkpt>
      <trkpt lat="43.7530468" lon="6.5681157">
        <ele>943.9</ele>
        <time>2026-07-18T14:28:00Z</time>
        <hdop>3</hdop>
        <extensions>
          <osmand:speed>0.2</osmand:speed>
        </extensions>
      </trkpt>
      <trkpt lat="43.7530317" lon="6.5681257">
        <ele>944.6</ele>
        <time>2026-07-18T14:28:06Z</time>
        <hdop>3</hdop>
        <extensions>
          <osmand:speed>0.1</osmand:speed>
        </extensions>
      </trkpt>
      <trkpt lat="43.7530261" lon="6.5681301">
        <ele>945.1</ele>
        <time>2026-07-18T14:28:11Z</time>
        <hdop>3</hdop>
        <extensions>
          <osmand:speed>0.1</osmand:speed>
        </extensions>
      </trkpt>
      <trkpt lat="43.7530222" lon="6.5681334">
        <ele>944.9</ele>
        <time>2026-07-18T14:28:17Z</time>
        <hdop>3</hdop>
        <extensions>
          <osmand:speed>0.1</osmand:speed>
        </extensions>
      </trkpt>
      <trkpt lat="43.7530213" lon="6.5681324">
        <ele>945</ele>
        <time>2026-07-18T14:28:22Z</time>
        <hdop>3</hdop>
        <extensions>
          <osmand:speed>0</osmand:speed>
        </extensions>
      </trkpt>
      <trkpt lat="43.7530212" lon="6.5681293">
        <ele>945.5</ele>
        <time>2026-07-18T14:28:28Z</time>
        <hdop>3</hdop>
        <extensions>
          <osmand:speed>0.1</osmand:speed>
        </extensions>
      </trkpt>
      <trkpt lat="43.7530209" lon="6.5681269">
        <ele>945.6</ele>
        <time>2026-07-18T14:28:33Z</time>
        <hdop>3</hdop>
        <extensions>
          <osmand:speed>0.1</osmand:speed>
        </extensions>
      </trkpt>
      <trkpt lat="43.7530201" lon="6.5681207">
        <ele>945.8</ele>
        <time>2026-07-18T14:28:39Z</time>
        <hdop>3.1</hdop>
        <extensions>
          <osmand:speed>0.5</osmand:speed>
        </extensions>
      </trkpt>
      <trkpt lat="43.7530668" lon="6.5680817">
        <ele>945.2</ele>
        <time>2026-07-18T14:28:44Z</time>
        <hdop>5.9</hdop>
        <extensions>
          <osmand:speed>1.3</osmand:speed>
        </extensions>
      </trkpt>
      <trkpt lat="43.753118" lon="6.5680498">
        <ele>944.4</ele>
        <time>2026-07-18T14:28:49Z</time>
        <hdop>6.2</hdop>
        <extensions>
          <osmand:speed>1.1</osmand:speed>
        </extensions>
      </trkpt>
      <trkpt lat="43.753158" lon="6.5680266">
        <ele>943.1</ele>
        <time>2026-07-18T14:28:55Z</time>
        <hdop>5</hdop>
        <extensions>
          <osmand:speed>0.7</osmand:speed>
        </extensions>
      </trkpt>
      <trkpt lat="43.7531796" lon="6.5680138">
        <ele>942.2</ele>
        <time>2026-07-18T14:29:00Z</time>
        <hdop>4.5</hdop>
        <extensions>
          <osmand:speed>0.7</osmand:speed>
        </extensions>
      </trkpt>
      <trkpt lat="43.753232" lon="6.5680079">
        <ele>940.9</ele>
        <time>2026-07-18T14:29:05Z</time>
        <hdop>4.9</hdop>
        <extensions>
          <osmand:speed>0.7</osmand:speed>
        </extensions>
      </trkpt>
      <trkpt lat="43.7532468" lon="6.568005">
        <ele>939.6</ele>
        <time>2026-07-18T14:29:10Z</time>
        <hdop>4.7</hdop>
        <extensions>
          <osmand:speed>0.2</osmand:speed>
        </extensions>
      </trkpt>
      <trkpt lat="43.7532511" lon="6.568006">
        <ele>939.3</ele>
        <time>2026-07-18T14:29:17Z</time>
        <hdop>3.7</hdop>
        <extensions>
          <osmand:speed>0</osmand:speed>
        </extensions>
      </trkpt>
      <trkpt lat="43.7532579" lon="6.5680054">
        <ele>939.3</ele>
        <time>2026-07-18T14:29:22Z</time>
        <hdop>3.4</hdop>
        <extensions>
          <osmand:speed>0.1</osmand:speed>
        </extensions>
      </trkpt>
      <trkpt lat="43.7532617" lon="6.5680058">
        <ele>939.2</ele>
        <time>2026-07-18T14:29:27Z</time>
        <hdop>3.4</hdop>
        <extensions>
          <osmand:speed>0.1</osmand:speed>
        </extensions>
      </trkpt>
      <trkpt lat="43.7532649" lon="6.5680054">
        <ele>939.3</ele>
        <time>2026-07-18T14:29:33Z</time>
        <hdop>3.2</hdop>
        <extensions>
          <osmand:speed>0</osmand:speed>
        </extensions>
      </trkpt>
      <trkpt lat="43.7532685" lon="6.5680056">
        <ele>939.3</ele>
        <time>2026-07-18T14:29:39Z</time>
        <hdop>3.1</hdop>
        <extensions>
          <osmand:speed>0.1</osmand:speed>
        </extensions>
      </trkpt>
      <trkpt lat="43.7532719" lon="6.5680057">
        <ele>939.4</ele>
        <time>2026-07-18T14:29:45Z</time>
        <hdop>3.2</hdop>
        <extensions>
          <osmand:speed>0.1</osmand:speed>
        </extensions>
      </trkpt>
      <trkpt lat="43.7532747" lon="6.5680049">
        <ele>939.1</ele>
        <time>2026-07-18T14:29:51Z</time>
        <hdop>3.5</hdop>
        <extensions>
          <osmand:speed>0.1</osmand:speed>
        </extensions>
      </trkpt>
      <trkpt lat="43.7532764" lon="6.5680043">
        <ele>939.1</ele>
        <time>2026-07-18T14:29:57Z</time>
        <hdop>3.7</hdop>
        <extensions>
          <osmand:speed>0.1</osmand:speed>
        </extensions>
      </trkpt>
      <trkpt lat="43.7532773" lon="6.5680031">
        <ele>939.1</ele>
        <time>2026-07-18T14:30:02Z</time>
        <hdop>3.9</hdop>
        <extensions>
          <osmand:speed>0.1</osmand:speed>
        </extensions>
      </trkpt>
      <trkpt lat="43.7532783" lon="6.568003">
        <ele>939.5</ele>
        <time>2026-07-18T14:30:08Z</time>
        <hdop>3.9</hdop>
        <extensions>
          <osmand:speed>0.2</osmand:speed>
        </extensions>
      </trkpt>
      <trkpt lat="43.7533148" lon="6.5679743">
        <ele>938.7</ele>
        <time>2026-07-18T14:30:13Z</time>
        <hdop>6.1</hdop>
        <extensions>
          <osmand:speed>1</osmand:speed>
        </extensions>
      </trkpt>
      <trkpt lat="43.7533155" lon="6.5679768">
        <ele>938.1</ele>
        <time>2026-07-18T14:30:19Z</time>
        <hdop>5.2</hdop>
        <extensions>
          <osmand:speed>0.1</osmand:speed>
        </extensions>
      </trkpt>
      <trkpt lat="43.7533214" lon="6.5679791">
        <ele>937.9</ele>
        <time>2026-07-18T14:30:24Z</time>
        <hdop>4.1</hdop>
        <extensions>
          <osmand:speed>0.1</osmand:speed>
        </extensions>
      </trkpt>
      <trkpt lat="43.7533259" lon="6.5679776">
        <ele>938.1</ele>
        <time>2026-07-18T14:30:30Z</time>
        <hdop>4</hdop>
        <extensions>
          <osmand:speed>0.1</osmand:speed>
        </extensions>
      </trkpt>
      <trkpt lat="43.7533311" lon="6.5679718">
        <ele>937.9</ele>
        <time>2026-07-18T14:30:35Z</time>
        <hdop>4.2</hdop>
        <extensions>
          <osmand:speed>0.1</osmand:speed>
        </extensions>
      </trkpt>
      <trkpt lat="43.7533327" lon="6.5679692">
        <ele>937.4</ele>
        <time>2026-07-18T14:30:41Z</time>
        <hdop>4.1</hdop>
        <extensions>
          <osmand:speed>0.1</osmand:speed>
        </extensions>
      </trkpt>
      <trkpt lat="43.753344" lon="6.5679606">
        <ele>937.3</ele>
        <time>2026-07-18T14:30:46Z</time>
        <hdop>4</hdop>
        <extensions>
          <osmand:speed>0.2</osmand:speed>
        </extensions>
      </trkpt>
      <trkpt lat="43.7533974" lon="6.5679162">
        <ele>936.9</ele>
        <time>2026-07-18T14:30:51Z</time>
        <hdop>4.9</hdop>
        <extensions>
          <osmand:speed>0.9</osmand:speed>
        </extensions>
      </trkpt>
      <trkpt lat="43.7534493" lon="6.5678736">
        <ele>936.4</ele>
        <time>2026-07-18T14:30:56Z</time>
        <hdop>4.9</hdop>
        <extensions>
          <osmand:speed>0.8</osmand:speed>
        </extensions>
      </trkpt>
      <trkpt lat="43.7535083" lon="6.5678402">
        <ele>934.6</ele>
        <time>2026-07-18T14:31:02Z</time>
        <hdop>5.4</hdop>
        <extensions>
          <osmand:speed>1</osmand:speed>
        </extensions>
      </trkpt>
      <trkpt lat="43.7535857" lon="6.5677559">
        <ele>933.2</ele>
        <time>2026-07-18T14:31:07Z</time>
        <hdop>4.6</hdop>
        <extensions>
          <osmand:speed>1.4</osmand:speed>
        </extensions>
      </trkpt>
      <trkpt lat="43.7536375" lon="6.5677029">
        <ele>932.1</ele>
        <time>2026-07-18T14:31:12Z</time>
        <hdop>4.8</hdop>
        <extensions>
          <osmand:speed>1.3</osmand:speed>
        </extensions>
      </trkpt>
      <trkpt lat="43.753689" lon="6.5676837">
        <ele>932.2</ele>
        <time>2026-07-18T14:31:17Z</time>
        <hdop>4.9</hdop>
        <extensions>
          <osmand:speed>1.2</osmand:speed>
        </extensions>
      </trkpt>
      <trkpt lat="43.7537364" lon="6.567663">
        <ele>931.4</ele>
        <time>2026-07-18T14:31:23Z</time>
        <hdop>5.2</hdop>
        <extensions>
          <osmand:speed>0.6</osmand:speed>
        </extensions>
      </trkpt>
      <trkpt lat="43.7537303" lon="6.5676691">
        <ele>931</ele>
        <time>2026-07-18T14:31:28Z</time>
        <hdop>4.2</hdop>
        <extensions>
          <osmand:speed>0.1</osmand:speed>
        </extensions>
      </trkpt>
      <trkpt lat="43.7537314" lon="6.5676646">
        <ele>931.6</ele>
        <time>2026-07-18T14:31:34Z</time>
        <hdop>3.7</hdop>
        <extensions>
          <osmand:speed>0.1</osmand:speed>
        </extensions>
      </trkpt>
      <trkpt lat="43.7537319" lon="6.5676602">
        <ele>931.2</ele>
        <time>2026-07-18T14:31:40Z</time>
        <hdop>3.6</hdop>
        <extensions>
          <osmand:speed>0.1</osmand:speed>
        </extensions>
      </trkpt>
      <trkpt lat="43.7537423" lon="6.567654">
        <ele>931.2</ele>
        <time>2026-07-18T14:31:46Z</time>
        <hdop>3.8</hdop>
        <extensions>
          <osmand:speed>0.2</osmand:speed>
        </extensions>
      </trkpt>
      <trkpt lat="43.7538141" lon="6.567642">
        <ele>931.3</ele>
        <time>2026-07-18T14:31:52Z</time>
        <hdop>5</hdop>
        <extensions>
          <osmand:speed>1</osmand:speed>
        </extensions>
      </trkpt>
      <trkpt lat="43.7538791" lon="6.5676585">
        <ele>930.7</ele>
        <time>2026-07-18T14:31:57Z</time>
        <hdop>5.1</hdop>
        <extensions>
          <osmand:speed>1.1</osmand:speed>
        </extensions>
      </trkpt>
      <trkpt lat="43.7539418" lon="6.5676639">
        <ele>930</ele>
        <time>2026-07-18T14:32:02Z</time>
        <hdop>4.9</hdop>
        <extensions>
          <osmand:speed>1.2</osmand:speed>
        </extensions>
      </trkpt>
      <trkpt lat="43.754009" lon="6.567667">
        <ele>929.3</ele>
        <time>2026-07-18T14:32:07Z</time>
        <hdop>5.5</hdop>
        <extensions>
          <osmand:speed>1.2</osmand:speed>
        </extensions>
      </trkpt>
      <trkpt lat="43.7540875" lon="6.5676557">
        <ele>929</ele>
        <time>2026-07-18T14:32:13Z</time>
        <hdop>5.4</hdop>
        <extensions>
          <osmand:speed>1.3</osmand:speed>
        </extensions>
      </trkpt>
      <trkpt lat="43.7541494" lon="6.5676094">
        <ele>929</ele>
        <time>2026-07-18T14:32:18Z</time>
        <hdop>5.4</hdop>
        <extensions>
          <osmand:speed>1.4</osmand:speed>
        </extensions>
      </trkpt>
      <trkpt lat="43.7542056" lon="6.5675653">
        <ele>928.4</ele>
        <time>2026-07-18T14:32:24Z</time>
        <hdop>5.7</hdop>
        <extensions>
          <osmand:speed>1.2</osmand:speed>
        </extensions>
      </trkpt>
      <trkpt lat="43.7542501" lon="6.5675001">
        <ele>927.7</ele>
        <time>2026-07-18T14:32:29Z</time>
        <hdop>5.2</hdop>
        <extensions>
          <osmand:speed>1.2</osmand:speed>
        </extensions>
      </trkpt>
      <trkpt lat="43.7542475" lon="6.5674324">
        <ele>927.5</ele>
        <time>2026-07-18T14:32:34Z</time>
        <hdop>4.9</hdop>
        <extensions>
          <osmand:speed>0.9</osmand:speed>
        </extensions>
      </trkpt>
      <trkpt lat="43.7542516" lon="6.5674402">
        <ele>927.5</ele>
        <time>2026-07-18T14:32:40Z</time>
        <hdop>4.3</hdop>
        <extensions>
          <osmand:speed>0.2</osmand:speed>
        </extensions>
      </trkpt>
      <trkpt lat="43.7542724" lon="6.567354">
        <ele>927.6</ele>
        <time>2026-07-18T14:32:46Z</time>
        <hdop>3.8</hdop>
        <extensions>
          <osmand:speed>1.3</osmand:speed>
        </extensions>
      </trkpt>
      <trkpt lat="43.7543004" lon="6.5673305">
        <ele>927.3</ele>
        <time>2026-07-18T14:32:52Z</time>
        <hdop>3</hdop>
        <extensions>
          <osmand:speed>0.2</osmand:speed>
        </extensions>
      </trkpt>
      <trkpt lat="43.7543407" lon="6.567279">
        <ele>926.9</ele>
        <time>2026-07-18T14:32:58Z</time>
        <hdop>3</hdop>
        <extensions>
          <osmand:speed>0.8</osmand:speed>
        </extensions>
      </trkpt>
      <trkpt lat="43.7543997" lon="6.5672058">
        <ele>926.6</ele>
        <time>2026-07-18T14:33:03Z</time>
        <hdop>3.1</hdop>
        <extensions>
          <osmand:speed>1.3</osmand:speed>
        </extensions>
      </trkpt>
      <trkpt lat="43.7544586" lon="6.5671296">
        <ele>926.6</ele>
        <time>2026-07-18T14:33:08Z</time>
        <hdop>3</hdop>
        <extensions>
          <osmand:speed>1.3</osmand:speed>
        </extensions>
      </trkpt>
      <trkpt lat="43.7545093" lon="6.5670792">
        <ele>926.8</ele>
        <time>2026-07-18T14:33:14Z</time>
        <hdop>3</hdop>
        <extensions>
          <osmand:speed>1.2</osmand:speed>
        </extensions>
      </trkpt>
      <trkpt lat="43.7545489" lon="6.5669876">
        <ele>926.2</ele>
        <time>2026-07-18T14:33:20Z</time>
        <hdop>3</hdop>
        <extensions>
          <osmand:speed>1.3</osmand:speed>
        </extensions>
      </trkpt>
      <trkpt lat="43.7546032" lon="6.5669368">
        <ele>925.5</ele>
        <time>2026-07-18T14:33:25Z</time>
        <hdop>3</hdop>
        <extensions>
          <osmand:speed>1.3</osmand:speed>
        </extensions>
      </trkpt>
      <trkpt lat="43.754641" lon="6.5668645">
        <ele>925.6</ele>
        <time>2026-07-18T14:33:31Z</time>
        <hdop>3</hdop>
        <extensions>
          <osmand:speed>1.2</osmand:speed>
        </extensions>
      </trkpt>
      <trkpt lat="43.754666" lon="6.5667651">
        <ele>924.8</ele>
        <time>2026-07-18T14:33:36Z</time>
        <hdop>3</hdop>
        <extensions>
          <osmand:speed>1.4</osmand:speed>
        </extensions>
      </trkpt>
      <trkpt lat="43.7547206" lon="6.5666787">
        <ele>924.6</ele>
        <time>2026-07-18T14:33:42Z</time>
        <hdop>3</hdop>
        <extensions>
          <osmand:speed>1.3</osmand:speed>
        </extensions>
      </trkpt>
      <trkpt lat="43.7547518" lon="6.5666055">
        <ele>924</ele>
        <time>2026-07-18T14:33:47Z</time>
        <hdop>3</hdop>
        <extensions>
          <osmand:speed>1.1</osmand:speed>
        </extensions>
      </trkpt>
      <trkpt lat="43.7547949" lon="6.5665382">
        <ele>924</ele>
        <time>2026-07-18T14:33:53Z</time>
        <hdop>3</hdop>
        <extensions>
          <osmand:speed>1.3</osmand:speed>
        </extensions>
      </trkpt>
      <trkpt lat="43.7548436" lon="6.5664828">
        <ele>923.5</ele>
        <time>2026-07-18T14:33:58Z</time>
        <hdop>3</hdop>
        <extensions>
          <osmand:speed>1.2</osmand:speed>
        </extensions>
      </trkpt>
      <trkpt lat="43.7548458" lon="6.5664543">
        <ele>923.3</ele>
        <time>2026-07-18T14:34:03Z</time>
        <hdop>3</hdop>
        <extensions>
          <osmand:speed>1.1</osmand:speed>
        </extensions>
      </trkpt>
      <trkpt lat="43.7548276" lon="6.5663899">
        <ele>923.3</ele>
        <time>2026-07-18T14:34:08Z</time>
        <hdop>3.3</hdop>
        <extensions>
          <osmand:speed>1.1</osmand:speed>
        </extensions>
      </trkpt>
      <trkpt lat="43.754817" lon="6.5663125">
        <ele>923.4</ele>
        <time>2026-07-18T14:34:13Z</time>
        <hdop>5.1</hdop>
        <extensions>
          <osmand:speed>1.2</osmand:speed>
        </extensions>
      </trkpt>
      <trkpt lat="43.7550296" lon="6.5662701">
        <ele>922.8</ele>
        <time>2026-07-18T14:34:18Z</time>
        <hdop>4.3</hdop>
        <extensions>
          <osmand:speed>1.2</osmand:speed>
        </extensions>
      </trkpt>
      <trkpt lat="43.7550787" lon="6.5662225">
        <ele>922.1</ele>
        <time>2026-07-18T14:34:23Z</time>
        <hdop>3.4</hdop>
        <extensions>
          <osmand:speed>1.3</osmand:speed>
        </extensions>
      </trkpt>
      <trkpt lat="43.7551124" lon="6.5661456">
        <ele>921.9</ele>
        <time>2026-07-18T14:34:29Z</time>
        <hdop>3</hdop>
        <extensions>
          <osmand:speed>1.2</osmand:speed>
        </extensions>
      </trkpt>
      <trkpt lat="43.7551235" lon="6.5660582">
        <ele>921.4</ele>
        <time>2026-07-18T14:34:34Z</time>
        <hdop>3.1</hdop>
        <extensions>
          <osmand:speed>1.1</osmand:speed>
        </extensions>
      </trkpt>
      <trkpt lat="43.7551433" lon="6.565983">
        <ele>921</ele>
        <time>2026-07-18T14:34:39Z</time>
        <hdop>3</hdop>
        <extensions>
          <osmand:speed>1.1</osmand:speed>
        </extensions>
      </trkpt>
      <trkpt lat="43.7551889" lon="6.5659047">
        <ele>920.8</ele>
        <time>2026-07-18T14:34:45Z</time>
        <hdop>3</hdop>
        <extensions>
          <osmand:speed>1.3</osmand:speed>
        </extensions>
      </trkpt>
      <trkpt lat="43.75524" lon="6.5658265">
        <ele>919.7</ele>
        <time>2026-07-18T14:34:50Z</time>
        <hdop>3</hdop>
        <extensions>
          <osmand:speed>1.4</osmand:speed>
        </extensions>
      </trkpt>
      <trkpt lat="43.7552936" lon="6.5657478">
        <ele>919.1</ele>
        <time>2026-07-18T14:34:55Z</time>
        <hdop>3</hdop>
        <extensions>
          <osmand:speed>1.2</osmand:speed>
        </extensions>
      </trkpt>
      <trkpt lat="43.7553427" lon="6.5656964">
        <ele>918.1</ele>
        <time>2026-07-18T14:35:00Z</time>
        <hdop>3</hdop>
        <extensions>
          <osmand:speed>1</osmand:speed>
        </extensions>
      </trkpt>
      <trkpt lat="43.7553862" lon="6.5656547">
        <ele>917.1</ele>
        <time>2026-07-18T14:35:05Z</time>
        <hdop>3</hdop>
        <extensions>
          <osmand:speed>0.6</osmand:speed>
        </extensions>
      </trkpt>
      <trkpt lat="43.7553894" lon="6.5656574">
        <ele>917.5</ele>
        <time>2026-07-18T14:35:11Z</time>
        <hdop>3</hdop>
        <extensions>
          <osmand:speed>0.1</osmand:speed>
        </extensions>
      </trkpt>
      <trkpt lat="43.7553909" lon="6.5656558">
        <ele>917.4</ele>
        <time>2026-07-18T14:35:16Z</time>
        <hdop>3</hdop>
        <extensions>
          <osmand:speed>0.2</osmand:speed>
        </extensions>
      </trkpt>
      <trkpt lat="43.7553941" lon="6.5656057">
        <ele>917.4</ele>
        <time>2026-07-18T14:35:22Z</time>
        <hdop>3</hdop>
        <extensions>
          <osmand:speed>0.9</osmand:speed>
        </extensions>
      </trkpt>
      <trkpt lat="43.7554489" lon="6.5655484">
        <ele>917.2</ele>
        <time>2026-07-18T14:35:27Z</time>
        <hdop>3</hdop>
        <extensions>
          <osmand:speed>1.1</osmand:speed>
        </extensions>
      </trkpt>
      <trkpt lat="43.7554871" lon="6.5655707">
        <ele>917</ele>
        <time>2026-07-18T14:35:32Z</time>
        <hdop>3</hdop>
        <extensions>
          <osmand:speed>0.6</osmand:speed>
        </extensions>
      </trkpt>
      <trkpt lat="43.755494" lon="6.5655839">
        <ele>916.7</ele>
        <time>2026-07-18T14:35:38Z</time>
        <hdop>3</hdop>
        <extensions>
          <osmand:speed>0.1</osmand:speed>
        </extensions>
      </trkpt>
      <trkpt lat="43.755512" lon="6.5655926">
        <ele>916.7</ele>
        <time>2026-07-18T14:35:43Z</time>
        <hdop>3</hdop>
        <extensions>
          <osmand:speed>0.3</osmand:speed>
        </extensions>
      </trkpt>
      <trkpt lat="43.755518" lon="6.5655971">
        <ele>916.2</ele>
        <time>2026-07-18T14:35:48Z</time>
        <hdop>3.4</hdop>
        <extensions>
          <osmand:speed>0.1</osmand:speed>
        </extensions>
      </trkpt>
      <trkpt lat="43.7555242" lon="6.5656051">
        <ele>916.5</ele>
        <time>2026-07-18T14:35:54Z</time>
        <hdop>3.8</hdop>
        <extensions>
          <osmand:speed>0.1</osmand:speed>
        </extensions>
      </trkpt>
      <trkpt lat="43.7555285" lon="6.5656192">
        <ele>916.2</ele>
        <time>2026-07-18T14:35:59Z</time>
        <hdop>4</hdop>
        <extensions>
          <osmand:speed>0.1</osmand:speed>
        </extensions>
      </trkpt>
      <trkpt lat="43.7555357" lon="6.5656509">
        <ele>915.9</ele>
        <time>2026-07-18T14:36:04Z</time>
        <hdop>3.9</hdop>
        <extensions>
          <osmand:speed>0.3</osmand:speed>
        </extensions>
      </trkpt>
      <trkpt lat="43.7555698" lon="6.565723">
        <ele>916.5</ele>
        <time>2026-07-18T14:36:10Z</time>
        <hdop>3.1</hdop>
        <extensions>
          <osmand:speed>0.7</osmand:speed>
        </extensions>
      </trkpt>
      <trkpt lat="43.7555722" lon="6.5657444">
        <ele>916.7</ele>
        <time>2026-07-18T14:36:15Z</time>
        <hdop>3</hdop>
        <extensions>
          <osmand:speed>0.8</osmand:speed>
        </extensions>
      </trkpt>
      <trkpt lat="43.7555935" lon="6.5658144">
        <ele>917.1</ele>
        <time>2026-07-18T14:36:20Z</time>
        <hdop>3</hdop>
        <extensions>
          <osmand:speed>1.1</osmand:speed>
        </extensions>
      </trkpt>
      <trkpt lat="43.7555919" lon="6.5659317">
        <ele>917.3</ele>
        <time>2026-07-18T14:36:26Z</time>
        <hdop>3</hdop>
        <extensions>
          <osmand:speed>1.2</osmand:speed>
        </extensions>
      </trkpt>
      <trkpt lat="43.7555736" lon="6.5660397">
        <ele>917.2</ele>
        <time>2026-07-18T14:36:32Z</time>
        <hdop>3</hdop>
        <extensions>
          <osmand:speed>1.3</osmand:speed>
        </extensions>
      </trkpt>
      <trkpt lat="43.7555411" lon="6.5661415">
        <ele>917.9</ele>
        <time>2026-07-18T14:36:37Z</time>
        <hdop>3</hdop>
        <extensions>
          <osmand:speed>1.4</osmand:speed>
        </extensions>
      </trkpt>
      <trkpt lat="43.7555377" lon="6.5662366">
        <ele>917.9</ele>
        <time>2026-07-18T14:36:42Z</time>
        <hdop>3</hdop>
        <extensions>
          <osmand:speed>1.3</osmand:speed>
        </extensions>
      </trkpt>
      <trkpt lat="43.7555716" lon="6.5663087">
        <ele>917.7</ele>
        <time>2026-07-18T14:36:47Z</time>
        <hdop>3</hdop>
        <extensions>
          <osmand:speed>1</osmand:speed>
        </extensions>
      </trkpt>
      <trkpt lat="43.7556174" lon="6.566358">
        <ele>918.2</ele>
        <time>2026-07-18T14:36:52Z</time>
        <hdop>3</hdop>
        <extensions>
          <osmand:speed>1.1</osmand:speed>
        </extensions>
      </trkpt>
      <trkpt lat="43.7556672" lon="6.5664261">
        <ele>918.2</ele>
        <time>2026-07-18T14:36:58Z</time>
        <hdop>3</hdop>
        <extensions>
          <osmand:speed>1.2</osmand:speed>
        </extensions>
      </trkpt>
      <trkpt lat="43.7556943" lon="6.5665066">
        <ele>918.2</ele>
        <time>2026-07-18T14:37:03Z</time>
        <hdop>3.1</hdop>
        <extensions>
          <osmand:speed>1.1</osmand:speed>
        </extensions>
      </trkpt>
      <trkpt lat="43.7556804" lon="6.5666014">
        <ele>918.2</ele>
        <time>2026-07-18T14:37:08Z</time>
        <hdop>3.4</hdop>
        <extensions>
          <osmand:speed>1.2</osmand:speed>
        </extensions>
      </trkpt>
      <trkpt lat="43.7556261" lon="6.5666825">
        <ele>918.3</ele>
        <time>2026-07-18T14:37:14Z</time>
        <hdop>4.5</hdop>
        <extensions>
          <osmand:speed>1.3</osmand:speed>
        </extensions>
      </trkpt>
      <trkpt lat="43.7555886" lon="6.5667388">
        <ele>919.1</ele>
        <time>2026-07-18T14:37:19Z</time>
        <hdop>5</hdop>
        <extensions>
          <osmand:speed>1.1</osmand:speed>
        </extensions>
      </trkpt>
      <trkpt lat="43.7555936" lon="6.56676">
        <ele>918.7</ele>
        <time>2026-07-18T14:37:25Z</time>
        <hdop>4.7</hdop>
        <extensions>
          <osmand:speed>0.3</osmand:speed>
        </extensions>
      </trkpt>
      <trkpt lat="43.755556" lon="6.5667802">
        <ele>918.6</ele>
        <time>2026-07-18T14:37:30Z</time>
        <hdop>4.5</hdop>
        <extensions>
          <osmand:speed>1</osmand:speed>
        </extensions>
      </trkpt>
      <trkpt lat="43.7555181" lon="6.5668214">
        <ele>918.9</ele>
        <time>2026-07-18T14:37:35Z</time>
        <hdop>4.4</hdop>
        <extensions>
          <osmand:speed>1.2</osmand:speed>
        </extensions>
      </trkpt>
      <trkpt lat="43.7554836" lon="6.5668826">
        <ele>918.7</ele>
        <time>2026-07-18T14:37:40Z</time>
        <hdop>4.6</hdop>
        <extensions>
          <osmand:speed>1.2</osmand:speed>
        </extensions>
      </trkpt>
      <trkpt lat="43.7554869" lon="6.566926">
        <ele>917.8</ele>
        <time>2026-07-18T14:37:46Z</time>
        <hdop>4.7</hdop>
        <extensions>
          <osmand:speed>0.4</osmand:speed>
        </extensions>
      </trkpt>
      <trkpt lat="43.7554898" lon="6.5669102">
        <ele>917.8</ele>
        <time>2026-07-18T14:37:52Z</time>
        <hdop>4</hdop>
        <extensions>
          <osmand:speed>0.1</osmand:speed>
        </extensions>
      </trkpt>
      <trkpt lat="43.7554914" lon="6.5669061">
        <ele>916.9</ele>
        <time>2026-07-18T14:37:58Z</time>
        <hdop>3.7</hdop>
        <extensions>
          <osmand:speed>0.1</osmand:speed>
        </extensions>
      </trkpt>
      <trkpt lat="43.7554914" lon="6.5669051">
        <ele>917.2</ele>
        <time>2026-07-18T14:38:04Z</time>
        <hdop>3.6</hdop>
        <extensions>
          <osmand:speed>0</osmand:speed>
        </extensions>
      </trkpt>
      <trkpt lat="43.7554929" lon="6.566905">
        <ele>917.6</ele>
        <time>2026-07-18T14:38:10Z</time>
        <hdop>3.3</hdop>
        <extensions>
          <osmand:speed>0.1</osmand:speed>
        </extensions>
      </trkpt>
      <trkpt lat="43.7554953" lon="6.5669051">
        <ele>918</ele>
        <time>2026-07-18T14:38:17Z</time>
        <hdop>3.1</hdop>
        <extensions>
          <osmand:speed>0.1</osmand:speed>
        </extensions>
      </trkpt>
      <trkpt lat="43.7554967" lon="6.5669059">
        <ele>917.5</ele>
        <time>2026-07-18T14:38:22Z</time>
        <hdop>3.3</hdop>
        <extensions>
          <osmand:speed>0.1</osmand:speed>
        </extensions>
      </trkpt>
      <trkpt lat="43.7554985" lon="6.5669061">
        <ele>917.2</ele>
        <time>2026-07-18T14:38:28Z</time>
        <hdop>3.5</hdop>
        <extensions>
          <osmand:speed>0.2</osmand:speed>
        </extensions>
      </trkpt>
      <trkpt lat="43.7555007" lon="6.5669042">
        <ele>917.9</ele>
        <time>2026-07-18T14:38:34Z</time>
        <hdop>4.3</hdop>
        <extensions>
          <osmand:speed>0.2</osmand:speed>
        </extensions>
      </trkpt>
      <trkpt lat="43.7555007" lon="6.5669009">
        <ele>917.6</ele>
        <time>2026-07-18T14:38:39Z</time>
        <hdop>4.7</hdop>
        <extensions>
          <osmand:speed>0.1</osmand:speed>
        </extensions>
      </trkpt>
      <trkpt lat="43.7554997" lon="6.5669001">
        <ele>918</ele>
        <time>2026-07-18T14:38:46Z</time>
        <hdop>4.4</hdop>
        <extensions>
          <osmand:speed>0.1</osmand:speed>
        </extensions>
      </trkpt>
      <trkpt lat="43.7554992" lon="6.5668981">
        <ele>917.4</ele>
        <time>2026-07-18T14:38:51Z</time>
        <hdop>4.2</hdop>
        <extensions>
          <osmand:speed>0.2</osmand:speed>
        </extensions>
      </trkpt>
      <trkpt lat="43.7554983" lon="6.5668951">
        <ele>917.2</ele>
        <time>2026-07-18T14:38:56Z</time>
        <hdop>4.5</hdop>
        <extensions>
          <osmand:speed>0.2</osmand:speed>
        </extensions>
      </trkpt>
    </trkseg>
    <trkseg>
      <trkpt lat="43.7554653" lon="6.5668127">
        <ele>916.2</ele>
        <time>2026-07-18T15:00:13Z</time>
        <hdop>8.8</hdop>
        <extensions>
          <osmand:speed>0.9</osmand:speed>
        </extensions>
      </trkpt>
      <trkpt lat="43.7554572" lon="6.5668675">
        <ele>916</ele>
        <time>2026-07-18T15:00:18Z</time>
        <hdop>5.9</hdop>
        <extensions>
          <osmand:speed>0.5</osmand:speed>
        </extensions>
      </trkpt>
      <trkpt lat="43.7554635" lon="6.5668686">
        <ele>915.7</ele>
        <time>2026-07-18T15:00:24Z</time>
        <hdop>3.5</hdop>
        <extensions>
          <osmand:speed>0.1</osmand:speed>
        </extensions>
      </trkpt>
      <trkpt lat="43.7554694" lon="6.5668754">
        <ele>915.5</ele>
        <time>2026-07-18T15:00:29Z</time>
        <hdop>3</hdop>
        <extensions>
          <osmand:speed>0.1</osmand:speed>
        </extensions>
      </trkpt>
      <trkpt lat="43.7554707" lon="6.5668819">
        <ele>915.4</ele>
        <time>2026-07-18T15:00:34Z</time>
        <hdop>3</hdop>
        <extensions>
          <osmand:speed>0.1</osmand:speed>
        </extensions>
      </trkpt>
      <trkpt lat="43.7554673" lon="6.5668797">
        <ele>915.8</ele>
        <time>2026-07-18T15:00:40Z</time>
        <hdop>3</hdop>
        <extensions>
          <osmand:speed>0.4</osmand:speed>
        </extensions>
      </trkpt>
      <trkpt lat="43.7554807" lon="6.5667923">
        <ele>916</ele>
        <time>2026-07-18T15:00:45Z</time>
        <hdop>3.2</hdop>
        <extensions>
          <osmand:speed>1</osmand:speed>
        </extensions>
      </trkpt>
      <trkpt lat="43.7555034" lon="6.5667306">
        <ele>916.5</ele>
        <time>2026-07-18T15:00:51Z</time>
        <hdop>3.1</hdop>
        <extensions>
          <osmand:speed>0.9</osmand:speed>
        </extensions>
      </trkpt>
      <trkpt lat="43.7555683" lon="6.5666974">
        <ele>916.8</ele>
        <time>2026-07-18T15:00:56Z</time>
        <hdop>3.4</hdop>
        <extensions>
          <osmand:speed>0.8</osmand:speed>
        </extensions>
      </trkpt>
      <trkpt lat="43.755633" lon="6.5666934">
        <ele>916.8</ele>
        <time>2026-07-18T15:01:01Z</time>
        <hdop>3</hdop>
        <extensions>
          <osmand:speed>1.1</osmand:speed>
        </extensions>
      </trkpt>
      <trkpt lat="43.7556654" lon="6.5667278">
        <ele>916.8</ele>
        <time>2026-07-18T15:01:07Z</time>
        <hdop>3</hdop>
        <extensions>
          <osmand:speed>1.1</osmand:speed>
        </extensions>
      </trkpt>
      <trkpt lat="43.755689" lon="6.5667591">
        <ele>916.9</ele>
        <time>2026-07-18T15:01:12Z</time>
        <hdop>3</hdop>
        <extensions>
          <osmand:speed>1.1</osmand:speed>
        </extensions>
      </trkpt>
      <trkpt lat="43.7556795" lon="6.5668402">
        <ele>917.2</ele>
        <time>2026-07-18T15:01:17Z</time>
        <hdop>3.6</hdop>
        <extensions>
          <osmand:speed>1.2</osmand:speed>
        </extensions>
      </trkpt>
      <trkpt lat="43.7558576" lon="6.5667306">
        <ele>917.2</ele>
        <time>2026-07-18T15:01:23Z</time>
        <hdop>4.2</hdop>
        <extensions>
          <osmand:speed>1.2</osmand:speed>
        </extensions>
      </trkpt>
      <trkpt lat="43.755921" lon="6.5667767">
        <ele>917.2</ele>
        <time>2026-07-18T15:01:28Z</time>
        <hdop>3.6</hdop>
        <extensions>
          <osmand:speed>1.2</osmand:speed>
        </extensions>
      </trkpt>
      <trkpt lat="43.7559587" lon="6.5668402">
        <ele>917.4</ele>
        <time>2026-07-18T15:01:33Z</time>
        <hdop>3</hdop>
        <extensions>
          <osmand:speed>1.1</osmand:speed>
        </extensions>
      </trkpt>
      <trkpt lat="43.7559925" lon="6.5669097">
        <ele>917.6</ele>
        <time>2026-07-18T15:01:39Z</time>
        <hdop>3</hdop>
        <extensions>
          <osmand:speed>1.2</osmand:speed>
        </extensions>
      </trkpt>
      <trkpt lat="43.7560213" lon="6.5669858">
        <ele>918.1</ele>
        <time>2026-07-18T15:01:44Z</time>
        <hdop>3</hdop>
        <extensions>
          <osmand:speed>1.2</osmand:speed>
        </extensions>
      </trkpt>
      <trkpt lat="43.7560487" lon="6.5670588">
        <ele>918.2</ele>
        <time>2026-07-18T15:01:49Z</time>
        <hdop>3.1</hdop>
        <extensions>
          <osmand:speed>1.2</osmand:speed>
        </extensions>
      </trkpt>
      <trkpt lat="43.7560883" lon="6.5671261">
        <ele>918.1</ele>
        <time>2026-07-18T15:01:54Z</time>
        <hdop>3.1</hdop>
        <extensions>
          <osmand:speed>1.2</osmand:speed>
        </extensions>
      </trkpt>
      <trkpt lat="43.7561426" lon="6.5671651">
        <ele>918</ele>
        <time>2026-07-18T15:01:59Z</time>
        <hdop>3</hdop>
        <extensions>
          <osmand:speed>1.2</osmand:speed>
        </extensions>
      </trkpt>
      <trkpt lat="43.7562026" lon="6.5671925">
        <ele>918.1</ele>
        <time>2026-07-18T15:02:04Z</time>
        <hdop>3</hdop>
        <extensions>
          <osmand:speed>1.2</osmand:speed>
        </extensions>
      </trkpt>
      <trkpt lat="43.7562603" lon="6.5672352">
        <ele>918.5</ele>
        <time>2026-07-18T15:02:10Z</time>
        <hdop>3</hdop>
        <extensions>
          <osmand:speed>0.7</osmand:speed>
        </extensions>
      </trkpt>
      <trkpt lat="43.7562911" lon="6.5672537">
        <ele>919.4</ele>
        <time>2026-07-18T15:02:16Z</time>
        <hdop>3</hdop>
        <extensions>
          <osmand:speed>1.1</osmand:speed>
        </extensions>
      </trkpt>
      <trkpt lat="43.7563612" lon="6.5672786">
        <ele>919.6</ele>
        <time>2026-07-18T15:02:21Z</time>
        <hdop>3</hdop>
        <extensions>
          <osmand:speed>1.2</osmand:speed>
        </extensions>
      </trkpt>
      <trkpt lat="43.7564158" lon="6.5673123">
        <ele>919.7</ele>
        <time>2026-07-18T15:02:26Z</time>
        <hdop>3</hdop>
        <extensions>
          <osmand:speed>1.1</osmand:speed>
        </extensions>
      </trkpt>
      <trkpt lat="43.7564693" lon="6.5673423">
        <ele>919</ele>
        <time>2026-07-18T15:02:31Z</time>
        <hdop>3</hdop>
        <extensions>
          <osmand:speed>1.1</osmand:speed>
        </extensions>
      </trkpt>
      <trkpt lat="43.7565294" lon="6.5673569">
        <ele>918.9</ele>
        <time>2026-07-18T15:02:36Z</time>
        <hdop>3</hdop>
        <extensions>
          <osmand:speed>1.1</osmand:speed>
        </extensions>
      </trkpt>
      <trkpt lat="43.7565999" lon="6.5673575">
        <ele>918.9</ele>
        <time>2026-07-18T15:02:42Z</time>
        <hdop>3</hdop>
        <extensions>
          <osmand:speed>1.2</osmand:speed>
        </extensions>
      </trkpt>
      <trkpt lat="43.7566599" lon="6.5673683">
        <ele>919.2</ele>
        <time>2026-07-18T15:02:48Z</time>
        <hdop>3</hdop>
        <extensions>
          <osmand:speed>1.1</osmand:speed>
        </extensions>
      </trkpt>
      <trkpt lat="43.7567342" lon="6.5673965">
        <ele>919.2</ele>
        <time>2026-07-18T15:02:53Z</time>
        <hdop>3</hdop>
        <extensions>
          <osmand:speed>1.3</osmand:speed>
        </extensions>
      </trkpt>
      <trkpt lat="43.7567983" lon="6.5674222">
        <ele>919.2</ele>
        <time>2026-07-18T15:02:58Z</time>
        <hdop>3</hdop>
        <extensions>
          <osmand:speed>1.2</osmand:speed>
        </extensions>
      </trkpt>
      <trkpt lat="43.7568653" lon="6.5674511">
        <ele>919</ele>
        <time>2026-07-18T15:03:03Z</time>
        <hdop>3</hdop>
        <extensions>
          <osmand:speed>1.3</osmand:speed>
        </extensions>
      </trkpt>
      <trkpt lat="43.7569275" lon="6.5674765">
        <ele>918.2</ele>
        <time>2026-07-18T15:03:08Z</time>
        <hdop>3</hdop>
        <extensions>
          <osmand:speed>1.2</osmand:speed>
        </extensions>
      </trkpt>
      <trkpt lat="43.7569858" lon="6.5675124">
        <ele>918.3</ele>
        <time>2026-07-18T15:03:13Z</time>
        <hdop>3</hdop>
        <extensions>
          <osmand:speed>1.3</osmand:speed>
        </extensions>
      </trkpt>
      <trkpt lat="43.7570446" lon="6.5675621">
        <ele>919.1</ele>
        <time>2026-07-18T15:03:19Z</time>
        <hdop>3</hdop>
        <extensions>
          <osmand:speed>1.3</osmand:speed>
        </extensions>
      </trkpt>
      <trkpt lat="43.7571023" lon="6.567602">
        <ele>918.8</ele>
        <time>2026-07-18T15:03:24Z</time>
        <hdop>3</hdop>
        <extensions>
          <osmand:speed>1.2</osmand:speed>
        </extensions>
      </trkpt>
      <trkpt lat="43.7571586" lon="6.5676274">
        <ele>918.4</ele>
        <time>2026-07-18T15:03:29Z</time>
        <hdop>3</hdop>
        <extensions>
          <osmand:speed>1.2</osmand:speed>
        </extensions>
      </trkpt>
      <trkpt lat="43.7572214" lon="6.5676451">
        <ele>918.5</ele>
        <time>2026-07-18T15:03:34Z</time>
        <hdop>3</hdop>
        <extensions>
          <osmand:speed>1.3</osmand:speed>
        </extensions>
      </trkpt>
      <trkpt lat="43.7572869" lon="6.5676647">
        <ele>918.5</ele>
        <time>2026-07-18T15:03:39Z</time>
        <hdop>3</hdop>
        <extensions>
          <osmand:speed>1.3</osmand:speed>
        </extensions>
      </trkpt>
      <trkpt lat="43.7573535" lon="6.5676811">
        <ele>918.3</ele>
        <time>2026-07-18T15:03:45Z</time>
        <hdop>3</hdop>
        <extensions>
          <osmand:speed>1.3</osmand:speed>
        </extensions>
      </trkpt>
      <trkpt lat="43.7574168" lon="6.5676777">
        <ele>918.2</ele>
        <time>2026-07-18T15:03:50Z</time>
        <hdop>3</hdop>
        <extensions>
          <osmand:speed>1.2</osmand:speed>
        </extensions>
      </trkpt>
      <trkpt lat="43.7574762" lon="6.5676766">
        <ele>918</ele>
        <time>2026-07-18T15:03:55Z</time>
        <hdop>3</hdop>
        <extensions>
          <osmand:speed>1.1</osmand:speed>
        </extensions>
      </trkpt>
      <trkpt lat="43.7575404" lon="6.5676741">
        <ele>917.9</ele>
        <time>2026-07-18T15:04:01Z</time>
        <hdop>3</hdop>
        <extensions>
          <osmand:speed>1.2</osmand:speed>
        </extensions>
      </trkpt>
      <trkpt lat="43.7576054" lon="6.5676736">
        <ele>917.9</ele>
        <time>2026-07-18T15:04:06Z</time>
        <hdop>3</hdop>
        <extensions>
          <osmand:speed>1.2</osmand:speed>
        </extensions>
      </trkpt>
      <trkpt lat="43.7576456" lon="6.5676791">
        <ele>917.6</ele>
        <time>2026-07-18T15:04:11Z</time>
        <hdop>3</hdop>
        <extensions>
          <osmand:speed>0.5</osmand:speed>
        </extensions>
      </trkpt>
      <trkpt lat="43.7576375" lon="6.5676679">
        <ele>917.5</ele>
        <time>2026-07-18T15:04:17Z</time>
        <hdop>3</hdop>
        <extensions>
          <osmand:speed>0.1</osmand:speed>
        </extensions>
      </trkpt>
      <trkpt lat="43.7576388" lon="6.5676636">
        <ele>917.8</ele>
        <time>2026-07-18T15:04:22Z</time>
        <hdop>3</hdop>
        <extensions>
          <osmand:speed>0.1</osmand:speed>
        </extensions>
      </trkpt>
      <trkpt lat="43.7576407" lon="6.5676635">
        <ele>917.9</ele>
        <time>2026-07-18T15:04:28Z</time>
        <hdop>3</hdop>
        <extensions>
          <osmand:speed>0.1</osmand:speed>
        </extensions>
      </trkpt>
      <trkpt lat="43.7576978" lon="6.5676421">
        <ele>917.8</ele>
        <time>2026-07-18T15:04:33Z</time>
        <hdop>3</hdop>
        <extensions>
          <osmand:speed>1.1</osmand:speed>
        </extensions>
      </trkpt>
      <trkpt lat="43.757764" lon="6.5676129">
        <ele>918.2</ele>
        <time>2026-07-18T15:04:38Z</time>
        <hdop>3.2</hdop>
        <extensions>
          <osmand:speed>1.2</osmand:speed>
        </extensions>
      </trkpt>
      <trkpt lat="43.7578323" lon="6.5675938">
        <ele>918.5</ele>
        <time>2026-07-18T15:04:44Z</time>
        <hdop>3.2</hdop>
        <extensions>
          <osmand:speed>1.3</osmand:speed>
        </extensions>
      </trkpt>
      <trkpt lat="43.7578927" lon="6.5675661">
        <ele>918.6</ele>
        <time>2026-07-18T15:04:49Z</time>
        <hdop>3.1</hdop>
        <extensions>
          <osmand:speed>1.2</osmand:speed>
        </extensions>
      </trkpt>
      <trkpt lat="43.7579568" lon="6.5675429">
        <ele>918.3</ele>
        <time>2026-07-18T15:04:54Z</time>
        <hdop>3</hdop>
        <extensions>
          <osmand:speed>1.2</osmand:speed>
        </extensions>
      </trkpt>
      <trkpt lat="43.7580197" lon="6.5675236">
        <ele>918.4</ele>
        <time>2026-07-18T15:04:59Z</time>
        <hdop>3</hdop>
        <extensions>
          <osmand:speed>1.2</osmand:speed>
        </extensions>
      </trkpt>
      <trkpt lat="43.7580812" lon="6.5675091">
        <ele>918.5</ele>
        <time>2026-07-18T15:05:04Z</time>
        <hdop>3</hdop>
        <extensions>
          <osmand:speed>1.2</osmand:speed>
        </extensions>
      </trkpt>
      <trkpt lat="43.758139" lon="6.5674925">
        <ele>918.9</ele>
        <time>2026-07-18T15:05:09Z</time>
        <hdop>3</hdop>
        <extensions>
          <osmand:speed>1.2</osmand:speed>
        </extensions>
      </trkpt>
      <trkpt lat="43.7581988" lon="6.5674569">
        <ele>918.7</ele>
        <time>2026-07-18T15:05:15Z</time>
        <hdop>3</hdop>
        <extensions>
          <osmand:speed>1.2</osmand:speed>
        </extensions>
      </trkpt>
      <trkpt lat="43.7582266" lon="6.5673973">
        <ele>919.1</ele>
        <time>2026-07-18T15:05:20Z</time>
        <hdop>3</hdop>
        <extensions>
          <osmand:speed>1</osmand:speed>
        </extensions>
      </trkpt>
      <trkpt lat="43.7582293" lon="6.5673117">
        <ele>919.7</ele>
        <time>2026-07-18T15:05:25Z</time>
        <hdop>3</hdop>
        <extensions>
          <osmand:speed>1.1</osmand:speed>
        </extensions>
      </trkpt>
      <trkpt lat="43.758221" lon="6.5672276">
        <ele>920.7</ele>
        <time>2026-07-18T15:05:31Z</time>
        <hdop>3.1</hdop>
        <extensions>
          <osmand:speed>1.1</osmand:speed>
        </extensions>
      </trkpt>
      <trkpt lat="43.7582071" lon="6.5671381">
        <ele>921.2</ele>
        <time>2026-07-18T15:05:36Z</time>
        <hdop>3</hdop>
        <extensions>
          <osmand:speed>1.1</osmand:speed>
        </extensions>
      </trkpt>
      <trkpt lat="43.7582035" lon="6.5670514">
        <ele>921.5</ele>
        <time>2026-07-18T15:05:42Z</time>
        <hdop>3</hdop>
        <extensions>
          <osmand:speed>1.2</osmand:speed>
        </extensions>
      </trkpt>
      <trkpt lat="43.7582101" lon="6.5669643">
        <ele>921.4</ele>
        <time>2026-07-18T15:05:47Z</time>
        <hdop>3</hdop>
        <extensions>
          <osmand:speed>1.2</osmand:speed>
        </extensions>
      </trkpt>
      <trkpt lat="43.758202" lon="6.5668754">
        <ele>921.5</ele>
        <time>2026-07-18T15:05:52Z</time>
        <hdop>3</hdop>
        <extensions>
          <osmand:speed>1.1</osmand:speed>
        </extensions>
      </trkpt>
      <trkpt lat="43.7581975" lon="6.5667857">
        <ele>921.9</ele>
        <time>2026-07-18T15:05:57Z</time>
        <hdop>3</hdop>
        <extensions>
          <osmand:speed>1.2</osmand:speed>
        </extensions>
      </trkpt>
      <trkpt lat="43.758193" lon="6.5666931">
        <ele>922.1</ele>
        <time>2026-07-18T15:06:03Z</time>
        <hdop>3</hdop>
        <extensions>
          <osmand:speed>1.1</osmand:speed>
        </extensions>
      </trkpt>
      <trkpt lat="43.7581814" lon="6.5666069">
        <ele>922.2</ele>
        <time>2026-07-18T15:06:08Z</time>
        <hdop>3</hdop>
        <extensions>
          <osmand:speed>1.1</osmand:speed>
        </extensions>
      </trkpt>
      <trkpt lat="43.7581742" lon="6.5665188">
        <ele>922.3</ele>
        <time>2026-07-18T15:06:13Z</time>
        <hdop>3</hdop>
        <extensions>
          <osmand:speed>1.3</osmand:speed>
        </extensions>
      </trkpt>
      <trkpt lat="43.758181" lon="6.566426">
        <ele>922.6</ele>
        <time>2026-07-18T15:06:19Z</time>
        <hdop>3</hdop>
        <extensions>
          <osmand:speed>1.3</osmand:speed>
        </extensions>
      </trkpt>
      <trkpt lat="43.7581727" lon="6.5663335">
        <ele>922.4</ele>
        <time>2026-07-18T15:06:24Z</time>
        <hdop>3.1</hdop>
        <extensions>
          <osmand:speed>1.3</osmand:speed>
        </extensions>
      </trkpt>
      <trkpt lat="43.7581601" lon="6.5662429">
        <ele>922.8</ele>
        <time>2026-07-18T15:06:30Z</time>
        <hdop>3</hdop>
        <extensions>
          <osmand:speed>1.1</osmand:speed>
        </extensions>
      </trkpt>
      <trkpt lat="43.7581547" lon="6.5661549">
        <ele>923</ele>
        <time>2026-07-18T15:06:35Z</time>
        <hdop>3</hdop>
        <extensions>
          <osmand:speed>1.2</osmand:speed>
        </extensions>
      </trkpt>
      <trkpt lat="43.7581556" lon="6.5660842">
        <ele>923.1</ele>
        <time>2026-07-18T15:06:40Z</time>
        <hdop>3</hdop>
        <extensions>
          <osmand:speed>0.9</osmand:speed>
        </extensions>
      </trkpt>
      <trkpt lat="43.758188" lon="6.5660168">
        <ele>923.6</ele>
        <time>2026-07-18T15:06:46Z</time>
        <hdop>3</hdop>
        <extensions>
          <osmand:speed>1.1</osmand:speed>
        </extensions>
      </trkpt>
      <trkpt lat="43.7582053" lon="6.5659252">
        <ele>924</ele>
        <time>2026-07-18T15:06:51Z</time>
        <hdop>3</hdop>
        <extensions>
          <osmand:speed>1.1</osmand:speed>
        </extensions>
      </trkpt>
      <trkpt lat="43.7582153" lon="6.5658354">
        <ele>924.4</ele>
        <time>2026-07-18T15:06:56Z</time>
        <hdop>3</hdop>
        <extensions>
          <osmand:speed>1.2</osmand:speed>
        </extensions>
      </trkpt>
      <trkpt lat="43.7582227" lon="6.5657483">
        <ele>925.2</ele>
        <time>2026-07-18T15:07:01Z</time>
        <hdop>3</hdop>
        <extensions>
          <osmand:speed>1.2</osmand:speed>
        </extensions>
      </trkpt>
      <trkpt lat="43.7582329" lon="6.5656573">
        <ele>925.8</ele>
        <time>2026-07-18T15:07:07Z</time>
        <hdop>3</hdop>
        <extensions>
          <osmand:speed>1.2</osmand:speed>
        </extensions>
      </trkpt>
      <trkpt lat="43.758243" lon="6.5655738">
        <ele>926.4</ele>
        <time>2026-07-18T15:07:12Z</time>
        <hdop>3</hdop>
        <extensions>
          <osmand:speed>1</osmand:speed>
        </extensions>
      </trkpt>
      <trkpt lat="43.7582634" lon="6.5654838">
        <ele>927</ele>
        <time>2026-07-18T15:07:17Z</time>
        <hdop>3</hdop>
        <extensions>
          <osmand:speed>1.2</osmand:speed>
        </extensions>
      </trkpt>
      <trkpt lat="43.7582955" lon="6.5654067">
        <ele>927.4</ele>
        <time>2026-07-18T15:07:23Z</time>
        <hdop>3</hdop>
        <extensions>
          <osmand:speed>1.2</osmand:speed>
        </extensions>
      </trkpt>
      <trkpt lat="43.7583286" lon="6.5653321">
        <ele>928</ele>
        <time>2026-07-18T15:07:28Z</time>
        <hdop>3</hdop>
        <extensions>
          <osmand:speed>1.2</osmand:speed>
        </extensions>
      </trkpt>
      <trkpt lat="43.7583688" lon="6.5652604">
        <ele>928.7</ele>
        <time>2026-07-18T15:07:33Z</time>
        <hdop>3.1</hdop>
        <extensions>
          <osmand:speed>1.2</osmand:speed>
        </extensions>
      </trkpt>
      <trkpt lat="43.758414" lon="6.5651917">
        <ele>929.2</ele>
        <time>2026-07-18T15:07:38Z</time>
        <hdop>3.1</hdop>
        <extensions>
          <osmand:speed>1.2</osmand:speed>
        </extensions>
      </trkpt>
      <trkpt lat="43.7584664" lon="6.5651398">
        <ele>930</ele>
        <time>2026-07-18T15:07:43Z</time>
        <hdop>3</hdop>
        <extensions>
          <osmand:speed>1.2</osmand:speed>
        </extensions>
      </trkpt>
      <trkpt lat="43.7585215" lon="6.5650909">
        <ele>930.7</ele>
        <time>2026-07-18T15:07:48Z</time>
        <hdop>3</hdop>
        <extensions>
          <osmand:speed>1.3</osmand:speed>
        </extensions>
      </trkpt>
      <trkpt lat="43.7585762" lon="6.5650468">
        <ele>931.5</ele>
        <time>2026-07-18T15:07:54Z</time>
        <hdop>3</hdop>
        <extensions>
          <osmand:speed>1.1</osmand:speed>
        </extensions>
      </trkpt>
      <trkpt lat="43.758631" lon="6.5650114">
        <ele>932</ele>
        <time>2026-07-18T15:07:59Z</time>
        <hdop>3</hdop>
        <extensions>
          <osmand:speed>1.1</osmand:speed>
        </extensions>
      </trkpt>
      <trkpt lat="43.7586801" lon="6.564971">
        <ele>932.5</ele>
        <time>2026-07-18T15:08:04Z</time>
        <hdop>3</hdop>
        <extensions>
          <osmand:speed>1.2</osmand:speed>
        </extensions>
      </trkpt>
      <trkpt lat="43.7587232" lon="6.5649149">
        <ele>933.2</ele>
        <time>2026-07-18T15:08:10Z</time>
        <hdop>3</hdop>
        <extensions>
          <osmand:speed>1.2</osmand:speed>
        </extensions>
      </trkpt>
      <trkpt lat="43.7587583" lon="6.5648624">
        <ele>933.8</ele>
        <time>2026-07-18T15:08:15Z</time>
        <hdop>3</hdop>
        <extensions>
          <osmand:speed>1.1</osmand:speed>
        </extensions>
      </trkpt>
      <trkpt lat="43.7588039" lon="6.5648075">
        <ele>934.3</ele>
        <time>2026-07-18T15:08:21Z</time>
        <hdop>3</hdop>
        <extensions>
          <osmand:speed>1.1</osmand:speed>
        </extensions>
      </trkpt>
      <trkpt lat="43.7588507" lon="6.5647488">
        <ele>934.8</ele>
        <time>2026-07-18T15:08:26Z</time>
        <hdop>3</hdop>
        <extensions>
          <osmand:speed>1.1</osmand:speed>
        </extensions>
      </trkpt>
      <trkpt lat="43.7588955" lon="6.564694">
        <ele>935.4</ele>
        <time>2026-07-18T15:08:31Z</time>
        <hdop>3</hdop>
        <extensions>
          <osmand:speed>1.2</osmand:speed>
        </extensions>
      </trkpt>
      <trkpt lat="43.7589253" lon="6.5646296">
        <ele>936.1</ele>
        <time>2026-07-18T15:08:37Z</time>
        <hdop>3</hdop>
        <extensions>
          <osmand:speed>1.1</osmand:speed>
        </extensions>
      </trkpt>
      <trkpt lat="43.7589506" lon="6.5645474">
        <ele>936.3</ele>
        <time>2026-07-18T15:08:42Z</time>
        <hdop>3</hdop>
        <extensions>
          <osmand:speed>1.2</osmand:speed>
        </extensions>
      </trkpt>
      <trkpt lat="43.7589627" lon="6.5644626">
        <ele>936.9</ele>
        <time>2026-07-18T15:08:47Z</time>
        <hdop>3</hdop>
        <extensions>
          <osmand:speed>1.1</osmand:speed>
        </extensions>
      </trkpt>
      <trkpt lat="43.7589667" lon="6.5643766">
        <ele>937.7</ele>
        <time>2026-07-18T15:08:52Z</time>
        <hdop>3</hdop>
        <extensions>
          <osmand:speed>1.1</osmand:speed>
        </extensions>
      </trkpt>
      <trkpt lat="43.7589708" lon="6.5642857">
        <ele>938</ele>
        <time>2026-07-18T15:08:57Z</time>
        <hdop>3</hdop>
        <extensions>
          <osmand:speed>1.2</osmand:speed>
        </extensions>
      </trkpt>
      <trkpt lat="43.7589746" lon="6.5641895">
        <ele>938.6</ele>
        <time>2026-07-18T15:09:03Z</time>
        <hdop>3</hdop>
        <extensions>
          <osmand:speed>1.3</osmand:speed>
        </extensions>
      </trkpt>
      <trkpt lat="43.7589948" lon="6.5641024">
        <ele>939.2</ele>
        <time>2026-07-18T15:09:08Z</time>
        <hdop>3</hdop>
        <extensions>
          <osmand:speed>1.2</osmand:speed>
        </extensions>
      </trkpt>
      <trkpt lat="43.7590204" lon="6.564017">
        <ele>939.6</ele>
        <time>2026-07-18T15:09:14Z</time>
        <hdop>3</hdop>
        <extensions>
          <osmand:speed>1.2</osmand:speed>
        </extensions>
      </trkpt>
      <trkpt lat="43.7590487" lon="6.5639374">
        <ele>940.1</ele>
        <time>2026-07-18T15:09:19Z</time>
        <hdop>3</hdop>
        <extensions>
          <osmand:speed>1.1</osmand:speed>
        </extensions>
      </trkpt>
      <trkpt lat="43.7590757" lon="6.5638589">
        <ele>940.7</ele>
        <time>2026-07-18T15:09:24Z</time>
        <hdop>3</hdop>
        <extensions>
          <osmand:speed>1.2</osmand:speed>
        </extensions>
      </trkpt>
      <trkpt lat="43.7591001" lon="6.5637879">
        <ele>941.3</ele>
        <time>2026-07-18T15:09:29Z</time>
        <hdop>3</hdop>
        <extensions>
          <osmand:speed>1.1</osmand:speed>
        </extensions>
      </trkpt>
      <trkpt lat="43.7591344" lon="6.5637052">
        <ele>941.7</ele>
        <time>2026-07-18T15:09:35Z</time>
        <hdop>3</hdop>
        <extensions>
          <osmand:speed>1.2</osmand:speed>
        </extensions>
      </trkpt>
      <trkpt lat="43.7591626" lon="6.5636298">
        <ele>941.7</ele>
        <time>2026-07-18T15:09:40Z</time>
        <hdop>3</hdop>
        <extensions>
          <osmand:speed>1.1</osmand:speed>
        </extensions>
      </trkpt>
      <trkpt lat="43.7591745" lon="6.5636247">
        <ele>941.5</ele>
        <time>2026-07-18T15:09:45Z</time>
        <hdop>3</hdop>
        <extensions>
          <osmand:speed>0.7</osmand:speed>
        </extensions>
      </trkpt>
      <trkpt lat="43.759191" lon="6.5635862">
        <ele>941.1</ele>
        <time>2026-07-18T15:09:51Z</time>
        <hdop>3</hdop>
        <extensions>
          <osmand:speed>0.2</osmand:speed>
        </extensions>
      </trkpt>
      <trkpt lat="43.7592064" lon="6.563547">
        <ele>941</ele>
        <time>2026-07-18T15:09:56Z</time>
        <hdop>3</hdop>
        <extensions>
          <osmand:speed>1.1</osmand:speed>
        </extensions>
      </trkpt>
      <trkpt lat="43.7592442" lon="6.5634459">
        <ele>940.7</ele>
        <time>2026-07-18T15:10:02Z</time>
        <hdop>3</hdop>
        <extensions>
          <osmand:speed>1.3</osmand:speed>
        </extensions>
      </trkpt>
      <trkpt lat="43.7592793" lon="6.5633687">
        <ele>940.3</ele>
        <time>2026-07-18T15:10:07Z</time>
        <hdop>3</hdop>
        <extensions>
          <osmand:speed>1.2</osmand:speed>
        </extensions>
      </trkpt>
      <trkpt lat="43.7593165" lon="6.5633017">
        <ele>940.2</ele>
        <time>2026-07-18T15:10:12Z</time>
        <hdop>3</hdop>
        <extensions>
          <osmand:speed>1.3</osmand:speed>
        </extensions>
      </trkpt>
      <trkpt lat="43.7593519" lon="6.5632353">
        <ele>939.8</ele>
        <time>2026-07-18T15:10:17Z</time>
        <hdop>3</hdop>
        <extensions>
          <osmand:speed>1.1</osmand:speed>
        </extensions>
      </trkpt>
      <trkpt lat="43.7593885" lon="6.5631627">
        <ele>939.5</ele>
        <time>2026-07-18T15:10:22Z</time>
        <hdop>3</hdop>
        <extensions>
          <osmand:speed>1.2</osmand:speed>
        </extensions>
      </trkpt>
      <trkpt lat="43.7594252" lon="6.5630965">
        <ele>939.3</ele>
        <time>2026-07-18T15:10:27Z</time>
        <hdop>3</hdop>
        <extensions>
          <osmand:speed>1.2</osmand:speed>
        </extensions>
      </trkpt>
      <trkpt lat="43.7594597" lon="6.5630173">
        <ele>939.4</ele>
        <time>2026-07-18T15:10:33Z</time>
        <hdop>3</hdop>
        <extensions>
          <osmand:speed>1.2</osmand:speed>
        </extensions>
      </trkpt>
      <trkpt lat="43.7594732" lon="6.5629364">
        <ele>939.4</ele>
        <time>2026-07-18T15:10:38Z</time>
        <hdop>3</hdop>
        <extensions>
          <osmand:speed>1.3</osmand:speed>
        </extensions>
      </trkpt>
      <trkpt lat="43.7595068" lon="6.5629635">
        <ele>939.3</ele>
        <time>2026-07-18T15:10:43Z</time>
        <hdop>3</hdop>
        <extensions>
          <osmand:speed>1</osmand:speed>
        </extensions>
      </trkpt>
      <trkpt lat="43.759464" lon="6.5629584">
        <ele>939.2</ele>
        <time>2026-07-18T15:10:49Z</time>
        <hdop>3.7</hdop>
        <extensions>
          <osmand:speed>1.3</osmand:speed>
        </extensions>
      </trkpt>
      <trkpt lat="43.7596156" lon="6.5627286">
        <ele>939.7</ele>
        <time>2026-07-18T15:10:54Z</time>
        <hdop>4.5</hdop>
        <extensions>
          <osmand:speed>1.2</osmand:speed>
        </extensions>
      </trkpt>
      <trkpt lat="43.75967" lon="6.5626784">
        <ele>940.3</ele>
        <time>2026-07-18T15:10:59Z</time>
        <hdop>3.2</hdop>
        <extensions>
          <osmand:speed>1.2</osmand:speed>
        </extensions>
      </trkpt>
      <trkpt lat="43.7597329" lon="6.5626494">
        <ele>940.7</ele>
        <time>2026-07-18T15:11:05Z</time>
        <hdop>3</hdop>
        <extensions>
          <osmand:speed>1.2</osmand:speed>
        </extensions>
      </trkpt>
      <trkpt lat="43.7597965" lon="6.5626196">
        <ele>941.3</ele>
        <time>2026-07-18T15:11:10Z</time>
        <hdop>3</hdop>
        <extensions>
          <osmand:speed>1.2</osmand:speed>
        </extensions>
      </trkpt>
      <trkpt lat="43.7598584" lon="6.5625892">
        <ele>942</ele>
        <time>2026-07-18T15:11:15Z</time>
        <hdop>3</hdop>
        <extensions>
          <osmand:speed>1.3</osmand:speed>
        </extensions>
      </trkpt>
      <trkpt lat="43.7599122" lon="6.562553">
        <ele>942.5</ele>
        <time>2026-07-18T15:11:20Z</time>
        <hdop>3.1</hdop>
        <extensions>
          <osmand:speed>1.1</osmand:speed>
        </extensions>
      </trkpt>
      <trkpt lat="43.7599709" lon="6.5625092">
        <ele>943.3</ele>
        <time>2026-07-18T15:11:25Z</time>
        <hdop>3</hdop>
        <extensions>
          <osmand:speed>1.2</osmand:speed>
        </extensions>
      </trkpt>
      <trkpt lat="43.7600198" lon="6.5624645">
        <ele>943.9</ele>
        <time>2026-07-18T15:11:30Z</time>
        <hdop>3</hdop>
        <extensions>
          <osmand:speed>1.1</osmand:speed>
        </extensions>
      </trkpt>
      <trkpt lat="43.7600693" lon="6.562408">
        <ele>944.8</ele>
        <time>2026-07-18T15:11:35Z</time>
        <hdop>3</hdop>
        <extensions>
          <osmand:speed>1.2</osmand:speed>
        </extensions>
      </trkpt>
      <trkpt lat="43.760116" lon="6.5623424">
        <ele>945.3</ele>
        <time>2026-07-18T15:11:41Z</time>
        <hdop>3</hdop>
        <extensions>
          <osmand:speed>1.2</osmand:speed>
        </extensions>
      </trkpt>
      <trkpt lat="43.7601632" lon="6.5622863">
        <ele>945.2</ele>
        <time>2026-07-18T15:11:46Z</time>
        <hdop>3.1</hdop>
        <extensions>
          <osmand:speed>1.1</osmand:speed>
        </extensions>
      </trkpt>
      <trkpt lat="43.7602115" lon="6.5622181">
        <ele>945</ele>
        <time>2026-07-18T15:11:51Z</time>
        <hdop>3</hdop>
        <extensions>
          <osmand:speed>1.2</osmand:speed>
        </extensions>
      </trkpt>
      <trkpt lat="43.7602527" lon="6.5621436">
        <ele>944.7</ele>
        <time>2026-07-18T15:11:56Z</time>
        <hdop>3</hdop>
        <extensions>
          <osmand:speed>1.3</osmand:speed>
        </extensions>
      </trkpt>
      <trkpt lat="43.7602934" lon="6.562061">
        <ele>944.5</ele>
        <time>2026-07-18T15:12:02Z</time>
        <hdop>3</hdop>
        <extensions>
          <osmand:speed>1.2</osmand:speed>
        </extensions>
      </trkpt>
      <trkpt lat="43.7603356" lon="6.5619879">
        <ele>944.1</ele>
        <time>2026-07-18T15:12:07Z</time>
        <hdop>3.1</hdop>
        <extensions>
          <osmand:speed>1.3</osmand:speed>
        </extensions>
      </trkpt>
      <trkpt lat="43.7603819" lon="6.5619201">
        <ele>943.7</ele>
        <time>2026-07-18T15:12:12Z</time>
        <hdop>3</hdop>
        <extensions>
          <osmand:speed>1.3</osmand:speed>
        </extensions>
      </trkpt>
      <trkpt lat="43.7604246" lon="6.5618569">
        <ele>943.7</ele>
        <time>2026-07-18T15:12:17Z</time>
        <hdop>3.1</hdop>
        <extensions>
          <osmand:speed>1.2</osmand:speed>
        </extensions>
      </trkpt>
      <trkpt lat="43.760472" lon="6.5617844">
        <ele>943.6</ele>
        <time>2026-07-18T15:12:22Z</time>
        <hdop>3</hdop>
        <extensions>
          <osmand:speed>1.3</osmand:speed>
        </extensions>
      </trkpt>
      <trkpt lat="43.7605115" lon="6.5617234">
        <ele>943.5</ele>
        <time>2026-07-18T15:12:27Z</time>
        <hdop>3</hdop>
        <extensions>
          <osmand:speed>1.2</osmand:speed>
        </extensions>
      </trkpt>
      <trkpt lat="43.7605577" lon="6.5616498">
        <ele>943.4</ele>
        <time>2026-07-18T15:12:33Z</time>
        <hdop>3</hdop>
        <extensions>
          <osmand:speed>1.1</osmand:speed>
        </extensions>
      </trkpt>
      <trkpt lat="43.7606046" lon="6.5615811">
        <ele>943.6</ele>
        <time>2026-07-18T15:12:38Z</time>
        <hdop>3</hdop>
        <extensions>
          <osmand:speed>1.2</osmand:speed>
        </extensions>
      </trkpt>
      <trkpt lat="43.7606504" lon="6.5615174">
        <ele>943.5</ele>
        <time>2026-07-18T15:12:43Z</time>
        <hdop>3</hdop>
        <extensions>
          <osmand:speed>1.2</osmand:speed>
        </extensions>
      </trkpt>
      <trkpt lat="43.7607013" lon="6.5614441">
        <ele>943.4</ele>
        <time>2026-07-18T15:12:49Z</time>
        <hdop>3</hdop>
        <extensions>
          <osmand:speed>1.3</osmand:speed>
        </extensions>
      </trkpt>
      <trkpt lat="43.7607477" lon="6.5613756">
        <ele>943.1</ele>
        <time>2026-07-18T15:12:54Z</time>
        <hdop>3</hdop>
        <extensions>
          <osmand:speed>1.3</osmand:speed>
        </extensions>
      </trkpt>
      <trkpt lat="43.7607901" lon="6.5613168">
        <ele>943</ele>
        <time>2026-07-18T15:12:59Z</time>
        <hdop>3</hdop>
        <extensions>
          <osmand:speed>1.2</osmand:speed>
        </extensions>
      </trkpt>
      <trkpt lat="43.7608412" lon="6.5612566">
        <ele>942.9</ele>
        <time>2026-07-18T15:13:04Z</time>
        <hdop>3</hdop>
        <extensions>
          <osmand:speed>1.2</osmand:speed>
        </extensions>
      </trkpt>
      <trkpt lat="43.7609069" lon="6.5611989">
        <ele>942.4</ele>
        <time>2026-07-18T15:13:09Z</time>
        <hdop>3</hdop>
        <extensions>
          <osmand:speed>1.3</osmand:speed>
        </extensions>
      </trkpt>
      <trkpt lat="43.7609565" lon="6.5611678">
        <ele>942.2</ele>
        <time>2026-07-18T15:13:14Z</time>
        <hdop>3</hdop>
        <extensions>
          <osmand:speed>1.2</osmand:speed>
        </extensions>
      </trkpt>
      <trkpt lat="43.760993" lon="6.5610841">
        <ele>941.8</ele>
        <time>2026-07-18T15:13:20Z</time>
        <hdop>3</hdop>
        <extensions>
          <osmand:speed>1.3</osmand:speed>
        </extensions>
      </trkpt>
      <trkpt lat="43.7610141" lon="6.5609857">
        <ele>941.7</ele>
        <time>2026-07-18T15:13:25Z</time>
        <hdop>3</hdop>
        <extensions>
          <osmand:speed>1.3</osmand:speed>
        </extensions>
      </trkpt>
      <trkpt lat="43.7610153" lon="6.5609041">
        <ele>941.7</ele>
        <time>2026-07-18T15:13:30Z</time>
        <hdop>3</hdop>
        <extensions>
          <osmand:speed>1.3</osmand:speed>
        </extensions>
      </trkpt>
      <trkpt lat="43.7610246" lon="6.560815">
        <ele>941.6</ele>
        <time>2026-07-18T15:13:36Z</time>
        <hdop>3</hdop>
        <extensions>
          <osmand:speed>1.3</osmand:speed>
        </extensions>
      </trkpt>
      <trkpt lat="43.7610493" lon="6.5607271">
        <ele>941.3</ele>
        <time>2026-07-18T15:13:41Z</time>
        <hdop>3</hdop>
        <extensions>
          <osmand:speed>1.3</osmand:speed>
        </extensions>
      </trkpt>
      <trkpt lat="43.7610866" lon="6.560653">
        <ele>941.3</ele>
        <time>2026-07-18T15:13:46Z</time>
        <hdop>3</hdop>
        <extensions>
          <osmand:speed>1.3</osmand:speed>
        </extensions>
      </trkpt>
      <trkpt lat="43.7611221" lon="6.5605779">
        <ele>941.8</ele>
        <time>2026-07-18T15:13:51Z</time>
        <hdop>3.1</hdop>
        <extensions>
          <osmand:speed>1.3</osmand:speed>
        </extensions>
      </trkpt>
      <trkpt lat="43.7611201" lon="6.5604874">
        <ele>942.7</ele>
        <time>2026-07-18T15:13:57Z</time>
        <hdop>3</hdop>
        <extensions>
          <osmand:speed>0.9</osmand:speed>
        </extensions>
      </trkpt>
      <trkpt lat="43.761114" lon="6.5604667">
        <ele>943.6</ele>
        <time>2026-07-18T15:14:02Z</time>
        <hdop>3</hdop>
        <extensions>
          <osmand:speed>0.2</osmand:speed>
        </extensions>
      </trkpt>
      <trkpt lat="43.7611116" lon="6.5604645">
        <ele>944.2</ele>
        <time>2026-07-18T15:14:07Z</time>
        <hdop>3</hdop>
        <extensions>
          <osmand:speed>0.1</osmand:speed>
        </extensions>
      </trkpt>
      <trkpt lat="43.7611105" lon="6.5604642">
        <ele>944.1</ele>
        <time>2026-07-18T15:14:12Z</time>
        <hdop>3</hdop>
        <extensions>
          <osmand:speed>0.1</osmand:speed>
        </extensions>
      </trkpt>
      <trkpt lat="43.7611112" lon="6.5604628">
        <ele>943.8</ele>
        <time>2026-07-18T15:14:18Z</time>
        <hdop>3</hdop>
        <extensions>
          <osmand:speed>0.1</osmand:speed>
        </extensions>
      </trkpt>
      <trkpt lat="43.7611159" lon="6.56046">
        <ele>943.9</ele>
        <time>2026-07-18T15:14:23Z</time>
        <hdop>3</hdop>
        <extensions>
          <osmand:speed>0.1</osmand:speed>
        </extensions>
      </trkpt>
      <trkpt lat="43.7611152" lon="6.5604607">
        <ele>943.8</ele>
        <time>2026-07-18T15:14:29Z</time>
        <hdop>3</hdop>
        <extensions>
          <osmand:speed>0.1</osmand:speed>
        </extensions>
      </trkpt>
      <trkpt lat="43.7611217" lon="6.5604556">
        <ele>943.7</ele>
        <time>2026-07-18T15:14:34Z</time>
        <hdop>3</hdop>
        <extensions>
          <osmand:speed>1.3</osmand:speed>
        </extensions>
      </trkpt>
      <trkpt lat="43.7611115" lon="6.5603447">
        <ele>944</ele>
        <time>2026-07-18T15:14:39Z</time>
        <hdop>4</hdop>
        <extensions>
          <osmand:speed>1.3</osmand:speed>
        </extensions>
      </trkpt>
      <trkpt lat="43.7611017" lon="6.560233">
        <ele>945.1</ele>
        <time>2026-07-18T15:14:46Z</time>
        <hdop>3.1</hdop>
        <extensions>
          <osmand:speed>1.1</osmand:speed>
        </extensions>
      </trkpt>
      <trkpt lat="43.761104" lon="6.5601189">
        <ele>946.9</ele>
        <time>2026-07-18T15:14:51Z</time>
        <hdop>3</hdop>
        <extensions>
          <osmand:speed>1.2</osmand:speed>
        </extensions>
      </trkpt>
      <trkpt lat="43.7611036" lon="6.5600177">
        <ele>947.6</ele>
        <time>2026-07-18T15:14:56Z</time>
        <hdop>3.1</hdop>
        <extensions>
          <osmand:speed>1.2</osmand:speed>
        </extensions>
      </trkpt>
      <trkpt lat="43.7611307" lon="6.559919">
        <ele>949.1</ele>
        <time>2026-07-18T15:15:03Z</time>
        <hdop>3</hdop>
        <extensions>
          <osmand:speed>1.3</osmand:speed>
        </extensions>
      </trkpt>
      <trkpt lat="43.7611685" lon="6.5598393">
        <ele>949.3</ele>
        <time>2026-07-18T15:15:08Z</time>
        <hdop>3</hdop>
        <extensions>
          <osmand:speed>1.2</osmand:speed>
        </extensions>
      </trkpt>
      <trkpt lat="43.7611973" lon="6.559761">
        <ele>949.3</ele>
        <time>2026-07-18T15:15:13Z</time>
        <hdop>3.8</hdop>
        <extensions>
          <osmand:speed>1.2</osmand:speed>
        </extensions>
      </trkpt>
      <trkpt lat="43.7612295" lon="6.5596725">
        <ele>949.3</ele>
        <time>2026-07-18T15:15:18Z</time>
        <hdop>4.8</hdop>
        <extensions>
          <osmand:speed>1.3</osmand:speed>
        </extensions>
      </trkpt>
      <trkpt lat="43.7612598" lon="6.559582">
        <ele>949.3</ele>
        <time>2026-07-18T15:15:24Z</time>
        <hdop>5.4</hdop>
        <extensions>
          <osmand:speed>1.3</osmand:speed>
        </extensions>
      </trkpt>
      <trkpt lat="43.7612947" lon="6.559492">
        <ele>949.3</ele>
        <time>2026-07-18T15:15:29Z</time>
        <hdop>4.9</hdop>
        <extensions>
          <osmand:speed>1.3</osmand:speed>
        </extensions>
      </trkpt>
      <trkpt lat="43.7613167" lon="6.5594057">
        <ele>949.3</ele>
        <time>2026-07-18T15:15:34Z</time>
        <hdop>3.3</hdop>
        <extensions>
          <osmand:speed>1.2</osmand:speed>
        </extensions>
      </trkpt>
      <trkpt lat="43.761339" lon="6.5593172">
        <ele>949.3</ele>
        <time>2026-07-18T15:15:39Z</time>
        <hdop>3.2</hdop>
        <extensions>
          <osmand:speed>1.2</osmand:speed>
        </extensions>
      </trkpt>
      <trkpt lat="43.7613587" lon="6.5592305">
        <ele>949.3</ele>
        <time>2026-07-18T15:15:44Z</time>
        <hdop>3</hdop>
        <extensions>
          <osmand:speed>1.3</osmand:speed>
        </extensions>
      </trkpt>
      <trkpt lat="43.7613813" lon="6.5591501">
        <ele>949.3</ele>
        <time>2026-07-18T15:15:50Z</time>
        <hdop>3</hdop>
        <extensions>
          <osmand:speed>1.2</osmand:speed>
        </extensions>
      </trkpt>
      <trkpt lat="43.7613978" lon="6.5590769">
        <ele>949.3</ele>
        <time>2026-07-18T15:15:55Z</time>
        <hdop>3.1</hdop>
        <extensions>
          <osmand:speed>1.3</osmand:speed>
        </extensions>
      </trkpt>
    </trkseg>
  </trk>
  <extensions>
    <osmand:show_arrows>false</osmand:show_arrows>
    <osmand:show_start_finish>true</osmand:show_start_finish>
    <osmand:split_interval>0.0</osmand:split_interval>
    <osmand:split_type>no_split</osmand:split_type>
    <osmand:line_3d_visualization_by_type>none</osmand:line_3d_visualization_by_type>
    <osmand:line_3d_visualization_wall_color_type>none</osmand:line_3d_visualization_wall_color_type>
    <osmand:line_3d_visualization_position_type>top</osmand:line_3d_visualization_position_type>
    <osmand:vertical_exaggeration_scale>1.0</osmand:vertical_exaggeration_scale>
    <osmand:elevation_meters>1000.0</osmand:elevation_meters>
    <osmand:color>#00000000</osmand:color>
    <osmand:width></osmand:width>
    <osmand:coloring_type>solid</osmand:coloring_type>
  </extensions>
</gpx>