<?xml version='1.0' encoding='UTF-8' standalone='yes' ?>
<gpx version="1.1" creator="OsmAnd+ 5.3.10" xmlns="http://www.topografix.com/GPX/1/1" xmlns:osmand="https://osmand.net/docs/technical/osmand-file-formats/osmand-gpx" xmlns:gpxtpx="https://www8.garmin.com/xmlschemas/TrackPointExtensionv1.xsd" xmlns:xsi="http://www.w3.org/2001/XMLSchema-instance" xsi:schemaLocation="http://www.topografix.com/GPX/1/1 https://www.topografix.com/GPX/1/1/gpx.xsd">
  <metadata>
    <name>2026-07-19_11-09_Sun</name>
    <time>2026-07-19T16:49:57Z</time>
  </metadata>
  <trk>
    <trkseg>
      <trkpt lat="43.759594" lon="6.5627388">
        <ele>939.2</ele>
        <time>2026-07-19T09:09:20Z</time>
        <hdop>6.5</hdop>
        <extensions>
          <osmand:speed>1.1</osmand:speed>
        </extensions>
      </trkpt>
      <trkpt lat="43.7595471" lon="6.5628103">
        <ele>938.3</ele>
        <time>2026-07-19T09:09:25Z</time>
        <hdop>3</hdop>
        <extensions>
          <osmand:speed>1</osmand:speed>
        </extensions>
      </trkpt>
      <trkpt lat="43.7595236" lon="6.5628608">
        <ele>938.1</ele>
        <time>2026-07-19T09:09:31Z</time>
        <hdop>3.1</hdop>
        <extensions>
          <osmand:speed>1</osmand:speed>
        </extensions>
      </trkpt>
      <trkpt lat="43.7594875" lon="6.5629011">
        <ele>937.8</ele>
        <time>2026-07-19T09:09:36Z</time>
        <hdop>3.4</hdop>
        <extensions>
          <osmand:speed>1.1</osmand:speed>
        </extensions>
      </trkpt>
      <trkpt lat="43.759457" lon="6.5629777">
        <ele>937.1</ele>
        <time>2026-07-19T09:09:41Z</time>
        <hdop>3.2</hdop>
        <extensions>
          <osmand:speed>1</osmand:speed>
        </extensions>
      </trkpt>
      <trkpt lat="43.7594313" lon="6.5630442">
        <ele>936.7</ele>
        <time>2026-07-19T09:09:47Z</time>
        <hdop>3</hdop>
        <extensions>
          <osmand:speed>1.1</osmand:speed>
        </extensions>
      </trkpt>
      <trkpt lat="43.7594052" lon="6.5631081">
        <ele>936.9</ele>
        <time>2026-07-19T09:09:52Z</time>
        <hdop>3</hdop>
        <extensions>
          <osmand:speed>0.6</osmand:speed>
        </extensions>
      </trkpt>
      <trkpt lat="43.7594074" lon="6.5631062">
        <ele>936.9</ele>
        <time>2026-07-19T09:09:57Z</time>
        <hdop>3</hdop>
        <extensions>
          <osmand:speed>0.1</osmand:speed>
        </extensions>
      </trkpt>
      <trkpt lat="43.7594066" lon="6.563113">
        <ele>936.9</ele>
        <time>2026-07-19T09:10:03Z</time>
        <hdop>3</hdop>
        <extensions>
          <osmand:speed>0.2</osmand:speed>
        </extensions>
      </trkpt>
      <trkpt lat="43.7594138" lon="6.5631394">
        <ele>937</ele>
        <time>2026-07-19T09:10:08Z</time>
        <hdop>3</hdop>
        <extensions>
          <osmand:speed>0.1</osmand:speed>
        </extensions>
      </trkpt>
      <trkpt lat="43.7594167" lon="6.5631432">
        <ele>937.1</ele>
        <time>2026-07-19T09:10:14Z</time>
        <hdop>3</hdop>
        <extensions>
          <osmand:speed>0</osmand:speed>
        </extensions>
      </trkpt>
      <trkpt lat="43.7594013" lon="6.5631653">
        <ele>937.1</ele>
        <time>2026-07-19T09:10:19Z</time>
        <hdop>3</hdop>
        <extensions>
          <osmand:speed>0.8</osmand:speed>
        </extensions>
      </trkpt>
      <trkpt lat="43.7593636" lon="6.5632453">
        <ele>937</ele>
        <time>2026-07-19T09:10:25Z</time>
        <hdop>3</hdop>
        <extensions>
          <osmand:speed>1.2</osmand:speed>
        </extensions>
      </trkpt>
      <trkpt lat="43.7593273" lon="6.5633247">
        <ele>937</ele>
        <time>2026-07-19T09:10:30Z</time>
        <hdop>3.1</hdop>
        <extensions>
          <osmand:speed>1.1</osmand:speed>
        </extensions>
      </trkpt>
      <trkpt lat="43.7592969" lon="6.5633848">
        <ele>937.2</ele>
        <time>2026-07-19T09:10:35Z</time>
        <hdop>3</hdop>
        <extensions>
          <osmand:speed>1.1</osmand:speed>
        </extensions>
      </trkpt>
      <trkpt lat="43.7592652" lon="6.5634489">
        <ele>937.4</ele>
        <time>2026-07-19T09:10:40Z</time>
        <hdop>3.8</hdop>
        <extensions>
          <osmand:speed>1</osmand:speed>
        </extensions>
      </trkpt>
      <trkpt lat="43.7592327" lon="6.5635083">
        <ele>938</ele>
        <time>2026-07-19T09:10:46Z</time>
        <hdop>4.5</hdop>
        <extensions>
          <osmand:speed>1.1</osmand:speed>
        </extensions>
      </trkpt>
      <trkpt lat="43.7591975" lon="6.5635739">
        <ele>938</ele>
        <time>2026-07-19T09:10:51Z</time>
        <hdop>4.8</hdop>
        <extensions>
          <osmand:speed>1.1</osmand:speed>
        </extensions>
      </trkpt>
      <trkpt lat="43.7591706" lon="6.5636293">
        <ele>938.3</ele>
        <time>2026-07-19T09:10:56Z</time>
        <hdop>4.8</hdop>
        <extensions>
          <osmand:speed>1</osmand:speed>
        </extensions>
      </trkpt>
      <trkpt lat="43.7591409" lon="6.563696">
        <ele>938.6</ele>
        <time>2026-07-19T09:11:01Z</time>
        <hdop>4.7</hdop>
        <extensions>
          <osmand:speed>1.1</osmand:speed>
        </extensions>
      </trkpt>
      <trkpt lat="43.759106" lon="6.5637467">
        <ele>938.6</ele>
        <time>2026-07-19T09:11:06Z</time>
        <hdop>4.9</hdop>
        <extensions>
          <osmand:speed>1.1</osmand:speed>
        </extensions>
      </trkpt>
      <trkpt lat="43.7590747" lon="6.5638348">
        <ele>938.6</ele>
        <time>2026-07-19T09:11:12Z</time>
        <hdop>4.7</hdop>
        <extensions>
          <osmand:speed>1.3</osmand:speed>
        </extensions>
      </trkpt>
      <trkpt lat="43.759046" lon="6.5639119">
        <ele>938.3</ele>
        <time>2026-07-19T09:11:17Z</time>
        <hdop>4.7</hdop>
        <extensions>
          <osmand:speed>1.3</osmand:speed>
        </extensions>
      </trkpt>
      <trkpt lat="43.7590179" lon="6.563989">
        <ele>937.3</ele>
        <time>2026-07-19T09:11:22Z</time>
        <hdop>4.9</hdop>
        <extensions>
          <osmand:speed>1.3</osmand:speed>
        </extensions>
      </trkpt>
      <trkpt lat="43.7589929" lon="6.5640706">
        <ele>936.5</ele>
        <time>2026-07-19T09:11:27Z</time>
        <hdop>5.2</hdop>
        <extensions>
          <osmand:speed>1.2</osmand:speed>
        </extensions>
      </trkpt>
      <trkpt lat="43.7589824" lon="6.5641455">
        <ele>936.3</ele>
        <time>2026-07-19T09:11:32Z</time>
        <hdop>5.1</hdop>
        <extensions>
          <osmand:speed>1.2</osmand:speed>
        </extensions>
      </trkpt>
      <trkpt lat="43.7589716" lon="6.5642377">
        <ele>935.8</ele>
        <time>2026-07-19T09:11:38Z</time>
        <hdop>5.2</hdop>
        <extensions>
          <osmand:speed>1.3</osmand:speed>
        </extensions>
      </trkpt>
      <trkpt lat="43.7589755" lon="6.5643235">
        <ele>935.4</ele>
        <time>2026-07-19T09:11:43Z</time>
        <hdop>5</hdop>
        <extensions>
          <osmand:speed>1.3</osmand:speed>
        </extensions>
      </trkpt>
      <trkpt lat="43.7589751" lon="6.5643902">
        <ele>934.6</ele>
        <time>2026-07-19T09:11:48Z</time>
        <hdop>5.2</hdop>
        <extensions>
          <osmand:speed>1.2</osmand:speed>
        </extensions>
      </trkpt>
      <trkpt lat="43.758974" lon="6.5644643">
        <ele>934.1</ele>
        <time>2026-07-19T09:11:54Z</time>
        <hdop>5.2</hdop>
        <extensions>
          <osmand:speed>1.2</osmand:speed>
        </extensions>
      </trkpt>
      <trkpt lat="43.7589654" lon="6.5645366">
        <ele>933.7</ele>
        <time>2026-07-19T09:11:59Z</time>
        <hdop>5.2</hdop>
        <extensions>
          <osmand:speed>1.2</osmand:speed>
        </extensions>
      </trkpt>
      <trkpt lat="43.7589466" lon="6.5646143">
        <ele>933.5</ele>
        <time>2026-07-19T09:12:04Z</time>
        <hdop>5.4</hdop>
        <extensions>
          <osmand:speed>1.3</osmand:speed>
        </extensions>
      </trkpt>
      <trkpt lat="43.7589105" lon="6.5646844">
        <ele>932.9</ele>
        <time>2026-07-19T09:12:09Z</time>
        <hdop>4.8</hdop>
        <extensions>
          <osmand:speed>1.3</osmand:speed>
        </extensions>
      </trkpt>
      <trkpt lat="43.7588656" lon="6.5647475">
        <ele>932.4</ele>
        <time>2026-07-19T09:12:15Z</time>
        <hdop>4.6</hdop>
        <extensions>
          <osmand:speed>1.3</osmand:speed>
        </extensions>
      </trkpt>
      <trkpt lat="43.7588066" lon="6.5648116">
        <ele>931.9</ele>
        <time>2026-07-19T09:12:20Z</time>
        <hdop>5</hdop>
        <extensions>
          <osmand:speed>1.3</osmand:speed>
        </extensions>
      </trkpt>
      <trkpt lat="43.75875" lon="6.5648829">
        <ele>931.3</ele>
        <time>2026-07-19T09:12:26Z</time>
        <hdop>5</hdop>
        <extensions>
          <osmand:speed>1.3</osmand:speed>
        </extensions>
      </trkpt>
      <trkpt lat="43.7587028" lon="6.5649421">
        <ele>930.3</ele>
        <time>2026-07-19T09:12:31Z</time>
        <hdop>5.1</hdop>
        <extensions>
          <osmand:speed>1.3</osmand:speed>
        </extensions>
      </trkpt>
      <trkpt lat="43.7586588" lon="6.5649918">
        <ele>929.6</ele>
        <time>2026-07-19T09:12:36Z</time>
        <hdop>5.1</hdop>
        <extensions>
          <osmand:speed>1.3</osmand:speed>
        </extensions>
      </trkpt>
      <trkpt lat="43.7586085" lon="6.5650447">
        <ele>928.8</ele>
        <time>2026-07-19T09:12:42Z</time>
        <hdop>4.6</hdop>
        <extensions>
          <osmand:speed>1.3</osmand:speed>
        </extensions>
      </trkpt>
      <trkpt lat="43.7585519" lon="6.5650776">
        <ele>927.8</ele>
        <time>2026-07-19T09:12:47Z</time>
        <hdop>4.8</hdop>
        <extensions>
          <osmand:speed>1.3</osmand:speed>
        </extensions>
      </trkpt>
      <trkpt lat="43.7585004" lon="6.5651062">
        <ele>927.2</ele>
        <time>2026-07-19T09:12:52Z</time>
        <hdop>5</hdop>
        <extensions>
          <osmand:speed>1.3</osmand:speed>
        </extensions>
      </trkpt>
      <trkpt lat="43.7584512" lon="6.5651566">
        <ele>926.5</ele>
        <time>2026-07-19T09:12:58Z</time>
        <hdop>4.8</hdop>
        <extensions>
          <osmand:speed>1.3</osmand:speed>
        </extensions>
      </trkpt>
      <trkpt lat="43.7584042" lon="6.5652124">
        <ele>925.9</ele>
        <time>2026-07-19T09:13:03Z</time>
        <hdop>4.9</hdop>
        <extensions>
          <osmand:speed>1.3</osmand:speed>
        </extensions>
      </trkpt>
      <trkpt lat="43.7583571" lon="6.5652714">
        <ele>925.5</ele>
        <time>2026-07-19T09:13:08Z</time>
        <hdop>5.1</hdop>
        <extensions>
          <osmand:speed>1.3</osmand:speed>
        </extensions>
      </trkpt>
      <trkpt lat="43.7583196" lon="6.5653478">
        <ele>925.3</ele>
        <time>2026-07-19T09:13:14Z</time>
        <hdop>5.2</hdop>
        <extensions>
          <osmand:speed>1.3</osmand:speed>
        </extensions>
      </trkpt>
      <trkpt lat="43.7582977" lon="6.5654169">
        <ele>924.8</ele>
        <time>2026-07-19T09:13:19Z</time>
        <hdop>5.1</hdop>
        <extensions>
          <osmand:speed>1.2</osmand:speed>
        </extensions>
      </trkpt>
      <trkpt lat="43.7582661" lon="6.5654862">
        <ele>924</ele>
        <time>2026-07-19T09:13:24Z</time>
        <hdop>5.2</hdop>
        <extensions>
          <osmand:speed>1.3</osmand:speed>
        </extensions>
      </trkpt>
      <trkpt lat="43.7582365" lon="6.5655502">
        <ele>923.5</ele>
        <time>2026-07-19T09:13:29Z</time>
        <hdop>5.2</hdop>
        <extensions>
          <osmand:speed>1.2</osmand:speed>
        </extensions>
      </trkpt>
      <trkpt lat="43.7582197" lon="6.5656309">
        <ele>922.8</ele>
        <time>2026-07-19T09:13:35Z</time>
        <hdop>5.3</hdop>
        <extensions>
          <osmand:speed>1.2</osmand:speed>
        </extensions>
      </trkpt>
      <trkpt lat="43.7582122" lon="6.5657026">
        <ele>922.6</ele>
        <time>2026-07-19T09:13:40Z</time>
        <hdop>5.1</hdop>
        <extensions>
          <osmand:speed>1.2</osmand:speed>
        </extensions>
      </trkpt>
      <trkpt lat="43.7582043" lon="6.5657847">
        <ele>922.3</ele>
        <time>2026-07-19T09:13:45Z</time>
        <hdop>4.7</hdop>
        <extensions>
          <osmand:speed>1.2</osmand:speed>
        </extensions>
      </trkpt>
      <trkpt lat="43.7582007" lon="6.5658663">
        <ele>921.6</ele>
        <time>2026-07-19T09:13:50Z</time>
        <hdop>5.1</hdop>
        <extensions>
          <osmand:speed>1.3</osmand:speed>
        </extensions>
      </trkpt>
      <trkpt lat="43.7581987" lon="6.5659339">
        <ele>921</ele>
        <time>2026-07-19T09:13:55Z</time>
        <hdop>5</hdop>
        <extensions>
          <osmand:speed>1.2</osmand:speed>
        </extensions>
      </trkpt>
      <trkpt lat="43.7581892" lon="6.566013">
        <ele>920.7</ele>
        <time>2026-07-19T09:14:01Z</time>
        <hdop>4.7</hdop>
        <extensions>
          <osmand:speed>1.2</osmand:speed>
        </extensions>
      </trkpt>
      <trkpt lat="43.7581747" lon="6.5660912">
        <ele>920.7</ele>
        <time>2026-07-19T09:14:06Z</time>
        <hdop>5</hdop>
        <extensions>
          <osmand:speed>1.2</osmand:speed>
        </extensions>
      </trkpt>
      <trkpt lat="43.7581688" lon="6.5661678">
        <ele>920.4</ele>
        <time>2026-07-19T09:14:11Z</time>
        <hdop>5.2</hdop>
        <extensions>
          <osmand:speed>1.2</osmand:speed>
        </extensions>
      </trkpt>
      <trkpt lat="43.7581694" lon="6.5662498">
        <ele>920.2</ele>
        <time>2026-07-19T09:14:16Z</time>
        <hdop>5.1</hdop>
        <extensions>
          <osmand:speed>1.2</osmand:speed>
        </extensions>
      </trkpt>
      <trkpt lat="43.7581859" lon="6.5663451">
        <ele>920.1</ele>
        <time>2026-07-19T09:14:22Z</time>
        <hdop>5.2</hdop>
        <extensions>
          <osmand:speed>1.2</osmand:speed>
        </extensions>
      </trkpt>
      <trkpt lat="43.7581916" lon="6.5664442">
        <ele>920.1</ele>
        <time>2026-07-19T09:14:27Z</time>
        <hdop>5.3</hdop>
        <extensions>
          <osmand:speed>1.2</osmand:speed>
        </extensions>
      </trkpt>
      <trkpt lat="43.7581905" lon="6.566522">
        <ele>919.9</ele>
        <time>2026-07-19T09:14:32Z</time>
        <hdop>5.1</hdop>
        <extensions>
          <osmand:speed>1.1</osmand:speed>
        </extensions>
      </trkpt>
      <trkpt lat="43.7581818" lon="6.5666111">
        <ele>919.9</ele>
        <time>2026-07-19T09:14:38Z</time>
        <hdop>4.9</hdop>
        <extensions>
          <osmand:speed>1.2</osmand:speed>
        </extensions>
      </trkpt>
      <trkpt lat="43.7581774" lon="6.566691">
        <ele>919.8</ele>
        <time>2026-07-19T09:14:43Z</time>
        <hdop>5.2</hdop>
        <extensions>
          <osmand:speed>1.3</osmand:speed>
        </extensions>
      </trkpt>
      <trkpt lat="43.7581846" lon="6.5667787">
        <ele>919.7</ele>
        <time>2026-07-19T09:14:48Z</time>
        <hdop>5.4</hdop>
        <extensions>
          <osmand:speed>1.1</osmand:speed>
        </extensions>
      </trkpt>
      <trkpt lat="43.7581913" lon="6.5668666">
        <ele>919.7</ele>
        <time>2026-07-19T09:14:54Z</time>
        <hdop>5.2</hdop>
        <extensions>
          <osmand:speed>1.2</osmand:speed>
        </extensions>
      </trkpt>
      <trkpt lat="43.7582029" lon="6.5669597">
        <ele>919.3</ele>
        <time>2026-07-19T09:14:59Z</time>
        <hdop>5.2</hdop>
        <extensions>
          <osmand:speed>1.2</osmand:speed>
        </extensions>
      </trkpt>
      <trkpt lat="43.7582097" lon="6.5670502">
        <ele>919.1</ele>
        <time>2026-07-19T09:15:04Z</time>
        <hdop>5</hdop>
        <extensions>
          <osmand:speed>1.3</osmand:speed>
        </extensions>
      </trkpt>
      <trkpt lat="43.7582193" lon="6.567132">
        <ele>918.9</ele>
        <time>2026-07-19T09:15:09Z</time>
        <hdop>5.2</hdop>
        <extensions>
          <osmand:speed>1.2</osmand:speed>
        </extensions>
      </trkpt>
      <trkpt lat="43.7582232" lon="6.567215">
        <ele>919</ele>
        <time>2026-07-19T09:15:15Z</time>
        <hdop>5.3</hdop>
        <extensions>
          <osmand:speed>1.3</osmand:speed>
        </extensions>
      </trkpt>
      <trkpt lat="43.7582206" lon="6.5673056">
        <ele>918.5</ele>
        <time>2026-07-19T09:15:20Z</time>
        <hdop>5.3</hdop>
        <extensions>
          <osmand:speed>1.3</osmand:speed>
        </extensions>
      </trkpt>
      <trkpt lat="43.7582121" lon="6.567395">
        <ele>917.7</ele>
        <time>2026-07-19T09:15:25Z</time>
        <hdop>5.5</hdop>
        <extensions>
          <osmand:speed>1.3</osmand:speed>
        </extensions>
      </trkpt>
      <trkpt lat="43.7581792" lon="6.5674645">
        <ele>916.9</ele>
        <time>2026-07-19T09:15:31Z</time>
        <hdop>5.3</hdop>
        <extensions>
          <osmand:speed>1.2</osmand:speed>
        </extensions>
      </trkpt>
      <trkpt lat="43.7581148" lon="6.5674882">
        <ele>916.4</ele>
        <time>2026-07-19T09:15:36Z</time>
        <hdop>4.8</hdop>
        <extensions>
          <osmand:speed>1.3</osmand:speed>
        </extensions>
      </trkpt>
      <trkpt lat="43.7580511" lon="6.5674777">
        <ele>916</ele>
        <time>2026-07-19T09:15:41Z</time>
        <hdop>4.9</hdop>
        <extensions>
          <osmand:speed>1.2</osmand:speed>
        </extensions>
      </trkpt>
      <trkpt lat="43.7579852" lon="6.5674921">
        <ele>915.8</ele>
        <time>2026-07-19T09:15:46Z</time>
        <hdop>5</hdop>
        <extensions>
          <osmand:speed>1.3</osmand:speed>
        </extensions>
      </trkpt>
      <trkpt lat="43.7579261" lon="6.5675172">
        <ele>915.6</ele>
        <time>2026-07-19T09:15:51Z</time>
        <hdop>5.4</hdop>
        <extensions>
          <osmand:speed>1.2</osmand:speed>
        </extensions>
      </trkpt>
      <trkpt lat="43.7578693" lon="6.5675525">
        <ele>915.7</ele>
        <time>2026-07-19T09:15:56Z</time>
        <hdop>5.3</hdop>
        <extensions>
          <osmand:speed>1.2</osmand:speed>
        </extensions>
      </trkpt>
      <trkpt lat="43.7578097" lon="6.5675801">
        <ele>915.6</ele>
        <time>2026-07-19T09:16:02Z</time>
        <hdop>5.1</hdop>
        <extensions>
          <osmand:speed>1.2</osmand:speed>
        </extensions>
      </trkpt>
      <trkpt lat="43.7577384" lon="6.5675964">
        <ele>915.4</ele>
        <time>2026-07-19T09:16:07Z</time>
        <hdop>5</hdop>
        <extensions>
          <osmand:speed>1.3</osmand:speed>
        </extensions>
      </trkpt>
      <trkpt lat="43.757674" lon="6.5676096">
        <ele>915.2</ele>
        <time>2026-07-19T09:16:12Z</time>
        <hdop>4.8</hdop>
        <extensions>
          <osmand:speed>1.3</osmand:speed>
        </extensions>
      </trkpt>
      <trkpt lat="43.7576196" lon="6.56763">
        <ele>915.1</ele>
        <time>2026-07-19T09:16:17Z</time>
        <hdop>4.8</hdop>
        <extensions>
          <osmand:speed>1.3</osmand:speed>
        </extensions>
      </trkpt>
      <trkpt lat="43.7575597" lon="6.5676614">
        <ele>915.1</ele>
        <time>2026-07-19T09:16:23Z</time>
        <hdop>5</hdop>
        <extensions>
          <osmand:speed>1.3</osmand:speed>
        </extensions>
      </trkpt>
      <trkpt lat="43.7574913" lon="6.5676727">
        <ele>915.1</ele>
        <time>2026-07-19T09:16:28Z</time>
        <hdop>5.3</hdop>
        <extensions>
          <osmand:speed>1.3</osmand:speed>
        </extensions>
      </trkpt>
      <trkpt lat="43.757428" lon="6.5676683">
        <ele>915</ele>
        <time>2026-07-19T09:16:34Z</time>
        <hdop>5.5</hdop>
        <extensions>
          <osmand:speed>1.2</osmand:speed>
        </extensions>
      </trkpt>
      <trkpt lat="43.7573689" lon="6.5676745">
        <ele>914.9</ele>
        <time>2026-07-19T09:16:39Z</time>
        <hdop>5.2</hdop>
        <extensions>
          <osmand:speed>1.2</osmand:speed>
        </extensions>
      </trkpt>
      <trkpt lat="43.7573128" lon="6.5676725">
        <ele>914.8</ele>
        <time>2026-07-19T09:16:44Z</time>
        <hdop>5</hdop>
        <extensions>
          <osmand:speed>1.3</osmand:speed>
        </extensions>
      </trkpt>
      <trkpt lat="43.757256" lon="6.5676602">
        <ele>914.7</ele>
        <time>2026-07-19T09:16:49Z</time>
        <hdop>5.2</hdop>
        <extensions>
          <osmand:speed>1.2</osmand:speed>
        </extensions>
      </trkpt>
      <trkpt lat="43.7572991" lon="6.5676601">
        <ele>914.7</ele>
        <time>2026-07-19T09:16:55Z</time>
        <hdop>4.4</hdop>
        <extensions>
          <osmand:speed>0.6</osmand:speed>
        </extensions>
      </trkpt>
      <trkpt lat="43.7572927" lon="6.5676636">
        <ele>914.6</ele>
        <time>2026-07-19T09:17:01Z</time>
        <hdop>4.1</hdop>
        <extensions>
          <osmand:speed>0.1</osmand:speed>
        </extensions>
      </trkpt>
      <trkpt lat="43.7572964" lon="6.5676613">
        <ele>914.6</ele>
        <time>2026-07-19T09:17:07Z</time>
        <hdop>3.8</hdop>
        <extensions>
          <osmand:speed>0.1</osmand:speed>
        </extensions>
      </trkpt>
      <trkpt lat="43.7572497" lon="6.5676603">
        <ele>914.6</ele>
        <time>2026-07-19T09:17:12Z</time>
        <hdop>3.7</hdop>
        <extensions>
          <osmand:speed>1.1</osmand:speed>
        </extensions>
      </trkpt>
      <trkpt lat="43.7571777" lon="6.5676346">
        <ele>914.5</ele>
        <time>2026-07-19T09:17:18Z</time>
        <hdop>4.1</hdop>
        <extensions>
          <osmand:speed>1.2</osmand:speed>
        </extensions>
      </trkpt>
      <trkpt lat="43.7571114" lon="6.5676047">
        <ele>914.6</ele>
        <time>2026-07-19T09:17:23Z</time>
        <hdop>4.8</hdop>
        <extensions>
          <osmand:speed>1.3</osmand:speed>
        </extensions>
      </trkpt>
      <trkpt lat="43.7570369" lon="6.5675697">
        <ele>914.7</ele>
        <time>2026-07-19T09:17:28Z</time>
        <hdop>5.1</hdop>
        <extensions>
          <osmand:speed>1.3</osmand:speed>
        </extensions>
      </trkpt>
      <trkpt lat="43.7569667" lon="6.5675193">
        <ele>914.6</ele>
        <time>2026-07-19T09:17:34Z</time>
        <hdop>5.1</hdop>
        <extensions>
          <osmand:speed>1.3</osmand:speed>
        </extensions>
      </trkpt>
      <trkpt lat="43.7569115" lon="6.5674884">
        <ele>914.9</ele>
        <time>2026-07-19T09:17:39Z</time>
        <hdop>4.9</hdop>
        <extensions>
          <osmand:speed>1.2</osmand:speed>
        </extensions>
      </trkpt>
      <trkpt lat="43.7568475" lon="6.5674664">
        <ele>914.9</ele>
        <time>2026-07-19T09:17:45Z</time>
        <hdop>5</hdop>
        <extensions>
          <osmand:speed>1.3</osmand:speed>
        </extensions>
      </trkpt>
      <trkpt lat="43.7567842" lon="6.5674522">
        <ele>914.9</ele>
        <time>2026-07-19T09:17:50Z</time>
        <hdop>5</hdop>
        <extensions>
          <osmand:speed>1.2</osmand:speed>
        </extensions>
      </trkpt>
      <trkpt lat="43.7567236" lon="6.5674133">
        <ele>914.6</ele>
        <time>2026-07-19T09:17:56Z</time>
        <hdop>4.9</hdop>
        <extensions>
          <osmand:speed>1.2</osmand:speed>
        </extensions>
      </trkpt>
      <trkpt lat="43.7566645" lon="6.5673696">
        <ele>914.8</ele>
        <time>2026-07-19T09:18:01Z</time>
        <hdop>5.1</hdop>
        <extensions>
          <osmand:speed>1.2</osmand:speed>
        </extensions>
      </trkpt>
      <trkpt lat="43.7565973" lon="6.5673481">
        <ele>914.7</ele>
        <time>2026-07-19T09:18:06Z</time>
        <hdop>5.1</hdop>
        <extensions>
          <osmand:speed>1.2</osmand:speed>
        </extensions>
      </trkpt>
      <trkpt lat="43.756535" lon="6.5673346">
        <ele>914.7</ele>
        <time>2026-07-19T09:18:11Z</time>
        <hdop>5</hdop>
        <extensions>
          <osmand:speed>1.3</osmand:speed>
        </extensions>
      </trkpt>
      <trkpt lat="43.7564716" lon="6.5673133">
        <ele>914.6</ele>
        <time>2026-07-19T09:18:16Z</time>
        <hdop>5.2</hdop>
        <extensions>
          <osmand:speed>1.3</osmand:speed>
        </extensions>
      </trkpt>
      <trkpt lat="43.7564024" lon="6.5672799">
        <ele>914.4</ele>
        <time>2026-07-19T09:18:22Z</time>
        <hdop>5.1</hdop>
        <extensions>
          <osmand:speed>1.3</osmand:speed>
        </extensions>
      </trkpt>
      <trkpt lat="43.7563426" lon="6.5672489">
        <ele>914.3</ele>
        <time>2026-07-19T09:18:27Z</time>
        <hdop>5.1</hdop>
        <extensions>
          <osmand:speed>1.3</osmand:speed>
        </extensions>
      </trkpt>
      <trkpt lat="43.7562844" lon="6.5672055">
        <ele>914.5</ele>
        <time>2026-07-19T09:18:33Z</time>
        <hdop>5</hdop>
        <extensions>
          <osmand:speed>1.3</osmand:speed>
        </extensions>
      </trkpt>
      <trkpt lat="43.7562211" lon="6.5671726">
        <ele>914.3</ele>
        <time>2026-07-19T09:18:38Z</time>
        <hdop>4.9</hdop>
        <extensions>
          <osmand:speed>1.3</osmand:speed>
        </extensions>
      </trkpt>
      <trkpt lat="43.7561586" lon="6.5671527">
        <ele>914.2</ele>
        <time>2026-07-19T09:18:43Z</time>
        <hdop>4.7</hdop>
        <extensions>
          <osmand:speed>1.3</osmand:speed>
        </extensions>
      </trkpt>
      <trkpt lat="43.7560986" lon="6.5671143">
        <ele>914.1</ele>
        <time>2026-07-19T09:18:49Z</time>
        <hdop>4.9</hdop>
        <extensions>
          <osmand:speed>1.3</osmand:speed>
        </extensions>
      </trkpt>
      <trkpt lat="43.7560588" lon="6.5670463">
        <ele>913.9</ele>
        <time>2026-07-19T09:18:54Z</time>
        <hdop>4.8</hdop>
        <extensions>
          <osmand:speed>1.3</osmand:speed>
        </extensions>
      </trkpt>
      <trkpt lat="43.7560253" lon="6.5669774">
        <ele>913.8</ele>
        <time>2026-07-19T09:18:59Z</time>
        <hdop>4.9</hdop>
        <extensions>
          <osmand:speed>1.3</osmand:speed>
        </extensions>
      </trkpt>
      <trkpt lat="43.7559891" lon="6.5668977">
        <ele>913.5</ele>
        <time>2026-07-19T09:19:05Z</time>
        <hdop>5.2</hdop>
        <extensions>
          <osmand:speed>1.3</osmand:speed>
        </extensions>
      </trkpt>
      <trkpt lat="43.7559476" lon="6.5668287">
        <ele>913.4</ele>
        <time>2026-07-19T09:19:10Z</time>
        <hdop>5.2</hdop>
        <extensions>
          <osmand:speed>1.3</osmand:speed>
        </extensions>
      </trkpt>
      <trkpt lat="43.7558904" lon="6.5667665">
        <ele>913.5</ele>
        <time>2026-07-19T09:19:15Z</time>
        <hdop>5.3</hdop>
        <extensions>
          <osmand:speed>1.3</osmand:speed>
        </extensions>
      </trkpt>
      <trkpt lat="43.7558349" lon="6.566711">
        <ele>913.7</ele>
        <time>2026-07-19T09:19:21Z</time>
        <hdop>5.2</hdop>
        <extensions>
          <osmand:speed>1.3</osmand:speed>
        </extensions>
      </trkpt>
      <trkpt lat="43.7557758" lon="6.5666632">
        <ele>913.9</ele>
        <time>2026-07-19T09:19:26Z</time>
        <hdop>4.9</hdop>
        <extensions>
          <osmand:speed>1.3</osmand:speed>
        </extensions>
      </trkpt>
      <trkpt lat="43.7557261" lon="6.5666101">
        <ele>913.9</ele>
        <time>2026-07-19T09:19:31Z</time>
        <hdop>5</hdop>
        <extensions>
          <osmand:speed>1.2</osmand:speed>
        </extensions>
      </trkpt>
      <trkpt lat="43.7556827" lon="6.5665459">
        <ele>913.8</ele>
        <time>2026-07-19T09:19:36Z</time>
        <hdop>5.1</hdop>
        <extensions>
          <osmand:speed>1.3</osmand:speed>
        </extensions>
      </trkpt>
      <trkpt lat="43.7556537" lon="6.5664633">
        <ele>913.7</ele>
        <time>2026-07-19T09:19:41Z</time>
        <hdop>4.9</hdop>
        <extensions>
          <osmand:speed>1.3</osmand:speed>
        </extensions>
      </trkpt>
      <trkpt lat="43.7556231" lon="6.5663855">
        <ele>913.7</ele>
        <time>2026-07-19T09:19:47Z</time>
        <hdop>4.8</hdop>
        <extensions>
          <osmand:speed>1.2</osmand:speed>
        </extensions>
      </trkpt>
      <trkpt lat="43.755585" lon="6.5663175">
        <ele>913.8</ele>
        <time>2026-07-19T09:19:52Z</time>
        <hdop>4.8</hdop>
        <extensions>
          <osmand:speed>1.3</osmand:speed>
        </extensions>
      </trkpt>
      <trkpt lat="43.7555489" lon="6.5662573">
        <ele>913.7</ele>
        <time>2026-07-19T09:19:57Z</time>
        <hdop>4.6</hdop>
        <extensions>
          <osmand:speed>1.3</osmand:speed>
        </extensions>
      </trkpt>
      <trkpt lat="43.7555108" lon="6.5661873">
        <ele>913.3</ele>
        <time>2026-07-19T09:20:02Z</time>
        <hdop>4.8</hdop>
        <extensions>
          <osmand:speed>1.3</osmand:speed>
        </extensions>
      </trkpt>
      <trkpt lat="43.755501" lon="6.566097">
        <ele>913.3</ele>
        <time>2026-07-19T09:20:07Z</time>
        <hdop>5.1</hdop>
        <extensions>
          <osmand:speed>1.3</osmand:speed>
        </extensions>
      </trkpt>
      <trkpt lat="43.7554969" lon="6.5660053">
        <ele>913.2</ele>
        <time>2026-07-19T09:20:13Z</time>
        <hdop>5.1</hdop>
        <extensions>
          <osmand:speed>1.2</osmand:speed>
        </extensions>
      </trkpt>
      <trkpt lat="43.7555071" lon="6.5659086">
        <ele>912.6</ele>
        <time>2026-07-19T09:20:18Z</time>
        <hdop>5.1</hdop>
        <extensions>
          <osmand:speed>1.2</osmand:speed>
        </extensions>
      </trkpt>
      <trkpt lat="43.7555211" lon="6.5658072">
        <ele>912.2</ele>
        <time>2026-07-19T09:20:24Z</time>
        <hdop>5</hdop>
        <extensions>
          <osmand:speed>1.2</osmand:speed>
        </extensions>
      </trkpt>
      <trkpt lat="43.7555393" lon="6.5657364">
        <ele>911.9</ele>
        <time>2026-07-19T09:20:29Z</time>
        <hdop>5.4</hdop>
        <extensions>
          <osmand:speed>1.2</osmand:speed>
        </extensions>
      </trkpt>
      <trkpt lat="43.7555364" lon="6.565676">
        <ele>911.6</ele>
        <time>2026-07-19T09:20:34Z</time>
        <hdop>5.4</hdop>
        <extensions>
          <osmand:speed>1</osmand:speed>
        </extensions>
      </trkpt>
      <trkpt lat="43.7555342" lon="6.5656752">
        <ele>911.7</ele>
        <time>2026-07-19T09:20:40Z</time>
        <hdop>4</hdop>
        <extensions>
          <osmand:speed>0.1</osmand:speed>
        </extensions>
      </trkpt>
      <trkpt lat="43.7555358" lon="6.565683">
        <ele>911.8</ele>
        <time>2026-07-19T09:20:46Z</time>
        <hdop>3.7</hdop>
        <extensions>
          <osmand:speed>0</osmand:speed>
        </extensions>
      </trkpt>
      <trkpt lat="43.7555305" lon="6.5656829">
        <ele>911.8</ele>
        <time>2026-07-19T09:20:51Z</time>
        <hdop>3.8</hdop>
        <extensions>
          <osmand:speed>0.2</osmand:speed>
        </extensions>
      </trkpt>
      <trkpt lat="43.7555215" lon="6.5656681">
        <ele>912</ele>
        <time>2026-07-19T09:20:56Z</time>
        <hdop>3.9</hdop>
        <extensions>
          <osmand:speed>0.2</osmand:speed>
        </extensions>
      </trkpt>
      <trkpt lat="43.7555192" lon="6.5656644">
        <ele>912</ele>
        <time>2026-07-19T09:21:01Z</time>
        <hdop>4</hdop>
        <extensions>
          <osmand:speed>0.2</osmand:speed>
        </extensions>
      </trkpt>
      <trkpt lat="43.755506" lon="6.5656083">
        <ele>912.1</ele>
        <time>2026-07-19T09:21:07Z</time>
        <hdop>7</hdop>
        <extensions>
          <osmand:speed>0.7</osmand:speed>
        </extensions>
      </trkpt>
      <trkpt lat="43.7554858" lon="6.5655862">
        <ele>911.9</ele>
        <time>2026-07-19T09:21:13Z</time>
        <hdop>9.9</hdop>
      </trkpt>
      <trkpt lat="43.7554841" lon="6.565584">
        <ele>912</ele>
        <time>2026-07-19T09:21:19Z</time>
        <hdop>9.9</hdop>
        <extensions>
          <osmand:speed>0.3</osmand:speed>
        </extensions>
      </trkpt>
      <trkpt lat="43.7554858" lon="6.5655897">
        <ele>911.9</ele>
        <time>2026-07-19T09:21:24Z</time>
        <hdop>9.9</hdop>
      </trkpt>
      <trkpt lat="43.7555069" lon="6.5656133">
        <ele>911.9</ele>
        <time>2026-07-19T09:21:30Z</time>
        <hdop>9.9</hdop>
        <extensions>
          <osmand:speed>0.9</osmand:speed>
        </extensions>
      </trkpt>
      <trkpt lat="43.755512" lon="6.5656174">
        <ele>911.9</ele>
        <time>2026-07-19T09:21:36Z</time>
        <hdop>9.9</hdop>
      </trkpt>
      <trkpt lat="43.755512" lon="6.5656175">
        <ele>911.8</ele>
        <time>2026-07-19T09:21:41Z</time>
        <hdop>9.9</hdop>
      </trkpt>
      <trkpt lat="43.7555121" lon="6.5656177">
        <ele>911.8</ele>
        <time>2026-07-19T09:21:47Z</time>
        <hdop>9.9</hdop>
      </trkpt>
      <trkpt lat="43.7555122" lon="6.5656179">
        <ele>912</ele>
        <time>2026-07-19T09:21:52Z</time>
        <hdop>9.9</hdop>
      </trkpt>
      <trkpt lat="43.7555123" lon="6.565618">
        <ele>911.7</ele>
        <time>2026-07-19T09:21:58Z</time>
        <hdop>9.9</hdop>
      </trkpt>
      <trkpt lat="43.7555054" lon="6.5656214">
        <ele>911.6</ele>
        <time>2026-07-19T09:22:04Z</time>
        <hdop>9.9</hdop>
        <extensions>
          <osmand:speed>0.5</osmand:speed>
        </extensions>
      </trkpt>
      <trkpt lat="43.7555107" lon="6.5655789">
        <ele>911.5</ele>
        <time>2026-07-19T09:22:10Z</time>
        <hdop>9.9</hdop>
        <extensions>
          <osmand:speed>0.8</osmand:speed>
        </extensions>
      </trkpt>
      <trkpt lat="43.7555326" lon="6.5655409">
        <ele>911.4</ele>
        <time>2026-07-19T09:22:16Z</time>
        <hdop>9.9</hdop>
      </trkpt>
      <trkpt lat="43.7555521" lon="6.5655178">
        <ele>911.3</ele>
        <time>2026-07-19T09:22:22Z</time>
        <hdop>9.9</hdop>
        <extensions>
          <osmand:speed>0.7</osmand:speed>
        </extensions>
      </trkpt>
      <trkpt lat="43.7555469" lon="6.5655122">
        <ele>911.6</ele>
        <time>2026-07-19T09:22:28Z</time>
        <hdop>9.9</hdop>
      </trkpt>
      <trkpt lat="43.7555467" lon="6.5655121">
        <ele>911.6</ele>
        <time>2026-07-19T09:22:34Z</time>
        <hdop>9.9</hdop>
      </trkpt>
      <trkpt lat="43.7555244" lon="6.5654565">
        <ele>911.4</ele>
        <time>2026-07-19T09:22:40Z</time>
        <hdop>9.9</hdop>
        <extensions>
          <osmand:speed>1.5</osmand:speed>
        </extensions>
      </trkpt>
      <trkpt lat="43.75554" lon="6.5653882">
        <ele>911.8</ele>
        <time>2026-07-19T09:22:45Z</time>
        <hdop>9.9</hdop>
        <extensions>
          <osmand:speed>1.3</osmand:speed>
        </extensions>
      </trkpt>
      <trkpt lat="43.7555077" lon="6.5653366">
        <ele>912.1</ele>
        <time>2026-07-19T09:22:50Z</time>
        <hdop>9.1</hdop>
        <extensions>
          <osmand:speed>1.2</osmand:speed>
        </extensions>
      </trkpt>
      <trkpt lat="43.7554811" lon="6.5652813">
        <ele>912.7</ele>
        <time>2026-07-19T09:22:56Z</time>
        <hdop>5.6</hdop>
        <extensions>
          <osmand:speed>1.2</osmand:speed>
        </extensions>
      </trkpt>
      <trkpt lat="43.7554494" lon="6.5652183">
        <ele>912.6</ele>
        <time>2026-07-19T09:23:01Z</time>
        <hdop>5.8</hdop>
        <extensions>
          <osmand:speed>1.2</osmand:speed>
        </extensions>
      </trkpt>
      <trkpt lat="43.7554256" lon="6.5651811">
        <ele>912.9</ele>
        <time>2026-07-19T09:23:06Z</time>
        <hdop>5.4</hdop>
        <extensions>
          <osmand:speed>0.6</osmand:speed>
        </extensions>
      </trkpt>
      <trkpt lat="43.7554266" lon="6.5652033">
        <ele>912.9</ele>
        <time>2026-07-19T09:23:12Z</time>
        <hdop>4.9</hdop>
        <extensions>
          <osmand:speed>0.1</osmand:speed>
        </extensions>
      </trkpt>
      <trkpt lat="43.7554227" lon="6.5652036">
        <ele>913</ele>
        <time>2026-07-19T09:23:18Z</time>
        <hdop>4</hdop>
        <extensions>
          <osmand:speed>0.1</osmand:speed>
        </extensions>
      </trkpt>
      <trkpt lat="43.7554182" lon="6.5651978">
        <ele>912.9</ele>
        <time>2026-07-19T09:23:23Z</time>
        <hdop>3.9</hdop>
        <extensions>
          <osmand:speed>0.1</osmand:speed>
        </extensions>
      </trkpt>
      <trkpt lat="43.7554164" lon="6.5651959">
        <ele>913</ele>
        <time>2026-07-19T09:23:29Z</time>
        <hdop>3.6</hdop>
        <extensions>
          <osmand:speed>0</osmand:speed>
        </extensions>
      </trkpt>
      <trkpt lat="43.7554158" lon="6.5651935">
        <ele>912.9</ele>
        <time>2026-07-19T09:23:34Z</time>
        <hdop>3.4</hdop>
        <extensions>
          <osmand:speed>0.1</osmand:speed>
        </extensions>
      </trkpt>
      <trkpt lat="43.7554155" lon="6.56519">
        <ele>912.8</ele>
        <time>2026-07-19T09:23:40Z</time>
        <hdop>3.2</hdop>
        <extensions>
          <osmand:speed>0.1</osmand:speed>
        </extensions>
      </trkpt>
      <trkpt lat="43.7554156" lon="6.5651869">
        <ele>913</ele>
        <time>2026-07-19T09:23:46Z</time>
        <hdop>3.2</hdop>
        <extensions>
          <osmand:speed>0.1</osmand:speed>
        </extensions>
      </trkpt>
      <trkpt lat="43.7554153" lon="6.5651839">
        <ele>913</ele>
        <time>2026-07-19T09:23:52Z</time>
        <hdop>3.4</hdop>
        <extensions>
          <osmand:speed>0.1</osmand:speed>
        </extensions>
      </trkpt>
      <trkpt lat="43.755415" lon="6.5651826">
        <ele>913.2</ele>
        <time>2026-07-19T09:23:58Z</time>
        <hdop>3.7</hdop>
        <extensions>
          <osmand:speed>0.1</osmand:speed>
        </extensions>
      </trkpt>
      <trkpt lat="43.7554142" lon="6.5651818">
        <ele>913.2</ele>
        <time>2026-07-19T09:24:04Z</time>
        <hdop>3.8</hdop>
        <extensions>
          <osmand:speed>0.1</osmand:speed>
        </extensions>
      </trkpt>
      <trkpt lat="43.7554141" lon="6.5651813">
        <ele>913.4</ele>
        <time>2026-07-19T09:24:10Z</time>
        <hdop>3.9</hdop>
        <extensions>
          <osmand:speed>0.1</osmand:speed>
        </extensions>
      </trkpt>
      <trkpt lat="43.7554141" lon="6.5651808">
        <ele>913.5</ele>
        <time>2026-07-19T09:24:15Z</time>
        <hdop>4</hdop>
        <extensions>
          <osmand:speed>0.2</osmand:speed>
        </extensions>
      </trkpt>
      <trkpt lat="43.7554137" lon="6.5651789">
        <ele>913.3</ele>
        <time>2026-07-19T09:24:21Z</time>
        <hdop>4.3</hdop>
        <extensions>
          <osmand:speed>0.1</osmand:speed>
        </extensions>
      </trkpt>
      <trkpt lat="43.755413" lon="6.565178">
        <ele>913.3</ele>
        <time>2026-07-19T09:24:26Z</time>
        <hdop>4.6</hdop>
        <extensions>
          <osmand:speed>0.1</osmand:speed>
        </extensions>
      </trkpt>
      <trkpt lat="43.7554093" lon="6.5651767">
        <ele>913.2</ele>
        <time>2026-07-19T09:24:32Z</time>
        <hdop>4.6</hdop>
        <extensions>
          <osmand:speed>0.1</osmand:speed>
        </extensions>
      </trkpt>
      <trkpt lat="43.7554054" lon="6.5651753">
        <ele>913.3</ele>
        <time>2026-07-19T09:24:38Z</time>
        <hdop>4.5</hdop>
        <extensions>
          <osmand:speed>0.1</osmand:speed>
        </extensions>
      </trkpt>
      <trkpt lat="43.7553718" lon="6.5651725">
        <ele>913.3</ele>
        <time>2026-07-19T09:24:43Z</time>
        <hdop>5.5</hdop>
        <extensions>
          <osmand:speed>1.1</osmand:speed>
        </extensions>
      </trkpt>
      <trkpt lat="43.7552994" lon="6.5651573">
        <ele>913.4</ele>
        <time>2026-07-19T09:24:49Z</time>
        <hdop>5.7</hdop>
        <extensions>
          <osmand:speed>1.1</osmand:speed>
        </extensions>
      </trkpt>
      <trkpt lat="43.7552461" lon="6.5651901">
        <ele>914</ele>
        <time>2026-07-19T09:24:54Z</time>
        <hdop>4.9</hdop>
        <extensions>
          <osmand:speed>1</osmand:speed>
        </extensions>
      </trkpt>
      <trkpt lat="43.7551947" lon="6.5652328">
        <ele>914.7</ele>
        <time>2026-07-19T09:24:59Z</time>
        <hdop>5.1</hdop>
        <extensions>
          <osmand:speed>1</osmand:speed>
        </extensions>
      </trkpt>
      <trkpt lat="43.7551647" lon="6.5652849">
        <ele>914.9</ele>
        <time>2026-07-19T09:25:04Z</time>
        <hdop>5</hdop>
        <extensions>
          <osmand:speed>0.9</osmand:speed>
        </extensions>
      </trkpt>
      <trkpt lat="43.7551312" lon="6.5653184">
        <ele>915.5</ele>
        <time>2026-07-19T09:25:09Z</time>
        <hdop>4.8</hdop>
        <extensions>
          <osmand:speed>0.8</osmand:speed>
        </extensions>
      </trkpt>
      <trkpt lat="43.7550964" lon="6.5653908">
        <ele>915.9</ele>
        <time>2026-07-19T09:25:15Z</time>
        <hdop>3.2</hdop>
        <extensions>
          <osmand:speed>0.9</osmand:speed>
        </extensions>
      </trkpt>
      <trkpt lat="43.7550703" lon="6.5654525">
        <ele>916.2</ele>
        <time>2026-07-19T09:25:20Z</time>
        <hdop>3.1</hdop>
        <extensions>
          <osmand:speed>1</osmand:speed>
        </extensions>
      </trkpt>
      <trkpt lat="43.7550414" lon="6.5654864">
        <ele>916.4</ele>
        <time>2026-07-19T09:25:25Z</time>
        <hdop>3.1</hdop>
        <extensions>
          <osmand:speed>0.9</osmand:speed>
        </extensions>
      </trkpt>
      <trkpt lat="43.7549948" lon="6.5655317">
        <ele>916.5</ele>
        <time>2026-07-19T09:25:31Z</time>
        <hdop>3.2</hdop>
        <extensions>
          <osmand:speed>1.2</osmand:speed>
        </extensions>
      </trkpt>
      <trkpt lat="43.7549313" lon="6.5655575">
        <ele>916.9</ele>
        <time>2026-07-19T09:25:36Z</time>
        <hdop>3</hdop>
        <extensions>
          <osmand:speed>1</osmand:speed>
        </extensions>
      </trkpt>
      <trkpt lat="43.7548705" lon="6.5656066">
        <ele>917.2</ele>
        <time>2026-07-19T09:25:42Z</time>
        <hdop>3</hdop>
        <extensions>
          <osmand:speed>1.1</osmand:speed>
        </extensions>
      </trkpt>
      <trkpt lat="43.754811" lon="6.5656356">
        <ele>917.9</ele>
        <time>2026-07-19T09:25:47Z</time>
        <hdop>3</hdop>
        <extensions>
          <osmand:speed>0.9</osmand:speed>
        </extensions>
      </trkpt>
      <trkpt lat="43.7547664" lon="6.5656678">
        <ele>918.3</ele>
        <time>2026-07-19T09:25:53Z</time>
        <hdop>3</hdop>
        <extensions>
          <osmand:speed>1</osmand:speed>
        </extensions>
      </trkpt>
      <trkpt lat="43.7547085" lon="6.5657021">
        <ele>918.4</ele>
        <time>2026-07-19T09:25:58Z</time>
        <hdop>3</hdop>
        <extensions>
          <osmand:speed>1.2</osmand:speed>
        </extensions>
      </trkpt>
      <trkpt lat="43.7546757" lon="6.5657145">
        <ele>918.8</ele>
        <time>2026-07-19T09:26:03Z</time>
        <hdop>3</hdop>
        <extensions>
          <osmand:speed>0.3</osmand:speed>
        </extensions>
      </trkpt>
      <trkpt lat="43.7546692" lon="6.5657208">
        <ele>919.1</ele>
        <time>2026-07-19T09:26:09Z</time>
        <hdop>3</hdop>
        <extensions>
          <osmand:speed>0.2</osmand:speed>
        </extensions>
      </trkpt>
      <trkpt lat="43.7546336" lon="6.5657363">
        <ele>919.1</ele>
        <time>2026-07-19T09:26:14Z</time>
        <hdop>3</hdop>
        <extensions>
          <osmand:speed>0.7</osmand:speed>
        </extensions>
      </trkpt>
      <trkpt lat="43.7546425" lon="6.5657333">
        <ele>919.2</ele>
        <time>2026-07-19T09:26:19Z</time>
        <hdop>3</hdop>
        <extensions>
          <osmand:speed>0.1</osmand:speed>
        </extensions>
      </trkpt>
      <trkpt lat="43.7546184" lon="6.5657181">
        <ele>919.2</ele>
        <time>2026-07-19T09:26:25Z</time>
        <hdop>3</hdop>
        <extensions>
          <osmand:speed>0.8</osmand:speed>
        </extensions>
      </trkpt>
      <trkpt lat="43.7545757" lon="6.5657203">
        <ele>919.6</ele>
        <time>2026-07-19T09:26:30Z</time>
        <hdop>3</hdop>
        <extensions>
          <osmand:speed>0.5</osmand:speed>
        </extensions>
      </trkpt>
      <trkpt lat="43.7545781" lon="6.5657262">
        <ele>919.7</ele>
        <time>2026-07-19T09:26:36Z</time>
        <hdop>3</hdop>
        <extensions>
          <osmand:speed>0.1</osmand:speed>
        </extensions>
      </trkpt>
      <trkpt lat="43.7545743" lon="6.5657611">
        <ele>920</ele>
        <time>2026-07-19T09:26:42Z</time>
        <hdop>3</hdop>
        <extensions>
          <osmand:speed>0.3</osmand:speed>
        </extensions>
      </trkpt>
      <trkpt lat="43.7545708" lon="6.5657699">
        <ele>920.1</ele>
        <time>2026-07-19T09:26:48Z</time>
        <hdop>3</hdop>
        <extensions>
          <osmand:speed>0.2</osmand:speed>
        </extensions>
      </trkpt>
      <trkpt lat="43.7545424" lon="6.5657689">
        <ele>919.7</ele>
        <time>2026-07-19T09:26:53Z</time>
        <hdop>3</hdop>
        <extensions>
          <osmand:speed>0.8</osmand:speed>
        </extensions>
      </trkpt>
      <trkpt lat="43.7545074" lon="6.5657763">
        <ele>920.1</ele>
        <time>2026-07-19T09:26:58Z</time>
        <hdop>3</hdop>
        <extensions>
          <osmand:speed>0.4</osmand:speed>
        </extensions>
      </trkpt>
      <trkpt lat="43.7544652" lon="6.5657567">
        <ele>920.3</ele>
        <time>2026-07-19T09:27:03Z</time>
        <hdop>3</hdop>
        <extensions>
          <osmand:speed>1</osmand:speed>
        </extensions>
      </trkpt>
      <trkpt lat="43.7543964" lon="6.5657115">
        <ele>920.8</ele>
        <time>2026-07-19T09:27:09Z</time>
        <hdop>3.1</hdop>
        <extensions>
          <osmand:speed>1.2</osmand:speed>
        </extensions>
      </trkpt>
      <trkpt lat="43.7543359" lon="6.5657117">
        <ele>921.2</ele>
        <time>2026-07-19T09:27:14Z</time>
        <hdop>3</hdop>
        <extensions>
          <osmand:speed>1.1</osmand:speed>
        </extensions>
      </trkpt>
      <trkpt lat="43.7542629" lon="6.5657061">
        <ele>921.5</ele>
        <time>2026-07-19T09:27:20Z</time>
        <hdop>3</hdop>
        <extensions>
          <osmand:speed>1.1</osmand:speed>
        </extensions>
      </trkpt>
      <trkpt lat="43.754208" lon="6.5656844">
        <ele>921.8</ele>
        <time>2026-07-19T09:27:25Z</time>
        <hdop>3</hdop>
        <extensions>
          <osmand:speed>1.2</osmand:speed>
        </extensions>
      </trkpt>
      <trkpt lat="43.754161" lon="6.565674">
        <ele>922.3</ele>
        <time>2026-07-19T09:27:30Z</time>
        <hdop>3</hdop>
        <extensions>
          <osmand:speed>0.9</osmand:speed>
        </extensions>
      </trkpt>
      <trkpt lat="43.7541286" lon="6.5656769">
        <ele>923</ele>
        <time>2026-07-19T09:27:36Z</time>
        <hdop>3</hdop>
        <extensions>
          <osmand:speed>0.7</osmand:speed>
        </extensions>
      </trkpt>
      <trkpt lat="43.7540893" lon="6.5656812">
        <ele>923.5</ele>
        <time>2026-07-19T09:27:41Z</time>
        <hdop>3.9</hdop>
        <extensions>
          <osmand:speed>0.8</osmand:speed>
        </extensions>
      </trkpt>
      <trkpt lat="43.7540568" lon="6.565679">
        <ele>924</ele>
        <time>2026-07-19T09:27:46Z</time>
        <hdop>4.4</hdop>
        <extensions>
          <osmand:speed>0.8</osmand:speed>
        </extensions>
      </trkpt>
      <trkpt lat="43.7540649" lon="6.565686">
        <ele>924.2</ele>
        <time>2026-07-19T09:27:52Z</time>
        <hdop>3.7</hdop>
        <extensions>
          <osmand:speed>0.1</osmand:speed>
        </extensions>
      </trkpt>
      <trkpt lat="43.7540699" lon="6.5656839">
        <ele>924.3</ele>
        <time>2026-07-19T09:27:58Z</time>
        <hdop>3.6</hdop>
        <extensions>
          <osmand:speed>0.1</osmand:speed>
        </extensions>
      </trkpt>
      <trkpt lat="43.7540613" lon="6.5656895">
        <ele>924.2</ele>
        <time>2026-07-19T09:28:03Z</time>
        <hdop>3.6</hdop>
        <extensions>
          <osmand:speed>0.3</osmand:speed>
        </extensions>
      </trkpt>
      <trkpt lat="43.7540256" lon="6.5657058">
        <ele>924.2</ele>
        <time>2026-07-19T09:28:09Z</time>
        <hdop>3.9</hdop>
        <extensions>
          <osmand:speed>0.9</osmand:speed>
        </extensions>
      </trkpt>
      <trkpt lat="43.7539756" lon="6.5657435">
        <ele>924.6</ele>
        <time>2026-07-19T09:28:14Z</time>
        <hdop>4.8</hdop>
        <extensions>
          <osmand:speed>1.1</osmand:speed>
        </extensions>
      </trkpt>
      <trkpt lat="43.7539313" lon="6.56578">
        <ele>925.3</ele>
        <time>2026-07-19T09:28:19Z</time>
        <hdop>5.7</hdop>
        <extensions>
          <osmand:speed>1</osmand:speed>
        </extensions>
      </trkpt>
      <trkpt lat="43.7538881" lon="6.5658263">
        <ele>925.7</ele>
        <time>2026-07-19T09:28:25Z</time>
        <hdop>5.4</hdop>
        <extensions>
          <osmand:speed>1</osmand:speed>
        </extensions>
      </trkpt>
      <trkpt lat="43.7538429" lon="6.565863">
        <ele>926.2</ele>
        <time>2026-07-19T09:28:30Z</time>
        <hdop>5.1</hdop>
        <extensions>
          <osmand:speed>1</osmand:speed>
        </extensions>
      </trkpt>
      <trkpt lat="43.7538011" lon="6.5658963">
        <ele>926.5</ele>
        <time>2026-07-19T09:28:35Z</time>
        <hdop>5</hdop>
        <extensions>
          <osmand:speed>1</osmand:speed>
        </extensions>
      </trkpt>
      <trkpt lat="43.75376" lon="6.5659216">
        <ele>926.7</ele>
        <time>2026-07-19T09:28:40Z</time>
        <hdop>5.1</hdop>
        <extensions>
          <osmand:speed>0.9</osmand:speed>
        </extensions>
      </trkpt>
      <trkpt lat="43.7537276" lon="6.565958">
        <ele>927.1</ele>
        <time>2026-07-19T09:28:46Z</time>
        <hdop>5.2</hdop>
        <extensions>
          <osmand:speed>0.6</osmand:speed>
        </extensions>
      </trkpt>
      <trkpt lat="43.7536975" lon="6.5660055">
        <ele>927.2</ele>
        <time>2026-07-19T09:28:52Z</time>
        <hdop>5</hdop>
        <extensions>
          <osmand:speed>1</osmand:speed>
        </extensions>
      </trkpt>
      <trkpt lat="43.7536613" lon="6.5660775">
        <ele>927.4</ele>
        <time>2026-07-19T09:28:57Z</time>
        <hdop>4.6</hdop>
        <extensions>
          <osmand:speed>1.1</osmand:speed>
        </extensions>
      </trkpt>
      <trkpt lat="43.7536075" lon="6.5661295">
        <ele>927.7</ele>
        <time>2026-07-19T09:29:03Z</time>
        <hdop>4.7</hdop>
        <extensions>
          <osmand:speed>1.1</osmand:speed>
        </extensions>
      </trkpt>
      <trkpt lat="43.7535564" lon="6.5661255">
        <ele>928.1</ele>
        <time>2026-07-19T09:29:09Z</time>
        <hdop>5</hdop>
        <extensions>
          <osmand:speed>1.2</osmand:speed>
        </extensions>
      </trkpt>
      <trkpt lat="43.7535022" lon="6.5660897">
        <ele>928.6</ele>
        <time>2026-07-19T09:29:14Z</time>
        <hdop>5</hdop>
        <extensions>
          <osmand:speed>1.1</osmand:speed>
        </extensions>
      </trkpt>
      <trkpt lat="43.7534599" lon="6.5660599">
        <ele>929.2</ele>
        <time>2026-07-19T09:29:19Z</time>
        <hdop>5</hdop>
        <extensions>
          <osmand:speed>1.1</osmand:speed>
        </extensions>
      </trkpt>
      <trkpt lat="43.7534181" lon="6.566037">
        <ele>930.5</ele>
        <time>2026-07-19T09:29:24Z</time>
        <hdop>4.8</hdop>
        <extensions>
          <osmand:speed>0.9</osmand:speed>
        </extensions>
      </trkpt>
      <trkpt lat="43.7533702" lon="6.5660278">
        <ele>930.7</ele>
        <time>2026-07-19T09:29:30Z</time>
        <hdop>4.9</hdop>
        <extensions>
          <osmand:speed>1.1</osmand:speed>
        </extensions>
      </trkpt>
      <trkpt lat="43.7533247" lon="6.5660431">
        <ele>931.5</ele>
        <time>2026-07-19T09:29:35Z</time>
        <hdop>5</hdop>
        <extensions>
          <osmand:speed>1</osmand:speed>
        </extensions>
      </trkpt>
      <trkpt lat="43.7532874" lon="6.5660566">
        <ele>931.8</ele>
        <time>2026-07-19T09:29:40Z</time>
        <hdop>4.8</hdop>
        <extensions>
          <osmand:speed>1</osmand:speed>
        </extensions>
      </trkpt>
      <trkpt lat="43.7532422" lon="6.5660601">
        <ele>932.3</ele>
        <time>2026-07-19T09:29:46Z</time>
        <hdop>5.4</hdop>
        <extensions>
          <osmand:speed>1.2</osmand:speed>
        </extensions>
      </trkpt>
      <trkpt lat="43.7532" lon="6.5660788">
        <ele>932.7</ele>
        <time>2026-07-19T09:29:51Z</time>
        <hdop>5.7</hdop>
        <extensions>
          <osmand:speed>1.1</osmand:speed>
        </extensions>
      </trkpt>
      <trkpt lat="43.7531607" lon="6.5660953">
        <ele>933.6</ele>
        <time>2026-07-19T09:29:56Z</time>
        <hdop>5.2</hdop>
        <extensions>
          <osmand:speed>1.1</osmand:speed>
        </extensions>
      </trkpt>
      <trkpt lat="43.7531178" lon="6.5661374">
        <ele>934.3</ele>
        <time>2026-07-19T09:30:02Z</time>
        <hdop>4.8</hdop>
        <extensions>
          <osmand:speed>1.1</osmand:speed>
        </extensions>
      </trkpt>
      <trkpt lat="43.7530609" lon="6.5661668">
        <ele>934.9</ele>
        <time>2026-07-19T09:30:07Z</time>
        <hdop>5</hdop>
        <extensions>
          <osmand:speed>1.2</osmand:speed>
        </extensions>
      </trkpt>
      <trkpt lat="43.7529995" lon="6.5661763">
        <ele>935.3</ele>
        <time>2026-07-19T09:30:12Z</time>
        <hdop>5</hdop>
        <extensions>
          <osmand:speed>1.2</osmand:speed>
        </extensions>
      </trkpt>
      <trkpt lat="43.7529385" lon="6.5662023">
        <ele>935.4</ele>
        <time>2026-07-19T09:30:18Z</time>
        <hdop>5.4</hdop>
        <extensions>
          <osmand:speed>1.2</osmand:speed>
        </extensions>
      </trkpt>
      <trkpt lat="43.7528873" lon="6.5662337">
        <ele>936.1</ele>
        <time>2026-07-19T09:30:23Z</time>
        <hdop>5.3</hdop>
        <extensions>
          <osmand:speed>1.2</osmand:speed>
        </extensions>
      </trkpt>
      <trkpt lat="43.7528336" lon="6.5662708">
        <ele>936.5</ele>
        <time>2026-07-19T09:30:28Z</time>
        <hdop>5.2</hdop>
        <extensions>
          <osmand:speed>1.2</osmand:speed>
        </extensions>
      </trkpt>
      <trkpt lat="43.752768" lon="6.5662957">
        <ele>936.7</ele>
        <time>2026-07-19T09:30:33Z</time>
        <hdop>5.2</hdop>
        <extensions>
          <osmand:speed>1.3</osmand:speed>
        </extensions>
      </trkpt>
      <trkpt lat="43.7527167" lon="6.5663294">
        <ele>937.2</ele>
        <time>2026-07-19T09:30:38Z</time>
        <hdop>5.2</hdop>
        <extensions>
          <osmand:speed>1.1</osmand:speed>
        </extensions>
      </trkpt>
      <trkpt lat="43.7526601" lon="6.5663425">
        <ele>937.9</ele>
        <time>2026-07-19T09:30:44Z</time>
        <hdop>5.4</hdop>
        <extensions>
          <osmand:speed>1.3</osmand:speed>
        </extensions>
      </trkpt>
      <trkpt lat="43.7526111" lon="6.5663775">
        <ele>939</ele>
        <time>2026-07-19T09:30:49Z</time>
        <hdop>5.6</hdop>
        <extensions>
          <osmand:speed>1.2</osmand:speed>
        </extensions>
      </trkpt>
      <trkpt lat="43.7525724" lon="6.5664466">
        <ele>939.1</ele>
        <time>2026-07-19T09:30:54Z</time>
        <hdop>5.1</hdop>
        <extensions>
          <osmand:speed>1.1</osmand:speed>
        </extensions>
      </trkpt>
      <trkpt lat="43.7525188" lon="6.5664938">
        <ele>939.3</ele>
        <time>2026-07-19T09:30:59Z</time>
        <hdop>4.9</hdop>
        <extensions>
          <osmand:speed>1.2</osmand:speed>
        </extensions>
      </trkpt>
      <trkpt lat="43.7524727" lon="6.5665236">
        <ele>939.6</ele>
        <time>2026-07-19T09:31:04Z</time>
        <hdop>5.2</hdop>
        <extensions>
          <osmand:speed>1.2</osmand:speed>
        </extensions>
      </trkpt>
      <trkpt lat="43.7524365" lon="6.5665496">
        <ele>940.2</ele>
        <time>2026-07-19T09:31:09Z</time>
        <hdop>5.1</hdop>
        <extensions>
          <osmand:speed>1.1</osmand:speed>
        </extensions>
      </trkpt>
      <trkpt lat="43.7524038" lon="6.5665972">
        <ele>940.8</ele>
        <time>2026-07-19T09:31:14Z</time>
        <hdop>5.1</hdop>
        <extensions>
          <osmand:speed>1</osmand:speed>
        </extensions>
      </trkpt>
      <trkpt lat="43.7523687" lon="6.566662">
        <ele>940.7</ele>
        <time>2026-07-19T09:31:20Z</time>
        <hdop>4.9</hdop>
        <extensions>
          <osmand:speed>1.2</osmand:speed>
        </extensions>
      </trkpt>
      <trkpt lat="43.7523281" lon="6.5667249">
        <ele>940.9</ele>
        <time>2026-07-19T09:31:25Z</time>
        <hdop>4.9</hdop>
        <extensions>
          <osmand:speed>1.2</osmand:speed>
        </extensions>
      </trkpt>
      <trkpt lat="43.7523004" lon="6.5667932">
        <ele>940.9</ele>
        <time>2026-07-19T09:31:30Z</time>
        <hdop>5.1</hdop>
        <extensions>
          <osmand:speed>1.2</osmand:speed>
        </extensions>
      </trkpt>
      <trkpt lat="43.7522958" lon="6.5668829">
        <ele>941.7</ele>
        <time>2026-07-19T09:31:36Z</time>
        <hdop>5.2</hdop>
        <extensions>
          <osmand:speed>1.2</osmand:speed>
        </extensions>
      </trkpt>
      <trkpt lat="43.7522676" lon="6.5669455">
        <ele>942.2</ele>
        <time>2026-07-19T09:31:41Z</time>
        <hdop>5.2</hdop>
        <extensions>
          <osmand:speed>1.2</osmand:speed>
        </extensions>
      </trkpt>
      <trkpt lat="43.7522254" lon="6.5670086">
        <ele>943.1</ele>
        <time>2026-07-19T09:31:47Z</time>
        <hdop>5.2</hdop>
        <extensions>
          <osmand:speed>1.2</osmand:speed>
        </extensions>
      </trkpt>
      <trkpt lat="43.752185" lon="6.5670469">
        <ele>943.1</ele>
        <time>2026-07-19T09:31:53Z</time>
        <hdop>3.9</hdop>
        <extensions>
          <osmand:speed>1.2</osmand:speed>
        </extensions>
      </trkpt>
      <trkpt lat="43.7521248" lon="6.5670633">
        <ele>944.4</ele>
        <time>2026-07-19T09:31:58Z</time>
        <hdop>3.1</hdop>
        <extensions>
          <osmand:speed>1.3</osmand:speed>
        </extensions>
      </trkpt>
      <trkpt lat="43.7520652" lon="6.5670771">
        <ele>944.4</ele>
        <time>2026-07-19T09:32:03Z</time>
        <hdop>3</hdop>
        <extensions>
          <osmand:speed>1.3</osmand:speed>
        </extensions>
      </trkpt>
      <trkpt lat="43.7520093" lon="6.5670847">
        <ele>945.1</ele>
        <time>2026-07-19T09:32:08Z</time>
        <hdop>3.1</hdop>
        <extensions>
          <osmand:speed>1.3</osmand:speed>
        </extensions>
      </trkpt>
      <trkpt lat="43.7519618" lon="6.5670476">
        <ele>944.9</ele>
        <time>2026-07-19T09:32:13Z</time>
        <hdop>3</hdop>
        <extensions>
          <osmand:speed>1.2</osmand:speed>
        </extensions>
      </trkpt>
      <trkpt lat="43.7519223" lon="6.5670037">
        <ele>945.5</ele>
        <time>2026-07-19T09:32:18Z</time>
        <hdop>3</hdop>
        <extensions>
          <osmand:speed>1.2</osmand:speed>
        </extensions>
      </trkpt>
      <trkpt lat="43.7518577" lon="6.5670019">
        <ele>946.2</ele>
        <time>2026-07-19T09:32:24Z</time>
        <hdop>3</hdop>
        <extensions>
          <osmand:speed>1.2</osmand:speed>
        </extensions>
      </trkpt>
      <trkpt lat="43.7518003" lon="6.5669897">
        <ele>947</ele>
        <time>2026-07-19T09:32:29Z</time>
        <hdop>3</hdop>
        <extensions>
          <osmand:speed>1.1</osmand:speed>
        </extensions>
      </trkpt>
      <trkpt lat="43.7517438" lon="6.5670221">
        <ele>947.3</ele>
        <time>2026-07-19T09:32:35Z</time>
        <hdop>3</hdop>
        <extensions>
          <osmand:speed>1.2</osmand:speed>
        </extensions>
      </trkpt>
      <trkpt lat="43.7517014" lon="6.5670132">
        <ele>947.5</ele>
        <time>2026-07-19T09:32:40Z</time>
        <hdop>3</hdop>
        <extensions>
          <osmand:speed>1</osmand:speed>
        </extensions>
      </trkpt>
      <trkpt lat="43.751662" lon="6.5670186">
        <ele>948.6</ele>
        <time>2026-07-19T09:32:46Z</time>
        <hdop>3</hdop>
        <extensions>
          <osmand:speed>1.2</osmand:speed>
        </extensions>
      </trkpt>
      <trkpt lat="43.7515951" lon="6.5670432">
        <ele>948.8</ele>
        <time>2026-07-19T09:32:51Z</time>
        <hdop>3</hdop>
        <extensions>
          <osmand:speed>1.2</osmand:speed>
        </extensions>
      </trkpt>
      <trkpt lat="43.7515332" lon="6.5670462">
        <ele>949.7</ele>
        <time>2026-07-19T09:32:57Z</time>
        <hdop>3.6</hdop>
        <extensions>
          <osmand:speed>1.2</osmand:speed>
        </extensions>
      </trkpt>
      <trkpt lat="43.7514744" lon="6.5670746">
        <ele>950.6</ele>
        <time>2026-07-19T09:33:02Z</time>
        <hdop>4.9</hdop>
        <extensions>
          <osmand:speed>1.2</osmand:speed>
        </extensions>
      </trkpt>
      <trkpt lat="43.7514299" lon="6.5671266">
        <ele>950.8</ele>
        <time>2026-07-19T09:33:07Z</time>
        <hdop>5.3</hdop>
        <extensions>
          <osmand:speed>1</osmand:speed>
        </extensions>
      </trkpt>
      <trkpt lat="43.7513947" lon="6.5671471">
        <ele>951.3</ele>
        <time>2026-07-19T09:33:13Z</time>
        <hdop>5.4</hdop>
        <extensions>
          <osmand:speed>1</osmand:speed>
        </extensions>
      </trkpt>
      <trkpt lat="43.7513904" lon="6.5671344">
        <ele>951.7</ele>
        <time>2026-07-19T09:33:18Z</time>
        <hdop>4.7</hdop>
        <extensions>
          <osmand:speed>0.2</osmand:speed>
        </extensions>
      </trkpt>
      <trkpt lat="43.7514019" lon="6.5671275">
        <ele>951.3</ele>
        <time>2026-07-19T09:33:24Z</time>
        <hdop>4.1</hdop>
        <extensions>
          <osmand:speed>0.1</osmand:speed>
        </extensions>
      </trkpt>
      <trkpt lat="43.7514071" lon="6.5671143">
        <ele>951</ele>
        <time>2026-07-19T09:33:30Z</time>
        <hdop>3.9</hdop>
        <extensions>
          <osmand:speed>0.2</osmand:speed>
        </extensions>
      </trkpt>
      <trkpt lat="43.7514088" lon="6.5671031">
        <ele>951.4</ele>
        <time>2026-07-19T09:33:36Z</time>
        <hdop>3.8</hdop>
        <extensions>
          <osmand:speed>0.1</osmand:speed>
        </extensions>
      </trkpt>
      <trkpt lat="43.7514175" lon="6.5670901">
        <ele>951.8</ele>
        <time>2026-07-19T09:33:42Z</time>
        <hdop>3.6</hdop>
        <extensions>
          <osmand:speed>0.1</osmand:speed>
        </extensions>
      </trkpt>
      <trkpt lat="43.7514223" lon="6.5670829">
        <ele>951.1</ele>
        <time>2026-07-19T09:33:47Z</time>
        <hdop>3.7</hdop>
        <extensions>
          <osmand:speed>0.1</osmand:speed>
        </extensions>
      </trkpt>
      <trkpt lat="43.7514237" lon="6.5670791">
        <ele>951.6</ele>
        <time>2026-07-19T09:33:53Z</time>
        <hdop>3.8</hdop>
        <extensions>
          <osmand:speed>0</osmand:speed>
        </extensions>
      </trkpt>
      <trkpt lat="43.7514238" lon="6.5670786">
        <ele>951.8</ele>
        <time>2026-07-19T09:33:59Z</time>
        <hdop>3.6</hdop>
        <extensions>
          <osmand:speed>0.1</osmand:speed>
        </extensions>
      </trkpt>
      <trkpt lat="43.7514233" lon="6.5670788">
        <ele>952.2</ele>
        <time>2026-07-19T09:34:04Z</time>
        <hdop>3.4</hdop>
        <extensions>
          <osmand:speed>0.1</osmand:speed>
        </extensions>
      </trkpt>
      <trkpt lat="43.7514226" lon="6.5670792">
        <ele>952.2</ele>
        <time>2026-07-19T09:34:10Z</time>
        <hdop>3.3</hdop>
        <extensions>
          <osmand:speed>0.1</osmand:speed>
        </extensions>
      </trkpt>
      <trkpt lat="43.7514224" lon="6.5670794">
        <ele>952</ele>
        <time>2026-07-19T09:34:16Z</time>
        <hdop>3.4</hdop>
        <extensions>
          <osmand:speed>0.1</osmand:speed>
        </extensions>
      </trkpt>
      <trkpt lat="43.7514221" lon="6.5670787">
        <ele>951.7</ele>
        <time>2026-07-19T09:34:21Z</time>
        <hdop>3.7</hdop>
        <extensions>
          <osmand:speed>0.1</osmand:speed>
        </extensions>
      </trkpt>
      <trkpt lat="43.7514218" lon="6.5670773">
        <ele>952.2</ele>
        <time>2026-07-19T09:34:27Z</time>
        <hdop>4</hdop>
        <extensions>
          <osmand:speed>0.1</osmand:speed>
        </extensions>
      </trkpt>
      <trkpt lat="43.7514213" lon="6.5670761">
        <ele>951.9</ele>
        <time>2026-07-19T09:34:33Z</time>
        <hdop>4.2</hdop>
        <extensions>
          <osmand:speed>0.1</osmand:speed>
        </extensions>
      </trkpt>
      <trkpt lat="43.7514228" lon="6.5670761">
        <ele>952.2</ele>
        <time>2026-07-19T09:34:39Z</time>
        <hdop>4.3</hdop>
        <extensions>
          <osmand:speed>0.3</osmand:speed>
        </extensions>
      </trkpt>
      <trkpt lat="43.7514252" lon="6.5670784">
        <ele>952.2</ele>
        <time>2026-07-19T09:34:45Z</time>
        <hdop>4.6</hdop>
        <extensions>
          <osmand:speed>0.1</osmand:speed>
        </extensions>
      </trkpt>
      <trkpt lat="43.7514282" lon="6.5670801">
        <ele>951.9</ele>
        <time>2026-07-19T09:34:51Z</time>
        <hdop>4.6</hdop>
        <extensions>
          <osmand:speed>0.1</osmand:speed>
        </extensions>
      </trkpt>
      <trkpt lat="43.7514302" lon="6.5670808">
        <ele>952.3</ele>
        <time>2026-07-19T09:34:57Z</time>
        <hdop>4.5</hdop>
        <extensions>
          <osmand:speed>0.1</osmand:speed>
        </extensions>
      </trkpt>
      <trkpt lat="43.7514354" lon="6.5670859">
        <ele>952.2</ele>
        <time>2026-07-19T09:35:03Z</time>
        <hdop>5.3</hdop>
        <extensions>
          <osmand:speed>0.2</osmand:speed>
        </extensions>
      </trkpt>
      <trkpt lat="43.7514368" lon="6.5670935">
        <ele>952.4</ele>
        <time>2026-07-19T09:35:09Z</time>
        <hdop>5.3</hdop>
        <extensions>
          <osmand:speed>0.3</osmand:speed>
        </extensions>
      </trkpt>
      <trkpt lat="43.7514358" lon="6.5670971">
        <ele>952.4</ele>
        <time>2026-07-19T09:35:15Z</time>
        <hdop>4.8</hdop>
        <extensions>
          <osmand:speed>0.2</osmand:speed>
        </extensions>
      </trkpt>
      <trkpt lat="43.7513591" lon="6.5671147">
        <ele>952.4</ele>
        <time>2026-07-19T09:35:20Z</time>
        <hdop>7.1</hdop>
        <extensions>
          <osmand:speed>1.1</osmand:speed>
        </extensions>
      </trkpt>
      <trkpt lat="43.7512946" lon="6.5671357">
        <ele>953.3</ele>
        <time>2026-07-19T09:35:26Z</time>
        <hdop>5.6</hdop>
        <extensions>
          <osmand:speed>1.2</osmand:speed>
        </extensions>
      </trkpt>
      <trkpt lat="43.7512593" lon="6.5671949">
        <ele>954.6</ele>
        <time>2026-07-19T09:35:31Z</time>
        <hdop>4.8</hdop>
        <extensions>
          <osmand:speed>1.1</osmand:speed>
        </extensions>
      </trkpt>
      <trkpt lat="43.7512251" lon="6.5672534">
        <ele>955.6</ele>
        <time>2026-07-19T09:35:36Z</time>
        <hdop>5.2</hdop>
        <extensions>
          <osmand:speed>1.2</osmand:speed>
        </extensions>
      </trkpt>
      <trkpt lat="43.7512145" lon="6.5672737">
        <ele>956.6</ele>
        <time>2026-07-19T09:35:42Z</time>
        <hdop>5.4</hdop>
        <extensions>
          <osmand:speed>0.2</osmand:speed>
        </extensions>
      </trkpt>
      <trkpt lat="43.7512173" lon="6.5672515">
        <ele>956.7</ele>
        <time>2026-07-19T09:35:48Z</time>
        <hdop>4.2</hdop>
        <extensions>
          <osmand:speed>0.1</osmand:speed>
        </extensions>
      </trkpt>
      <trkpt lat="43.7512172" lon="6.56726">
        <ele>956.7</ele>
        <time>2026-07-19T09:35:53Z</time>
        <hdop>4.1</hdop>
        <extensions>
          <osmand:speed>0.5</osmand:speed>
        </extensions>
      </trkpt>
      <trkpt lat="43.7512135" lon="6.5673212">
        <ele>958.4</ele>
        <time>2026-07-19T09:35:59Z</time>
        <hdop>4.7</hdop>
        <extensions>
          <osmand:speed>0.4</osmand:speed>
        </extensions>
      </trkpt>
      <trkpt lat="43.7512201" lon="6.5673147">
        <ele>958.1</ele>
        <time>2026-07-19T09:36:05Z</time>
        <hdop>3.6</hdop>
        <extensions>
          <osmand:speed>0</osmand:speed>
        </extensions>
      </trkpt>
      <trkpt lat="43.7512162" lon="6.5673333">
        <ele>958.4</ele>
        <time>2026-07-19T09:36:10Z</time>
        <hdop>3.8</hdop>
        <extensions>
          <osmand:speed>0.6</osmand:speed>
        </extensions>
      </trkpt>
      <trkpt lat="43.7511596" lon="6.5673827">
        <ele>959.4</ele>
        <time>2026-07-19T09:36:15Z</time>
        <hdop>4.1</hdop>
        <extensions>
          <osmand:speed>1.2</osmand:speed>
        </extensions>
      </trkpt>
      <trkpt lat="43.7511191" lon="6.5674338">
        <ele>960.1</ele>
        <time>2026-07-19T09:36:20Z</time>
        <hdop>4.6</hdop>
        <extensions>
          <osmand:speed>1</osmand:speed>
        </extensions>
      </trkpt>
      <trkpt lat="43.7510757" lon="6.5674615">
        <ele>961.3</ele>
        <time>2026-07-19T09:36:25Z</time>
        <hdop>5</hdop>
        <extensions>
          <osmand:speed>1</osmand:speed>
        </extensions>
      </trkpt>
      <trkpt lat="43.751036" lon="6.5674863">
        <ele>962.8</ele>
        <time>2026-07-19T09:36:31Z</time>
        <hdop>5.3</hdop>
        <extensions>
          <osmand:speed>1.1</osmand:speed>
        </extensions>
      </trkpt>
      <trkpt lat="43.7509954" lon="6.5674904">
        <ele>964.2</ele>
        <time>2026-07-19T09:36:36Z</time>
        <hdop>5.2</hdop>
        <extensions>
          <osmand:speed>1</osmand:speed>
        </extensions>
      </trkpt>
      <trkpt lat="43.7509468" lon="6.5674701">
        <ele>964.7</ele>
        <time>2026-07-19T09:36:42Z</time>
        <hdop>4.9</hdop>
        <extensions>
          <osmand:speed>1.1</osmand:speed>
        </extensions>
      </trkpt>
      <trkpt lat="43.7508955" lon="6.5674595">
        <ele>964.6</ele>
        <time>2026-07-19T09:36:48Z</time>
        <hdop>4.7</hdop>
        <extensions>
          <osmand:speed>1.2</osmand:speed>
        </extensions>
      </trkpt>
      <trkpt lat="43.7508364" lon="6.5674521">
        <ele>965.4</ele>
        <time>2026-07-19T09:36:53Z</time>
        <hdop>4.9</hdop>
        <extensions>
          <osmand:speed>1.1</osmand:speed>
        </extensions>
      </trkpt>
      <trkpt lat="43.7507879" lon="6.5674521">
        <ele>966.7</ele>
        <time>2026-07-19T09:36:58Z</time>
        <hdop>5.1</hdop>
        <extensions>
          <osmand:speed>1.1</osmand:speed>
        </extensions>
      </trkpt>
      <trkpt lat="43.7507348" lon="6.5674569">
        <ele>967.1</ele>
        <time>2026-07-19T09:37:04Z</time>
        <hdop>5.1</hdop>
        <extensions>
          <osmand:speed>1.2</osmand:speed>
        </extensions>
      </trkpt>
      <trkpt lat="43.7506844" lon="6.5674689">
        <ele>968.3</ele>
        <time>2026-07-19T09:37:09Z</time>
        <hdop>5</hdop>
        <extensions>
          <osmand:speed>1.1</osmand:speed>
        </extensions>
      </trkpt>
      <trkpt lat="43.7506465" lon="6.5674844">
        <ele>968.8</ele>
        <time>2026-07-19T09:37:15Z</time>
        <hdop>5.1</hdop>
        <extensions>
          <osmand:speed>1</osmand:speed>
        </extensions>
      </trkpt>
      <trkpt lat="43.7506046" lon="6.5674968">
        <ele>969.5</ele>
        <time>2026-07-19T09:37:20Z</time>
        <hdop>5.1</hdop>
        <extensions>
          <osmand:speed>1.2</osmand:speed>
        </extensions>
      </trkpt>
      <trkpt lat="43.7505644" lon="6.5675228">
        <ele>970.9</ele>
        <time>2026-07-19T09:37:25Z</time>
        <hdop>5.3</hdop>
        <extensions>
          <osmand:speed>1.1</osmand:speed>
        </extensions>
      </trkpt>
      <trkpt lat="43.7505347" lon="6.5675581">
        <ele>971.8</ele>
        <time>2026-07-19T09:37:31Z</time>
        <hdop>4.8</hdop>
        <extensions>
          <osmand:speed>1.1</osmand:speed>
        </extensions>
      </trkpt>
      <trkpt lat="43.7504989" lon="6.567577">
        <ele>974.5</ele>
        <time>2026-07-19T09:37:36Z</time>
        <hdop>4.5</hdop>
        <extensions>
          <osmand:speed>1</osmand:speed>
        </extensions>
      </trkpt>
      <trkpt lat="43.7504686" lon="6.5676028">
        <ele>975.4</ele>
        <time>2026-07-19T09:37:41Z</time>
        <hdop>4.8</hdop>
        <extensions>
          <osmand:speed>1.1</osmand:speed>
        </extensions>
      </trkpt>
      <trkpt lat="43.750433" lon="6.5676348">
        <ele>975</ele>
        <time>2026-07-19T09:37:46Z</time>
        <hdop>5</hdop>
        <extensions>
          <osmand:speed>1.1</osmand:speed>
        </extensions>
      </trkpt>
      <trkpt lat="43.7503962" lon="6.5676622">
        <ele>975.6</ele>
        <time>2026-07-19T09:37:51Z</time>
        <hdop>5</hdop>
        <extensions>
          <osmand:speed>1.1</osmand:speed>
        </extensions>
      </trkpt>
      <trkpt lat="43.7503655" lon="6.5677013">
        <ele>976.8</ele>
        <time>2026-07-19T09:37:57Z</time>
        <hdop>4.7</hdop>
        <extensions>
          <osmand:speed>0.9</osmand:speed>
        </extensions>
      </trkpt>
      <trkpt lat="43.7503294" lon="6.5677328">
        <ele>977</ele>
        <time>2026-07-19T09:38:02Z</time>
        <hdop>4.7</hdop>
        <extensions>
          <osmand:speed>1</osmand:speed>
        </extensions>
      </trkpt>
      <trkpt lat="43.7502951" lon="6.5677437">
        <ele>979.3</ele>
        <time>2026-07-19T09:38:07Z</time>
        <hdop>5</hdop>
        <extensions>
          <osmand:speed>0.9</osmand:speed>
        </extensions>
      </trkpt>
      <trkpt lat="43.7502691" lon="6.5677671">
        <ele>978.6</ele>
        <time>2026-07-19T09:38:13Z</time>
        <hdop>5</hdop>
        <extensions>
          <osmand:speed>0.9</osmand:speed>
        </extensions>
      </trkpt>
      <trkpt lat="43.7502396" lon="6.5677798">
        <ele>979.3</ele>
        <time>2026-07-19T09:38:18Z</time>
        <hdop>4.9</hdop>
        <extensions>
          <osmand:speed>1</osmand:speed>
        </extensions>
      </trkpt>
      <trkpt lat="43.7502286" lon="6.5677815">
        <ele>981.3</ele>
        <time>2026-07-19T09:38:24Z</time>
        <hdop>4.2</hdop>
        <extensions>
          <osmand:speed>0.8</osmand:speed>
        </extensions>
      </trkpt>
      <trkpt lat="43.7502033" lon="6.5677952">
        <ele>982.5</ele>
        <time>2026-07-19T09:38:29Z</time>
        <hdop>3.3</hdop>
        <extensions>
          <osmand:speed>0.8</osmand:speed>
        </extensions>
      </trkpt>
      <trkpt lat="43.7501724" lon="6.5677921">
        <ele>984.2</ele>
        <time>2026-07-19T09:38:35Z</time>
        <hdop>3.1</hdop>
        <extensions>
          <osmand:speed>0.9</osmand:speed>
        </extensions>
      </trkpt>
      <trkpt lat="43.7501458" lon="6.5678358">
        <ele>985.2</ele>
        <time>2026-07-19T09:38:40Z</time>
        <hdop>3</hdop>
        <extensions>
          <osmand:speed>0.9</osmand:speed>
        </extensions>
      </trkpt>
      <trkpt lat="43.750127" lon="6.5679092">
        <ele>985.3</ele>
        <time>2026-07-19T09:38:46Z</time>
        <hdop>3</hdop>
        <extensions>
          <osmand:speed>0.9</osmand:speed>
        </extensions>
      </trkpt>
      <trkpt lat="43.7501365" lon="6.5679822">
        <ele>985.1</ele>
        <time>2026-07-19T09:38:52Z</time>
        <hdop>3</hdop>
        <extensions>
          <osmand:speed>0.6</osmand:speed>
        </extensions>
      </trkpt>
      <trkpt lat="43.7501102" lon="6.5679932">
        <ele>985.2</ele>
        <time>2026-07-19T09:38:58Z</time>
        <hdop>3</hdop>
        <extensions>
          <osmand:speed>0.8</osmand:speed>
        </extensions>
      </trkpt>
      <trkpt lat="43.7500793" lon="6.5679742">
        <ele>986.2</ele>
        <time>2026-07-19T09:39:03Z</time>
        <hdop>3</hdop>
        <extensions>
          <osmand:speed>1</osmand:speed>
        </extensions>
      </trkpt>
      <trkpt lat="43.7500382" lon="6.567954">
        <ele>987.9</ele>
        <time>2026-07-19T09:39:08Z</time>
        <hdop>3</hdop>
        <extensions>
          <osmand:speed>0.9</osmand:speed>
        </extensions>
      </trkpt>
      <trkpt lat="43.7499911" lon="6.5679761">
        <ele>988.8</ele>
        <time>2026-07-19T09:39:13Z</time>
        <hdop>3</hdop>
        <extensions>
          <osmand:speed>1</osmand:speed>
        </extensions>
      </trkpt>
      <trkpt lat="43.7499479" lon="6.5679888">
        <ele>988.8</ele>
        <time>2026-07-19T09:39:18Z</time>
        <hdop>3</hdop>
        <extensions>
          <osmand:speed>1</osmand:speed>
        </extensions>
      </trkpt>
      <trkpt lat="43.7499142" lon="6.5680151">
        <ele>990.6</ele>
        <time>2026-07-19T09:39:23Z</time>
        <hdop>3</hdop>
        <extensions>
          <osmand:speed>0.8</osmand:speed>
        </extensions>
      </trkpt>
      <trkpt lat="43.7498669" lon="6.5680561">
        <ele>991.3</ele>
        <time>2026-07-19T09:39:29Z</time>
        <hdop>3.9</hdop>
        <extensions>
          <osmand:speed>0.9</osmand:speed>
        </extensions>
      </trkpt>
      <trkpt lat="43.7498261" lon="6.5680934">
        <ele>991.9</ele>
        <time>2026-07-19T09:39:34Z</time>
        <hdop>4.7</hdop>
        <extensions>
          <osmand:speed>1</osmand:speed>
        </extensions>
      </trkpt>
      <trkpt lat="43.7497835" lon="6.5681342">
        <ele>992</ele>
        <time>2026-07-19T09:39:40Z</time>
        <hdop>5.1</hdop>
        <extensions>
          <osmand:speed>1.1</osmand:speed>
        </extensions>
      </trkpt>
      <trkpt lat="43.749741" lon="6.5681717">
        <ele>992</ele>
        <time>2026-07-19T09:39:45Z</time>
        <hdop>5.6</hdop>
        <extensions>
          <osmand:speed>1</osmand:speed>
        </extensions>
      </trkpt>
      <trkpt lat="43.7496905" lon="6.5681951">
        <ele>992.4</ele>
        <time>2026-07-19T09:39:50Z</time>
        <hdop>5.3</hdop>
        <extensions>
          <osmand:speed>1.1</osmand:speed>
        </extensions>
      </trkpt>
      <trkpt lat="43.7496464" lon="6.568234">
        <ele>994.9</ele>
        <time>2026-07-19T09:39:56Z</time>
        <hdop>5.1</hdop>
        <extensions>
          <osmand:speed>1</osmand:speed>
        </extensions>
      </trkpt>
      <trkpt lat="43.7496157" lon="6.5682573">
        <ele>995.9</ele>
        <time>2026-07-19T09:40:01Z</time>
        <hdop>5.1</hdop>
        <extensions>
          <osmand:speed>1</osmand:speed>
        </extensions>
      </trkpt>
      <trkpt lat="43.7496" lon="6.5682963">
        <ele>996.6</ele>
        <time>2026-07-19T09:40:06Z</time>
        <hdop>4.7</hdop>
        <extensions>
          <osmand:speed>0.8</osmand:speed>
        </extensions>
      </trkpt>
      <trkpt lat="43.7495697" lon="6.5683119">
        <ele>996.2</ele>
        <time>2026-07-19T09:40:12Z</time>
        <hdop>4.7</hdop>
        <extensions>
          <osmand:speed>0.8</osmand:speed>
        </extensions>
      </trkpt>
      <trkpt lat="43.7495397" lon="6.5682761">
        <ele>997.1</ele>
        <time>2026-07-19T09:40:17Z</time>
        <hdop>4.5</hdop>
        <extensions>
          <osmand:speed>0.8</osmand:speed>
        </extensions>
      </trkpt>
      <trkpt lat="43.7494924" lon="6.5682308">
        <ele>999.5</ele>
        <time>2026-07-19T09:40:22Z</time>
        <hdop>4.9</hdop>
        <extensions>
          <osmand:speed>1.1</osmand:speed>
        </extensions>
      </trkpt>
      <trkpt lat="43.7494562" lon="6.5681674">
        <ele>1000.7</ele>
        <time>2026-07-19T09:40:27Z</time>
        <hdop>5.3</hdop>
        <extensions>
          <osmand:speed>1</osmand:speed>
        </extensions>
      </trkpt>
      <trkpt lat="43.7494423" lon="6.5681155">
        <ele>1002</ele>
        <time>2026-07-19T09:40:33Z</time>
        <hdop>5.2</hdop>
        <extensions>
          <osmand:speed>0.8</osmand:speed>
        </extensions>
      </trkpt>
      <trkpt lat="43.7494283" lon="6.568049">
        <ele>1002.4</ele>
        <time>2026-07-19T09:40:38Z</time>
        <hdop>5.1</hdop>
        <extensions>
          <osmand:speed>1.1</osmand:speed>
        </extensions>
      </trkpt>
      <trkpt lat="43.7493917" lon="6.5679992">
        <ele>1002.8</ele>
        <time>2026-07-19T09:40:43Z</time>
        <hdop>5.2</hdop>
        <extensions>
          <osmand:speed>1.1</osmand:speed>
        </extensions>
      </trkpt>
      <trkpt lat="43.7493555" lon="6.5679682">
        <ele>1004.6</ele>
        <time>2026-07-19T09:40:48Z</time>
        <hdop>5.2</hdop>
        <extensions>
          <osmand:speed>1.1</osmand:speed>
        </extensions>
      </trkpt>
      <trkpt lat="43.7493075" lon="6.5679561">
        <ele>1006.2</ele>
        <time>2026-07-19T09:40:54Z</time>
        <hdop>5.1</hdop>
        <extensions>
          <osmand:speed>1.2</osmand:speed>
        </extensions>
      </trkpt>
      <trkpt lat="43.7492761" lon="6.5679641">
        <ele>1007.7</ele>
        <time>2026-07-19T09:40:59Z</time>
        <hdop>5.2</hdop>
        <extensions>
          <osmand:speed>0.5</osmand:speed>
        </extensions>
      </trkpt>
      <trkpt lat="43.7492869" lon="6.5679712">
        <ele>1007.8</ele>
        <time>2026-07-19T09:41:05Z</time>
        <hdop>3.6</hdop>
        <extensions>
          <osmand:speed>0.1</osmand:speed>
        </extensions>
      </trkpt>
      <trkpt lat="43.749269" lon="6.5679724">
        <ele>1007.5</ele>
        <time>2026-07-19T09:41:10Z</time>
        <hdop>3.6</hdop>
        <extensions>
          <osmand:speed>0.5</osmand:speed>
        </extensions>
      </trkpt>
      <trkpt lat="43.7491984" lon="6.5679954">
        <ele>1008</ele>
        <time>2026-07-19T09:41:15Z</time>
        <hdop>4.5</hdop>
        <extensions>
          <osmand:speed>1.1</osmand:speed>
        </extensions>
      </trkpt>
      <trkpt lat="43.7491506" lon="6.5680305">
        <ele>1009.5</ele>
        <time>2026-07-19T09:41:20Z</time>
        <hdop>4.7</hdop>
        <extensions>
          <osmand:speed>1.1</osmand:speed>
        </extensions>
      </trkpt>
      <trkpt lat="43.749095" lon="6.5680539">
        <ele>1010.8</ele>
        <time>2026-07-19T09:41:26Z</time>
        <hdop>5.1</hdop>
        <extensions>
          <osmand:speed>1.2</osmand:speed>
        </extensions>
      </trkpt>
      <trkpt lat="43.7490495" lon="6.5680435">
        <ele>1011.3</ele>
        <time>2026-07-19T09:41:31Z</time>
        <hdop>5</hdop>
        <extensions>
          <osmand:speed>1.2</osmand:speed>
        </extensions>
      </trkpt>
      <trkpt lat="43.749016" lon="6.5680386">
        <ele>1012.6</ele>
        <time>2026-07-19T09:41:36Z</time>
        <hdop>5.2</hdop>
        <extensions>
          <osmand:speed>0.8</osmand:speed>
        </extensions>
      </trkpt>
      <trkpt lat="43.7490283" lon="6.568042">
        <ele>1012</ele>
        <time>2026-07-19T09:41:41Z</time>
        <hdop>5.1</hdop>
        <extensions>
          <osmand:speed>0.1</osmand:speed>
        </extensions>
      </trkpt>
      <trkpt lat="43.7490305" lon="6.5680438">
        <ele>1013.2</ele>
        <time>2026-07-19T09:41:47Z</time>
        <hdop>4.4</hdop>
        <extensions>
          <osmand:speed>0.1</osmand:speed>
        </extensions>
      </trkpt>
      <trkpt lat="43.7490313" lon="6.5680442">
        <ele>1014</ele>
        <time>2026-07-19T09:41:52Z</time>
        <hdop>3.9</hdop>
        <extensions>
          <osmand:speed>0.1</osmand:speed>
        </extensions>
      </trkpt>
      <trkpt lat="43.749033" lon="6.5680426">
        <ele>1013.9</ele>
        <time>2026-07-19T09:41:58Z</time>
        <hdop>3.7</hdop>
        <extensions>
          <osmand:speed>0</osmand:speed>
        </extensions>
      </trkpt>
      <trkpt lat="43.7490265" lon="6.5680479">
        <ele>1013</ele>
        <time>2026-07-19T09:42:04Z</time>
        <hdop>3.6</hdop>
        <extensions>
          <osmand:speed>0.5</osmand:speed>
        </extensions>
      </trkpt>
      <trkpt lat="43.7490207" lon="6.5681102">
        <ele>1012.5</ele>
        <time>2026-07-19T09:42:09Z</time>
        <hdop>4</hdop>
        <extensions>
          <osmand:speed>1</osmand:speed>
        </extensions>
      </trkpt>
      <trkpt lat="43.7489959" lon="6.568176">
        <ele>1014.1</ele>
        <time>2026-07-19T09:42:14Z</time>
        <hdop>3.1</hdop>
        <extensions>
          <osmand:speed>0.9</osmand:speed>
        </extensions>
      </trkpt>
      <trkpt lat="43.7489518" lon="6.5681984">
        <ele>1015.5</ele>
        <time>2026-07-19T09:42:19Z</time>
        <hdop>3</hdop>
        <extensions>
          <osmand:speed>1.1</osmand:speed>
        </extensions>
      </trkpt>
      <trkpt lat="43.7489495" lon="6.5682402">
        <ele>1016.6</ele>
        <time>2026-07-19T09:42:25Z</time>
        <hdop>3</hdop>
        <extensions>
          <osmand:speed>1</osmand:speed>
        </extensions>
      </trkpt>
      <trkpt lat="43.7489583" lon="6.5683035">
        <ele>1016.4</ele>
        <time>2026-07-19T09:42:30Z</time>
        <hdop>3</hdop>
        <extensions>
          <osmand:speed>1.1</osmand:speed>
        </extensions>
      </trkpt>
      <trkpt lat="43.748939" lon="6.5683645">
        <ele>1016.7</ele>
        <time>2026-07-19T09:42:35Z</time>
        <hdop>3</hdop>
        <extensions>
          <osmand:speed>1.1</osmand:speed>
        </extensions>
      </trkpt>
      <trkpt lat="43.748889" lon="6.5683721">
        <ele>1015.6</ele>
        <time>2026-07-19T09:42:41Z</time>
        <hdop>3</hdop>
        <extensions>
          <osmand:speed>1.2</osmand:speed>
        </extensions>
      </trkpt>
      <trkpt lat="43.748835" lon="6.568377">
        <ele>1016.6</ele>
        <time>2026-07-19T09:42:46Z</time>
        <hdop>3.1</hdop>
        <extensions>
          <osmand:speed>1</osmand:speed>
        </extensions>
      </trkpt>
      <trkpt lat="43.7487845" lon="6.5684016">
        <ele>1017.1</ele>
        <time>2026-07-19T09:42:51Z</time>
        <hdop>3</hdop>
        <extensions>
          <osmand:speed>0.9</osmand:speed>
        </extensions>
      </trkpt>
      <trkpt lat="43.7487466" lon="6.5684245">
        <ele>1017.3</ele>
        <time>2026-07-19T09:42:56Z</time>
        <hdop>3</hdop>
        <extensions>
          <osmand:speed>0.9</osmand:speed>
        </extensions>
      </trkpt>
      <trkpt lat="43.7487061" lon="6.568444">
        <ele>1017.4</ele>
        <time>2026-07-19T09:43:02Z</time>
        <hdop>3</hdop>
        <extensions>
          <osmand:speed>1</osmand:speed>
        </extensions>
      </trkpt>
      <trkpt lat="43.7486522" lon="6.5684692">
        <ele>1017.4</ele>
        <time>2026-07-19T09:43:07Z</time>
        <hdop>3</hdop>
        <extensions>
          <osmand:speed>1.2</osmand:speed>
        </extensions>
      </trkpt>
      <trkpt lat="43.7486097" lon="6.5685071">
        <ele>1018.4</ele>
        <time>2026-07-19T09:43:12Z</time>
        <hdop>3.6</hdop>
        <extensions>
          <osmand:speed>1.1</osmand:speed>
        </extensions>
      </trkpt>
      <trkpt lat="43.7485876" lon="6.5685757">
        <ele>1019.7</ele>
        <time>2026-07-19T09:43:17Z</time>
        <hdop>4.8</hdop>
        <extensions>
          <osmand:speed>1.1</osmand:speed>
        </extensions>
      </trkpt>
      <trkpt lat="43.748585" lon="6.5686605">
        <ele>1021.9</ele>
        <time>2026-07-19T09:43:23Z</time>
        <hdop>5.2</hdop>
        <extensions>
          <osmand:speed>1.2</osmand:speed>
        </extensions>
      </trkpt>
      <trkpt lat="43.7485598" lon="6.568699">
        <ele>1022.8</ele>
        <time>2026-07-19T09:43:28Z</time>
        <hdop>5.2</hdop>
        <extensions>
          <osmand:speed>0.8</osmand:speed>
        </extensions>
      </trkpt>
      <trkpt lat="43.7485325" lon="6.5687117">
        <ele>1023.3</ele>
        <time>2026-07-19T09:43:34Z</time>
        <hdop>4.7</hdop>
        <extensions>
          <osmand:speed>0.9</osmand:speed>
        </extensions>
      </trkpt>
      <trkpt lat="43.7484845" lon="6.5687309">
        <ele>1023.3</ele>
        <time>2026-07-19T09:43:39Z</time>
        <hdop>5.3</hdop>
        <extensions>
          <osmand:speed>1.2</osmand:speed>
        </extensions>
      </trkpt>
      <trkpt lat="43.748431" lon="6.5687009">
        <ele>1025.6</ele>
        <time>2026-07-19T09:43:44Z</time>
        <hdop>5</hdop>
        <extensions>
          <osmand:speed>1.1</osmand:speed>
        </extensions>
      </trkpt>
      <trkpt lat="43.74839" lon="6.5686618">
        <ele>1025.9</ele>
        <time>2026-07-19T09:43:49Z</time>
        <hdop>5.1</hdop>
        <extensions>
          <osmand:speed>1</osmand:speed>
        </extensions>
      </trkpt>
      <trkpt lat="43.7483567" lon="6.5686119">
        <ele>1026.3</ele>
        <time>2026-07-19T09:43:55Z</time>
        <hdop>5.3</hdop>
        <extensions>
          <osmand:speed>1</osmand:speed>
        </extensions>
      </trkpt>
      <trkpt lat="43.748321" lon="6.5685638">
        <ele>1027.5</ele>
        <time>2026-07-19T09:44:00Z</time>
        <hdop>5.2</hdop>
        <extensions>
          <osmand:speed>0.9</osmand:speed>
        </extensions>
      </trkpt>
      <trkpt lat="43.7482608" lon="6.5685654">
        <ele>1027.1</ele>
        <time>2026-07-19T09:44:06Z</time>
        <hdop>5.4</hdop>
        <extensions>
          <osmand:speed>1.1</osmand:speed>
        </extensions>
      </trkpt>
      <trkpt lat="43.7482222" lon="6.5685544">
        <ele>1027.9</ele>
        <time>2026-07-19T09:44:11Z</time>
        <hdop>4.7</hdop>
        <extensions>
          <osmand:speed>0.9</osmand:speed>
        </extensions>
      </trkpt>
      <trkpt lat="43.7482059" lon="6.5685429">
        <ele>1029.3</ele>
        <time>2026-07-19T09:44:16Z</time>
        <hdop>4.5</hdop>
        <extensions>
          <osmand:speed>0.3</osmand:speed>
        </extensions>
      </trkpt>
      <trkpt lat="43.7482109" lon="6.5685529">
        <ele>1029.6</ele>
        <time>2026-07-19T09:44:22Z</time>
        <hdop>4</hdop>
        <extensions>
          <osmand:speed>0.1</osmand:speed>
        </extensions>
      </trkpt>
      <trkpt lat="43.7482114" lon="6.5685526">
        <ele>1028.9</ele>
        <time>2026-07-19T09:44:28Z</time>
        <hdop>3.9</hdop>
        <extensions>
          <osmand:speed>0.1</osmand:speed>
        </extensions>
      </trkpt>
      <trkpt lat="43.7482117" lon="6.5685509">
        <ele>1028.5</ele>
        <time>2026-07-19T09:44:33Z</time>
        <hdop>4.8</hdop>
        <extensions>
          <osmand:speed>0</osmand:speed>
        </extensions>
      </trkpt>
      <trkpt lat="43.7482115" lon="6.5685518">
        <ele>1029</ele>
        <time>2026-07-19T09:44:39Z</time>
        <hdop>4.7</hdop>
        <extensions>
          <osmand:speed>0.1</osmand:speed>
        </extensions>
      </trkpt>
      <trkpt lat="43.748211" lon="6.5685504">
        <ele>1029.5</ele>
        <time>2026-07-19T09:44:45Z</time>
        <hdop>4.2</hdop>
        <extensions>
          <osmand:speed>0.1</osmand:speed>
        </extensions>
      </trkpt>
      <trkpt lat="43.7482107" lon="6.5685492">
        <ele>1029.1</ele>
        <time>2026-07-19T09:44:51Z</time>
        <hdop>4</hdop>
        <extensions>
          <osmand:speed>0.1</osmand:speed>
        </extensions>
      </trkpt>
      <trkpt lat="43.7482102" lon="6.568547">
        <ele>1029</ele>
        <time>2026-07-19T09:44:57Z</time>
        <hdop>4</hdop>
        <extensions>
          <osmand:speed>0.2</osmand:speed>
        </extensions>
      </trkpt>
      <trkpt lat="43.7481932" lon="6.5685546">
        <ele>1028.6</ele>
        <time>2026-07-19T09:45:03Z</time>
        <hdop>5.5</hdop>
        <extensions>
          <osmand:speed>0.8</osmand:speed>
        </extensions>
      </trkpt>
      <trkpt lat="43.7481699" lon="6.5686238">
        <ele>1030</ele>
        <time>2026-07-19T09:45:08Z</time>
        <hdop>5.8</hdop>
        <extensions>
          <osmand:speed>0.9</osmand:speed>
        </extensions>
      </trkpt>
      <trkpt lat="43.7481461" lon="6.5686735">
        <ele>1030.6</ele>
        <time>2026-07-19T09:45:13Z</time>
        <hdop>3.3</hdop>
        <extensions>
          <osmand:speed>0.9</osmand:speed>
        </extensions>
      </trkpt>
      <trkpt lat="43.748123" lon="6.5687155">
        <ele>1030.6</ele>
        <time>2026-07-19T09:45:19Z</time>
        <hdop>3.1</hdop>
        <extensions>
          <osmand:speed>0.5</osmand:speed>
        </extensions>
      </trkpt>
      <trkpt lat="43.748124" lon="6.5687104">
        <ele>1031.1</ele>
        <time>2026-07-19T09:45:25Z</time>
        <hdop>3</hdop>
        <extensions>
          <osmand:speed>0.2</osmand:speed>
        </extensions>
      </trkpt>
      <trkpt lat="43.7481013" lon="6.5687738">
        <ele>1031.5</ele>
        <time>2026-07-19T09:45:30Z</time>
        <hdop>3</hdop>
        <extensions>
          <osmand:speed>1</osmand:speed>
        </extensions>
      </trkpt>
      <trkpt lat="43.7480628" lon="6.5688235">
        <ele>1032.3</ele>
        <time>2026-07-19T09:45:35Z</time>
        <hdop>3</hdop>
        <extensions>
          <osmand:speed>1.1</osmand:speed>
        </extensions>
      </trkpt>
      <trkpt lat="43.7480233" lon="6.5687724">
        <ele>1032.2</ele>
        <time>2026-07-19T09:45:41Z</time>
        <hdop>3</hdop>
        <extensions>
          <osmand:speed>0.9</osmand:speed>
        </extensions>
      </trkpt>
      <trkpt lat="43.748028" lon="6.5687341">
        <ele>1032.8</ele>
        <time>2026-07-19T09:45:47Z</time>
        <hdop>3</hdop>
        <extensions>
          <osmand:speed>0.1</osmand:speed>
        </extensions>
      </trkpt>
      <trkpt lat="43.7480267" lon="6.5687309">
        <ele>1032.5</ele>
        <time>2026-07-19T09:45:53Z</time>
        <hdop>3</hdop>
        <extensions>
          <osmand:speed>0.1</osmand:speed>
        </extensions>
      </trkpt>
      <trkpt lat="43.7480247" lon="6.5687289">
        <ele>1033.2</ele>
        <time>2026-07-19T09:45:59Z</time>
        <hdop>3</hdop>
        <extensions>
          <osmand:speed>0.1</osmand:speed>
        </extensions>
      </trkpt>
      <trkpt lat="43.748026" lon="6.5687106">
        <ele>1033</ele>
        <time>2026-07-19T09:46:04Z</time>
        <hdop>3</hdop>
        <extensions>
          <osmand:speed>0.1</osmand:speed>
        </extensions>
      </trkpt>
      <trkpt lat="43.7480252" lon="6.5687036">
        <ele>1032.8</ele>
        <time>2026-07-19T09:46:09Z</time>
        <hdop>3</hdop>
        <extensions>
          <osmand:speed>0.1</osmand:speed>
        </extensions>
      </trkpt>
      <trkpt lat="43.7480245" lon="6.5687045">
        <ele>1032.9</ele>
        <time>2026-07-19T09:46:15Z</time>
        <hdop>3.1</hdop>
        <extensions>
          <osmand:speed>0</osmand:speed>
        </extensions>
      </trkpt>
      <trkpt lat="43.7480268" lon="6.5687044">
        <ele>1032.7</ele>
        <time>2026-07-19T09:46:21Z</time>
        <hdop>3.1</hdop>
        <extensions>
          <osmand:speed>0.2</osmand:speed>
        </extensions>
      </trkpt>
      <trkpt lat="43.7480309" lon="6.568706">
        <ele>1032.2</ele>
        <time>2026-07-19T09:46:27Z</time>
        <hdop>3.4</hdop>
        <extensions>
          <osmand:speed>0.2</osmand:speed>
        </extensions>
      </trkpt>
      <trkpt lat="43.7480332" lon="6.5687083">
        <ele>1031.7</ele>
        <time>2026-07-19T09:46:32Z</time>
        <hdop>3.8</hdop>
        <extensions>
          <osmand:speed>0.2</osmand:speed>
        </extensions>
      </trkpt>
      <trkpt lat="43.7480343" lon="6.5687056">
        <ele>1032.7</ele>
        <time>2026-07-19T09:46:37Z</time>
        <hdop>4.1</hdop>
        <extensions>
          <osmand:speed>0.2</osmand:speed>
        </extensions>
      </trkpt>
      <trkpt lat="43.7480339" lon="6.5687043">
        <ele>1032.6</ele>
        <time>2026-07-19T09:46:43Z</time>
        <hdop>4.1</hdop>
        <extensions>
          <osmand:speed>0.1</osmand:speed>
        </extensions>
      </trkpt>
      <trkpt lat="43.7480331" lon="6.5687036">
        <ele>1033.1</ele>
        <time>2026-07-19T09:46:49Z</time>
        <hdop>3.9</hdop>
        <extensions>
          <osmand:speed>0.1</osmand:speed>
        </extensions>
      </trkpt>
      <trkpt lat="43.7480328" lon="6.5687024">
        <ele>1032.5</ele>
        <time>2026-07-19T09:46:55Z</time>
        <hdop>3.8</hdop>
        <extensions>
          <osmand:speed>0.1</osmand:speed>
        </extensions>
      </trkpt>
      <trkpt lat="43.7480325" lon="6.5687016">
        <ele>1031.9</ele>
        <time>2026-07-19T09:47:00Z</time>
        <hdop>3.9</hdop>
        <extensions>
          <osmand:speed>0.1</osmand:speed>
        </extensions>
      </trkpt>
      <trkpt lat="43.748032" lon="6.5687018">
        <ele>1032.7</ele>
        <time>2026-07-19T09:47:06Z</time>
        <hdop>4</hdop>
        <extensions>
          <osmand:speed>0.1</osmand:speed>
        </extensions>
      </trkpt>
      <trkpt lat="43.7480315" lon="6.568702">
        <ele>1032.4</ele>
        <time>2026-07-19T09:47:12Z</time>
        <hdop>4.1</hdop>
        <extensions>
          <osmand:speed>0.1</osmand:speed>
        </extensions>
      </trkpt>
      <trkpt lat="43.7480317" lon="6.5687029">
        <ele>1032.7</ele>
        <time>2026-07-19T09:47:18Z</time>
        <hdop>4.2</hdop>
        <extensions>
          <osmand:speed>0.1</osmand:speed>
        </extensions>
      </trkpt>
      <trkpt lat="43.748031" lon="6.5687038">
        <ele>1031.9</ele>
        <time>2026-07-19T09:47:23Z</time>
        <hdop>4.3</hdop>
        <extensions>
          <osmand:speed>0.1</osmand:speed>
        </extensions>
      </trkpt>
      <trkpt lat="43.7480304" lon="6.5687034">
        <ele>1031.8</ele>
        <time>2026-07-19T09:47:29Z</time>
        <hdop>4.4</hdop>
        <extensions>
          <osmand:speed>0.1</osmand:speed>
        </extensions>
      </trkpt>
      <trkpt lat="43.7480299" lon="6.5687032">
        <ele>1032.8</ele>
        <time>2026-07-19T09:47:34Z</time>
        <hdop>4.5</hdop>
        <extensions>
          <osmand:speed>0.1</osmand:speed>
        </extensions>
      </trkpt>
      <trkpt lat="43.7480292" lon="6.5687028">
        <ele>1032.4</ele>
        <time>2026-07-19T09:47:40Z</time>
        <hdop>4.5</hdop>
        <extensions>
          <osmand:speed>0.1</osmand:speed>
        </extensions>
      </trkpt>
      <trkpt lat="43.748029" lon="6.5687031">
        <ele>1032</ele>
        <time>2026-07-19T09:47:45Z</time>
        <hdop>4.5</hdop>
        <extensions>
          <osmand:speed>0.1</osmand:speed>
        </extensions>
      </trkpt>
      <trkpt lat="43.7480289" lon="6.5687038">
        <ele>1031.9</ele>
        <time>2026-07-19T09:47:51Z</time>
        <hdop>4.5</hdop>
        <extensions>
          <osmand:speed>0.1</osmand:speed>
        </extensions>
      </trkpt>
      <trkpt lat="43.7480285" lon="6.5687044">
        <ele>1031.8</ele>
        <time>2026-07-19T09:47:57Z</time>
        <hdop>4.5</hdop>
        <extensions>
          <osmand:speed>0.1</osmand:speed>
        </extensions>
      </trkpt>
      <trkpt lat="43.748027" lon="6.5687079">
        <ele>1032.6</ele>
        <time>2026-07-19T09:48:03Z</time>
        <hdop>4.3</hdop>
        <extensions>
          <osmand:speed>0.2</osmand:speed>
        </extensions>
      </trkpt>
      <trkpt lat="43.7480278" lon="6.5687071">
        <ele>1032.6</ele>
        <time>2026-07-19T09:48:09Z</time>
        <hdop>4.1</hdop>
        <extensions>
          <osmand:speed>0.2</osmand:speed>
        </extensions>
      </trkpt>
      <trkpt lat="43.7480109" lon="6.5686655">
        <ele>1032.8</ele>
        <time>2026-07-19T09:48:14Z</time>
        <hdop>5.8</hdop>
        <extensions>
          <osmand:speed>0.9</osmand:speed>
        </extensions>
      </trkpt>
      <trkpt lat="43.7480176" lon="6.5685962">
        <ele>1033</ele>
        <time>2026-07-19T09:48:20Z</time>
        <hdop>5.6</hdop>
        <extensions>
          <osmand:speed>0.7</osmand:speed>
        </extensions>
      </trkpt>
      <trkpt lat="43.7479941" lon="6.5685611">
        <ele>1034.4</ele>
        <time>2026-07-19T09:48:25Z</time>
        <hdop>3</hdop>
        <extensions>
          <osmand:speed>0.6</osmand:speed>
        </extensions>
      </trkpt>
      <trkpt lat="43.7479564" lon="6.5685098">
        <ele>1035.4</ele>
        <time>2026-07-19T09:48:30Z</time>
        <hdop>3</hdop>
        <extensions>
          <osmand:speed>0.9</osmand:speed>
        </extensions>
      </trkpt>
      <trkpt lat="43.7479147" lon="6.5684574">
        <ele>1036.2</ele>
        <time>2026-07-19T09:48:35Z</time>
        <hdop>3</hdop>
        <extensions>
          <osmand:speed>0.9</osmand:speed>
        </extensions>
      </trkpt>
      <trkpt lat="43.7478803" lon="6.5684115">
        <ele>1037.7</ele>
        <time>2026-07-19T09:48:41Z</time>
        <hdop>3</hdop>
        <extensions>
          <osmand:speed>0.8</osmand:speed>
        </extensions>
      </trkpt>
      <trkpt lat="43.7478799" lon="6.5683983">
        <ele>1038.3</ele>
        <time>2026-07-19T09:48:46Z</time>
        <hdop>3</hdop>
        <extensions>
          <osmand:speed>0.1</osmand:speed>
        </extensions>
      </trkpt>
      <trkpt lat="43.7478843" lon="6.568398">
        <ele>1038.5</ele>
        <time>2026-07-19T09:48:51Z</time>
        <hdop>3</hdop>
        <extensions>
          <osmand:speed>0.1</osmand:speed>
        </extensions>
      </trkpt>
      <trkpt lat="43.7478853" lon="6.568398">
        <ele>1038.7</ele>
        <time>2026-07-19T09:48:57Z</time>
        <hdop>3</hdop>
        <extensions>
          <osmand:speed>0.1</osmand:speed>
        </extensions>
      </trkpt>
      <trkpt lat="43.7478865" lon="6.568399">
        <ele>1038.1</ele>
        <time>2026-07-19T09:49:03Z</time>
        <hdop>3</hdop>
        <extensions>
          <osmand:speed>0.1</osmand:speed>
        </extensions>
      </trkpt>
      <trkpt lat="43.7478876" lon="6.568396">
        <ele>1038.8</ele>
        <time>2026-07-19T09:49:09Z</time>
        <hdop>3</hdop>
        <extensions>
          <osmand:speed>0.1</osmand:speed>
        </extensions>
      </trkpt>
      <trkpt lat="43.7478818" lon="6.5683946">
        <ele>1038.1</ele>
        <time>2026-07-19T09:49:15Z</time>
        <hdop>3</hdop>
        <extensions>
          <osmand:speed>0.5</osmand:speed>
        </extensions>
      </trkpt>
      <trkpt lat="43.7478544" lon="6.5683758">
        <ele>1038.5</ele>
        <time>2026-07-19T09:49:21Z</time>
        <hdop>3</hdop>
        <extensions>
          <osmand:speed>0.7</osmand:speed>
        </extensions>
      </trkpt>
      <trkpt lat="43.7478326" lon="6.5683175">
        <ele>1039.5</ele>
        <time>2026-07-19T09:49:26Z</time>
        <hdop>3.1</hdop>
        <extensions>
          <osmand:speed>0.8</osmand:speed>
        </extensions>
      </trkpt>
      <trkpt lat="43.7478228" lon="6.5682459">
        <ele>1040.3</ele>
        <time>2026-07-19T09:49:32Z</time>
        <hdop>3.1</hdop>
        <extensions>
          <osmand:speed>0.9</osmand:speed>
        </extensions>
      </trkpt>
      <trkpt lat="43.7477921" lon="6.5681968">
        <ele>1040.9</ele>
        <time>2026-07-19T09:49:37Z</time>
        <hdop>3.4</hdop>
        <extensions>
          <osmand:speed>1.1</osmand:speed>
        </extensions>
      </trkpt>
      <trkpt lat="43.7477561" lon="6.5681517">
        <ele>1042.1</ele>
        <time>2026-07-19T09:49:42Z</time>
        <hdop>4.5</hdop>
        <extensions>
          <osmand:speed>1</osmand:speed>
        </extensions>
      </trkpt>
      <trkpt lat="43.7477182" lon="6.5681046">
        <ele>1042.6</ele>
        <time>2026-07-19T09:49:47Z</time>
        <hdop>4.7</hdop>
        <extensions>
          <osmand:speed>1.1</osmand:speed>
        </extensions>
      </trkpt>
      <trkpt lat="43.7476798" lon="6.5680534">
        <ele>1042.9</ele>
        <time>2026-07-19T09:49:53Z</time>
        <hdop>4.8</hdop>
        <extensions>
          <osmand:speed>1</osmand:speed>
        </extensions>
      </trkpt>
      <trkpt lat="43.7476661" lon="6.5680282">
        <ele>1043.7</ele>
        <time>2026-07-19T09:49:58Z</time>
        <hdop>4.8</hdop>
        <extensions>
          <osmand:speed>0.5</osmand:speed>
        </extensions>
      </trkpt>
      <trkpt lat="43.7476384" lon="6.5679845">
        <ele>1044.2</ele>
        <time>2026-07-19T09:50:03Z</time>
        <hdop>4.9</hdop>
        <extensions>
          <osmand:speed>1</osmand:speed>
        </extensions>
      </trkpt>
      <trkpt lat="43.7476059" lon="6.5679322">
        <ele>1045.9</ele>
        <time>2026-07-19T09:50:09Z</time>
        <hdop>5</hdop>
        <extensions>
          <osmand:speed>1</osmand:speed>
        </extensions>
      </trkpt>
      <trkpt lat="43.7475775" lon="6.5678695">
        <ele>1045.7</ele>
        <time>2026-07-19T09:50:14Z</time>
        <hdop>5</hdop>
        <extensions>
          <osmand:speed>1.1</osmand:speed>
        </extensions>
      </trkpt>
      <trkpt lat="43.7475741" lon="6.5678491">
        <ele>1046.6</ele>
        <time>2026-07-19T09:50:19Z</time>
        <hdop>4.9</hdop>
        <extensions>
          <osmand:speed>0.2</osmand:speed>
        </extensions>
      </trkpt>
      <trkpt lat="43.7475739" lon="6.5678564">
        <ele>1046.9</ele>
        <time>2026-07-19T09:50:25Z</time>
        <hdop>4.3</hdop>
        <extensions>
          <osmand:speed>0.1</osmand:speed>
        </extensions>
      </trkpt>
      <trkpt lat="43.7475339" lon="6.5677737">
        <ele>1047.2</ele>
        <time>2026-07-19T09:50:30Z</time>
        <hdop>4.6</hdop>
        <extensions>
          <osmand:speed>1.1</osmand:speed>
        </extensions>
      </trkpt>
      <trkpt lat="43.7475172" lon="6.5676901">
        <ele>1048.1</ele>
        <time>2026-07-19T09:50:35Z</time>
        <hdop>3.1</hdop>
        <extensions>
          <osmand:speed>1.2</osmand:speed>
        </extensions>
      </trkpt>
      <trkpt lat="43.7474719" lon="6.5676427">
        <ele>1049.7</ele>
        <time>2026-07-19T09:50:41Z</time>
        <hdop>3</hdop>
        <extensions>
          <osmand:speed>1</osmand:speed>
        </extensions>
      </trkpt>
      <trkpt lat="43.7474388" lon="6.5676119">
        <ele>1050.6</ele>
        <time>2026-07-19T09:50:46Z</time>
        <hdop>3</hdop>
        <extensions>
          <osmand:speed>1</osmand:speed>
        </extensions>
      </trkpt>
      <trkpt lat="43.7474094" lon="6.5675663">
        <ele>1051</ele>
        <time>2026-07-19T09:50:51Z</time>
        <hdop>3</hdop>
        <extensions>
          <osmand:speed>0.9</osmand:speed>
        </extensions>
      </trkpt>
      <trkpt lat="43.7473792" lon="6.5675169">
        <ele>1051.8</ele>
        <time>2026-07-19T09:50:57Z</time>
        <hdop>3</hdop>
        <extensions>
          <osmand:speed>1.1</osmand:speed>
        </extensions>
      </trkpt>
      <trkpt lat="43.7473391" lon="6.5674855">
        <ele>1052.4</ele>
        <time>2026-07-19T09:51:02Z</time>
        <hdop>3</hdop>
        <extensions>
          <osmand:speed>1.1</osmand:speed>
        </extensions>
      </trkpt>
      <trkpt lat="43.7472984" lon="6.5674518">
        <ele>1054.1</ele>
        <time>2026-07-19T09:51:07Z</time>
        <hdop>3</hdop>
        <extensions>
          <osmand:speed>0.9</osmand:speed>
        </extensions>
      </trkpt>
      <trkpt lat="43.7472771" lon="6.5674094">
        <ele>1054.5</ele>
        <time>2026-07-19T09:51:13Z</time>
        <hdop>3</hdop>
        <extensions>
          <osmand:speed>0.8</osmand:speed>
        </extensions>
      </trkpt>
      <trkpt lat="43.7472641" lon="6.5673581">
        <ele>1055.1</ele>
        <time>2026-07-19T09:51:18Z</time>
        <hdop>3</hdop>
        <extensions>
          <osmand:speed>1</osmand:speed>
        </extensions>
      </trkpt>
      <trkpt lat="43.7472496" lon="6.5673099">
        <ele>1056.2</ele>
        <time>2026-07-19T09:51:24Z</time>
        <hdop>3</hdop>
        <extensions>
          <osmand:speed>0.7</osmand:speed>
        </extensions>
      </trkpt>
      <trkpt lat="43.7472354" lon="6.5672649">
        <ele>1056.5</ele>
        <time>2026-07-19T09:51:29Z</time>
        <hdop>3</hdop>
        <extensions>
          <osmand:speed>0.9</osmand:speed>
        </extensions>
      </trkpt>
      <trkpt lat="43.7472133" lon="6.5672034">
        <ele>1057.5</ele>
        <time>2026-07-19T09:51:34Z</time>
        <hdop>3</hdop>
        <extensions>
          <osmand:speed>1.1</osmand:speed>
        </extensions>
      </trkpt>
      <trkpt lat="43.7471748" lon="6.5671662">
        <ele>1058.5</ele>
        <time>2026-07-19T09:51:39Z</time>
        <hdop>3</hdop>
        <extensions>
          <osmand:speed>0.8</osmand:speed>
        </extensions>
      </trkpt>
      <trkpt lat="43.7471467" lon="6.567129">
        <ele>1059.8</ele>
        <time>2026-07-19T09:51:45Z</time>
        <hdop>3</hdop>
        <extensions>
          <osmand:speed>0.9</osmand:speed>
        </extensions>
      </trkpt>
      <trkpt lat="43.7471201" lon="6.5670727">
        <ele>1060</ele>
        <time>2026-07-19T09:51:50Z</time>
        <hdop>3.2</hdop>
        <extensions>
          <osmand:speed>0.9</osmand:speed>
        </extensions>
      </trkpt>
      <trkpt lat="43.7471058" lon="6.5670309">
        <ele>1061.3</ele>
        <time>2026-07-19T09:51:56Z</time>
        <hdop>4.3</hdop>
        <extensions>
          <osmand:speed>0.6</osmand:speed>
        </extensions>
      </trkpt>
      <trkpt lat="43.747101" lon="6.567009">
        <ele>1061.9</ele>
        <time>2026-07-19T09:52:01Z</time>
        <hdop>4.7</hdop>
        <extensions>
          <osmand:speed>0.2</osmand:speed>
        </extensions>
      </trkpt>
      <trkpt lat="43.7471026" lon="6.5669888">
        <ele>1063</ele>
        <time>2026-07-19T09:52:06Z</time>
        <hdop>4.2</hdop>
        <extensions>
          <osmand:speed>0.2</osmand:speed>
        </extensions>
      </trkpt>
      <trkpt lat="43.7470977" lon="6.5669362">
        <ele>1062.7</ele>
        <time>2026-07-19T09:52:11Z</time>
        <hdop>4.5</hdop>
        <extensions>
          <osmand:speed>0.6</osmand:speed>
        </extensions>
      </trkpt>
      <trkpt lat="43.7470831" lon="6.566864">
        <ele>1063.5</ele>
        <time>2026-07-19T09:52:17Z</time>
        <hdop>4.9</hdop>
        <extensions>
          <osmand:speed>0.8</osmand:speed>
        </extensions>
      </trkpt>
      <trkpt lat="43.747064" lon="6.5667987">
        <ele>1064.6</ele>
        <time>2026-07-19T09:52:22Z</time>
        <hdop>4.9</hdop>
        <extensions>
          <osmand:speed>0.9</osmand:speed>
        </extensions>
      </trkpt>
      <trkpt lat="43.7470639" lon="6.5667347">
        <ele>1064.9</ele>
        <time>2026-07-19T09:52:28Z</time>
        <hdop>4.8</hdop>
        <extensions>
          <osmand:speed>0.9</osmand:speed>
        </extensions>
      </trkpt>
      <trkpt lat="43.7470692" lon="6.5666711">
        <ele>1065.8</ele>
        <time>2026-07-19T09:52:33Z</time>
        <hdop>5.1</hdop>
        <extensions>
          <osmand:speed>0.9</osmand:speed>
        </extensions>
      </trkpt>
      <trkpt lat="43.7470652" lon="6.5666061">
        <ele>1066.2</ele>
        <time>2026-07-19T09:52:39Z</time>
        <hdop>5.5</hdop>
        <extensions>
          <osmand:speed>0.9</osmand:speed>
        </extensions>
      </trkpt>
      <trkpt lat="43.7470608" lon="6.5665387">
        <ele>1067.2</ele>
        <time>2026-07-19T09:52:44Z</time>
        <hdop>5.7</hdop>
        <extensions>
          <osmand:speed>0.9</osmand:speed>
        </extensions>
      </trkpt>
      <trkpt lat="43.747052" lon="6.5664765">
        <ele>1067.3</ele>
        <time>2026-07-19T09:52:49Z</time>
        <hdop>3.3</hdop>
        <extensions>
          <osmand:speed>0.6</osmand:speed>
        </extensions>
      </trkpt>
      <trkpt lat="43.7470429" lon="6.5664255">
        <ele>1068.4</ele>
        <time>2026-07-19T09:52:54Z</time>
        <hdop>3</hdop>
        <extensions>
          <osmand:speed>0.7</osmand:speed>
        </extensions>
      </trkpt>
      <trkpt lat="43.7470323" lon="6.5663916">
        <ele>1069</ele>
        <time>2026-07-19T09:52:59Z</time>
        <hdop>3</hdop>
        <extensions>
          <osmand:speed>0.3</osmand:speed>
        </extensions>
      </trkpt>
      <trkpt lat="43.7470328" lon="6.5663927">
        <ele>1069.7</ele>
        <time>2026-07-19T09:53:05Z</time>
        <hdop>3</hdop>
        <extensions>
          <osmand:speed>0.1</osmand:speed>
        </extensions>
      </trkpt>
      <trkpt lat="43.7470325" lon="6.5663919">
        <ele>1069.9</ele>
        <time>2026-07-19T09:53:11Z</time>
        <hdop>3</hdop>
        <extensions>
          <osmand:speed>0.1</osmand:speed>
        </extensions>
      </trkpt>
      <trkpt lat="43.747037" lon="6.5663886">
        <ele>1069.1</ele>
        <time>2026-07-19T09:53:17Z</time>
        <hdop>3</hdop>
        <extensions>
          <osmand:speed>0</osmand:speed>
        </extensions>
      </trkpt>
      <trkpt lat="43.747039" lon="6.566388">
        <ele>1069.6</ele>
        <time>2026-07-19T09:53:22Z</time>
        <hdop>3</hdop>
        <extensions>
          <osmand:speed>0</osmand:speed>
        </extensions>
      </trkpt>
      <trkpt lat="43.7470402" lon="6.5663863">
        <ele>1068.6</ele>
        <time>2026-07-19T09:53:28Z</time>
        <hdop>3</hdop>
        <extensions>
          <osmand:speed>0.1</osmand:speed>
        </extensions>
      </trkpt>
      <trkpt lat="43.7470408" lon="6.5663849">
        <ele>1069.6</ele>
        <time>2026-07-19T09:53:34Z</time>
        <hdop>3</hdop>
        <extensions>
          <osmand:speed>0.1</osmand:speed>
        </extensions>
      </trkpt>
      <trkpt lat="43.7470421" lon="6.5663846">
        <ele>1069.4</ele>
        <time>2026-07-19T09:53:39Z</time>
        <hdop>3</hdop>
        <extensions>
          <osmand:speed>0.1</osmand:speed>
        </extensions>
      </trkpt>
      <trkpt lat="43.7470434" lon="6.5663852">
        <ele>1068.4</ele>
        <time>2026-07-19T09:53:45Z</time>
        <hdop>3</hdop>
        <extensions>
          <osmand:speed>0.1</osmand:speed>
        </extensions>
      </trkpt>
      <trkpt lat="43.7470444" lon="6.5663861">
        <ele>1069.2</ele>
        <time>2026-07-19T09:53:51Z</time>
        <hdop>3</hdop>
        <extensions>
          <osmand:speed>0.1</osmand:speed>
        </extensions>
      </trkpt>
      <trkpt lat="43.7470454" lon="6.5663864">
        <ele>1068.6</ele>
        <time>2026-07-19T09:53:57Z</time>
        <hdop>3</hdop>
        <extensions>
          <osmand:speed>0.1</osmand:speed>
        </extensions>
      </trkpt>
      <trkpt lat="43.7470464" lon="6.5663858">
        <ele>1069</ele>
        <time>2026-07-19T09:54:03Z</time>
        <hdop>3</hdop>
        <extensions>
          <osmand:speed>0.1</osmand:speed>
        </extensions>
      </trkpt>
      <trkpt lat="43.7470472" lon="6.5663853">
        <ele>1069.3</ele>
        <time>2026-07-19T09:54:09Z</time>
        <hdop>3.5</hdop>
        <extensions>
          <osmand:speed>0.1</osmand:speed>
        </extensions>
      </trkpt>
      <trkpt lat="43.7470476" lon="6.566386">
        <ele>1069.3</ele>
        <time>2026-07-19T09:54:15Z</time>
        <hdop>4.2</hdop>
        <extensions>
          <osmand:speed>0.1</osmand:speed>
        </extensions>
      </trkpt>
      <trkpt lat="43.7470479" lon="6.5663869">
        <ele>1068.8</ele>
        <time>2026-07-19T09:54:21Z</time>
        <hdop>4.7</hdop>
        <extensions>
          <osmand:speed>0.1</osmand:speed>
        </extensions>
      </trkpt>
      <trkpt lat="43.7470469" lon="6.5663886">
        <ele>1069.1</ele>
        <time>2026-07-19T09:54:27Z</time>
        <hdop>5</hdop>
        <extensions>
          <osmand:speed>0.1</osmand:speed>
        </extensions>
      </trkpt>
      <trkpt lat="43.7470468" lon="6.5663887">
        <ele>1069.1</ele>
        <time>2026-07-19T09:54:33Z</time>
        <hdop>4.8</hdop>
        <extensions>
          <osmand:speed>0.1</osmand:speed>
        </extensions>
      </trkpt>
      <trkpt lat="43.747046" lon="6.566389">
        <ele>1069.3</ele>
        <time>2026-07-19T09:54:39Z</time>
        <hdop>4.7</hdop>
        <extensions>
          <osmand:speed>0.1</osmand:speed>
        </extensions>
      </trkpt>
      <trkpt lat="43.747045" lon="6.5663902">
        <ele>1069.8</ele>
        <time>2026-07-19T09:54:44Z</time>
        <hdop>4.6</hdop>
        <extensions>
          <osmand:speed>0.1</osmand:speed>
        </extensions>
      </trkpt>
      <trkpt lat="43.7470452" lon="6.5663915">
        <ele>1069.3</ele>
        <time>2026-07-19T09:54:50Z</time>
        <hdop>4.2</hdop>
        <extensions>
          <osmand:speed>0.1</osmand:speed>
        </extensions>
      </trkpt>
      <trkpt lat="43.7470452" lon="6.5663921">
        <ele>1070.2</ele>
        <time>2026-07-19T09:54:56Z</time>
        <hdop>3</hdop>
        <extensions>
          <osmand:speed>0.1</osmand:speed>
        </extensions>
      </trkpt>
      <trkpt lat="43.7470446" lon="6.566392">
        <ele>1069.6</ele>
        <time>2026-07-19T09:55:01Z</time>
        <hdop>3</hdop>
        <extensions>
          <osmand:speed>0.1</osmand:speed>
        </extensions>
      </trkpt>
      <trkpt lat="43.7470444" lon="6.5663921">
        <ele>1069.9</ele>
        <time>2026-07-19T09:55:07Z</time>
        <hdop>3</hdop>
        <extensions>
          <osmand:speed>0.1</osmand:speed>
        </extensions>
      </trkpt>
      <trkpt lat="43.7470442" lon="6.566392">
        <ele>1070</ele>
        <time>2026-07-19T09:55:13Z</time>
        <hdop>3</hdop>
        <extensions>
          <osmand:speed>0.1</osmand:speed>
        </extensions>
      </trkpt>
      <trkpt lat="43.7470434" lon="6.5663915">
        <ele>1069.4</ele>
        <time>2026-07-19T09:55:19Z</time>
        <hdop>3.1</hdop>
        <extensions>
          <osmand:speed>0.1</osmand:speed>
        </extensions>
      </trkpt>
      <trkpt lat="43.7470432" lon="6.566391">
        <ele>1069.4</ele>
        <time>2026-07-19T09:55:24Z</time>
        <hdop>3.4</hdop>
        <extensions>
          <osmand:speed>0.1</osmand:speed>
        </extensions>
      </trkpt>
      <trkpt lat="43.7470431" lon="6.5663903">
        <ele>1069.6</ele>
        <time>2026-07-19T09:55:30Z</time>
        <hdop>3.9</hdop>
        <extensions>
          <osmand:speed>0.1</osmand:speed>
        </extensions>
      </trkpt>
      <trkpt lat="43.7470435" lon="6.5663904">
        <ele>1069.9</ele>
        <time>2026-07-19T09:55:36Z</time>
        <hdop>4.1</hdop>
        <extensions>
          <osmand:speed>0.1</osmand:speed>
        </extensions>
      </trkpt>
      <trkpt lat="43.7470435" lon="6.5663907">
        <ele>1070.1</ele>
        <time>2026-07-19T09:55:42Z</time>
        <hdop>3.3</hdop>
        <extensions>
          <osmand:speed>0.1</osmand:speed>
        </extensions>
      </trkpt>
      <trkpt lat="43.7470439" lon="6.5663908">
        <ele>1069.5</ele>
        <time>2026-07-19T09:55:48Z</time>
        <hdop>3.3</hdop>
        <extensions>
          <osmand:speed>0.1</osmand:speed>
        </extensions>
      </trkpt>
      <trkpt lat="43.7470442" lon="6.5663901">
        <ele>1070.3</ele>
        <time>2026-07-19T09:55:54Z</time>
        <hdop>3.6</hdop>
        <extensions>
          <osmand:speed>0.1</osmand:speed>
        </extensions>
      </trkpt>
      <trkpt lat="43.7470443" lon="6.5663899">
        <ele>1069.5</ele>
        <time>2026-07-19T09:56:00Z</time>
        <hdop>4.1</hdop>
        <extensions>
          <osmand:speed>0.1</osmand:speed>
        </extensions>
      </trkpt>
      <trkpt lat="43.7470442" lon="6.56639">
        <ele>1070.1</ele>
        <time>2026-07-19T09:56:06Z</time>
        <hdop>4.4</hdop>
        <extensions>
          <osmand:speed>0.1</osmand:speed>
        </extensions>
      </trkpt>
      <trkpt lat="43.7470441" lon="6.5663904">
        <ele>1070.2</ele>
        <time>2026-07-19T09:56:11Z</time>
        <hdop>4.6</hdop>
        <extensions>
          <osmand:speed>0.1</osmand:speed>
        </extensions>
      </trkpt>
      <trkpt lat="43.747044" lon="6.5663904">
        <ele>1069.4</ele>
        <time>2026-07-19T09:56:17Z</time>
        <hdop>4.6</hdop>
        <extensions>
          <osmand:speed>0.1</osmand:speed>
        </extensions>
      </trkpt>
      <trkpt lat="43.7470439" lon="6.5663901">
        <ele>1070.2</ele>
        <time>2026-07-19T09:56:23Z</time>
        <hdop>4.8</hdop>
        <extensions>
          <osmand:speed>0.1</osmand:speed>
        </extensions>
      </trkpt>
      <trkpt lat="43.7470433" lon="6.5663906">
        <ele>1069.5</ele>
        <time>2026-07-19T09:56:28Z</time>
        <hdop>4.9</hdop>
        <extensions>
          <osmand:speed>0.1</osmand:speed>
        </extensions>
      </trkpt>
      <trkpt lat="43.747043" lon="6.5663906">
        <ele>1069.8</ele>
        <time>2026-07-19T09:56:34Z</time>
        <hdop>4.8</hdop>
        <extensions>
          <osmand:speed>0.1</osmand:speed>
        </extensions>
      </trkpt>
      <trkpt lat="43.7470434" lon="6.5663909">
        <ele>1070</ele>
        <time>2026-07-19T09:56:40Z</time>
        <hdop>4.8</hdop>
        <extensions>
          <osmand:speed>0.1</osmand:speed>
        </extensions>
      </trkpt>
      <trkpt lat="43.7470432" lon="6.5663901">
        <ele>1069.3</ele>
        <time>2026-07-19T09:56:46Z</time>
        <hdop>4.8</hdop>
        <extensions>
          <osmand:speed>0.1</osmand:speed>
        </extensions>
      </trkpt>
      <trkpt lat="43.7470434" lon="6.5663897">
        <ele>1070</ele>
        <time>2026-07-19T09:56:52Z</time>
        <hdop>4.6</hdop>
        <extensions>
          <osmand:speed>0.1</osmand:speed>
        </extensions>
      </trkpt>
      <trkpt lat="43.7470433" lon="6.566391">
        <ele>1069.2</ele>
        <time>2026-07-19T09:56:58Z</time>
        <hdop>4.7</hdop>
        <extensions>
          <osmand:speed>0.6</osmand:speed>
        </extensions>
      </trkpt>
      <trkpt lat="43.7470455" lon="6.5663841">
        <ele>1069.8</ele>
        <time>2026-07-19T09:57:03Z</time>
        <hdop>5.6</hdop>
        <extensions>
          <osmand:speed>0.1</osmand:speed>
        </extensions>
      </trkpt>
      <trkpt lat="43.747046" lon="6.5663804">
        <ele>1070.1</ele>
        <time>2026-07-19T09:57:09Z</time>
        <hdop>5.4</hdop>
        <extensions>
          <osmand:speed>0.1</osmand:speed>
        </extensions>
      </trkpt>
      <trkpt lat="43.7470467" lon="6.566378">
        <ele>1069.4</ele>
        <time>2026-07-19T09:57:15Z</time>
        <hdop>5</hdop>
        <extensions>
          <osmand:speed>0.1</osmand:speed>
        </extensions>
      </trkpt>
      <trkpt lat="43.7470473" lon="6.5663758">
        <ele>1070.2</ele>
        <time>2026-07-19T09:57:21Z</time>
        <hdop>4.7</hdop>
        <extensions>
          <osmand:speed>0.1</osmand:speed>
        </extensions>
      </trkpt>
      <trkpt lat="43.7470478" lon="6.5663736">
        <ele>1069.6</ele>
        <time>2026-07-19T09:57:26Z</time>
        <hdop>4.5</hdop>
        <extensions>
          <osmand:speed>0.1</osmand:speed>
        </extensions>
      </trkpt>
      <trkpt lat="43.7470496" lon="6.5663704">
        <ele>1070</ele>
        <time>2026-07-19T09:57:32Z</time>
        <hdop>4.6</hdop>
        <extensions>
          <osmand:speed>0.3</osmand:speed>
        </extensions>
      </trkpt>
      <trkpt lat="43.747051" lon="6.566369">
        <ele>1069.5</ele>
        <time>2026-07-19T09:57:37Z</time>
        <hdop>4.5</hdop>
        <extensions>
          <osmand:speed>0.1</osmand:speed>
        </extensions>
      </trkpt>
      <trkpt lat="43.7470525" lon="6.5663741">
        <ele>1070</ele>
        <time>2026-07-19T09:57:43Z</time>
        <hdop>3.4</hdop>
        <extensions>
          <osmand:speed>0.1</osmand:speed>
        </extensions>
      </trkpt>
      <trkpt lat="43.7470531" lon="6.5663774">
        <ele>1069.2</ele>
        <time>2026-07-19T09:57:49Z</time>
        <hdop>3</hdop>
        <extensions>
          <osmand:speed>0.1</osmand:speed>
        </extensions>
      </trkpt>
      <trkpt lat="43.7470537" lon="6.5663772">
        <ele>1069.6</ele>
        <time>2026-07-19T09:57:55Z</time>
        <hdop>3</hdop>
        <extensions>
          <osmand:speed>0</osmand:speed>
        </extensions>
      </trkpt>
      <trkpt lat="43.7470538" lon="6.5663772">
        <ele>1070</ele>
        <time>2026-07-19T09:58:01Z</time>
        <hdop>3</hdop>
        <extensions>
          <osmand:speed>0.1</osmand:speed>
        </extensions>
      </trkpt>
      <trkpt lat="43.747054" lon="6.5663768">
        <ele>1069.6</ele>
        <time>2026-07-19T09:58:06Z</time>
        <hdop>3</hdop>
        <extensions>
          <osmand:speed>0.2</osmand:speed>
        </extensions>
      </trkpt>
      <trkpt lat="43.7470355" lon="6.5663489">
        <ele>1070.3</ele>
        <time>2026-07-19T09:58:11Z</time>
        <hdop>3.2</hdop>
        <extensions>
          <osmand:speed>0.7</osmand:speed>
        </extensions>
      </trkpt>
      <trkpt lat="43.7470097" lon="6.5663025">
        <ele>1070.4</ele>
        <time>2026-07-19T09:58:17Z</time>
        <hdop>3.1</hdop>
        <extensions>
          <osmand:speed>0.6</osmand:speed>
        </extensions>
      </trkpt>
      <trkpt lat="43.7469977" lon="6.5662443">
        <ele>1071.8</ele>
        <time>2026-07-19T09:58:23Z</time>
        <hdop>3.4</hdop>
        <extensions>
          <osmand:speed>0.7</osmand:speed>
        </extensions>
      </trkpt>
      <trkpt lat="43.7469741" lon="6.566208">
        <ele>1071.4</ele>
        <time>2026-07-19T09:58:28Z</time>
        <hdop>3.1</hdop>
        <extensions>
          <osmand:speed>0.7</osmand:speed>
        </extensions>
      </trkpt>
      <trkpt lat="43.7469453" lon="6.5661893">
        <ele>1072</ele>
        <time>2026-07-19T09:58:33Z</time>
        <hdop>3</hdop>
        <extensions>
          <osmand:speed>0.5</osmand:speed>
        </extensions>
      </trkpt>
      <trkpt lat="43.7469055" lon="6.5661678">
        <ele>1073.9</ele>
        <time>2026-07-19T09:58:39Z</time>
        <hdop>3</hdop>
        <extensions>
          <osmand:speed>0.9</osmand:speed>
        </extensions>
      </trkpt>
      <trkpt lat="43.7468593" lon="6.5661624">
        <ele>1074.5</ele>
        <time>2026-07-19T09:58:44Z</time>
        <hdop>3</hdop>
        <extensions>
          <osmand:speed>1</osmand:speed>
        </extensions>
      </trkpt>
      <trkpt lat="43.7468332" lon="6.5661484">
        <ele>1074.9</ele>
        <time>2026-07-19T09:58:49Z</time>
        <hdop>3</hdop>
        <extensions>
          <osmand:speed>0.8</osmand:speed>
        </extensions>
      </trkpt>
      <trkpt lat="43.7467919" lon="6.5660814">
        <ele>1075.4</ele>
        <time>2026-07-19T09:58:55Z</time>
        <hdop>3</hdop>
        <extensions>
          <osmand:speed>1.1</osmand:speed>
        </extensions>
      </trkpt>
      <trkpt lat="43.7467495" lon="6.5660459">
        <ele>1075.8</ele>
        <time>2026-07-19T09:59:00Z</time>
        <hdop>3.1</hdop>
        <extensions>
          <osmand:speed>0.9</osmand:speed>
        </extensions>
      </trkpt>
      <trkpt lat="43.7467029" lon="6.5660343">
        <ele>1076.5</ele>
        <time>2026-07-19T09:59:06Z</time>
        <hdop>3.2</hdop>
        <extensions>
          <osmand:speed>1</osmand:speed>
        </extensions>
      </trkpt>
      <trkpt lat="43.7466592" lon="6.5660225">
        <ele>1077.1</ele>
        <time>2026-07-19T09:59:11Z</time>
        <hdop>3</hdop>
        <extensions>
          <osmand:speed>0.9</osmand:speed>
        </extensions>
      </trkpt>
      <trkpt lat="43.7466185" lon="6.5660013">
        <ele>1077.3</ele>
        <time>2026-07-19T09:59:17Z</time>
        <hdop>3</hdop>
        <extensions>
          <osmand:speed>0.9</osmand:speed>
        </extensions>
      </trkpt>
      <trkpt lat="43.7465673" lon="6.5659918">
        <ele>1078.2</ele>
        <time>2026-07-19T09:59:22Z</time>
        <hdop>3</hdop>
        <extensions>
          <osmand:speed>0.9</osmand:speed>
        </extensions>
      </trkpt>
      <trkpt lat="43.7465266" lon="6.5659908">
        <ele>1079.6</ele>
        <time>2026-07-19T09:59:28Z</time>
        <hdop>3</hdop>
        <extensions>
          <osmand:speed>0.8</osmand:speed>
        </extensions>
      </trkpt>
      <trkpt lat="43.7464794" lon="6.565995">
        <ele>1079.5</ele>
        <time>2026-07-19T09:59:33Z</time>
        <hdop>3</hdop>
        <extensions>
          <osmand:speed>0.9</osmand:speed>
        </extensions>
      </trkpt>
      <trkpt lat="43.7464277" lon="6.5659989">
        <ele>1080.6</ele>
        <time>2026-07-19T09:59:38Z</time>
        <hdop>3</hdop>
        <extensions>
          <osmand:speed>1.1</osmand:speed>
        </extensions>
      </trkpt>
      <trkpt lat="43.746389" lon="6.5659844">
        <ele>1081.4</ele>
        <time>2026-07-19T09:59:44Z</time>
        <hdop>3</hdop>
        <extensions>
          <osmand:speed>0.8</osmand:speed>
        </extensions>
      </trkpt>
      <trkpt lat="43.7463505" lon="6.5659436">
        <ele>1083</ele>
        <time>2026-07-19T09:59:49Z</time>
        <hdop>3.2</hdop>
        <extensions>
          <osmand:speed>1</osmand:speed>
        </extensions>
      </trkpt>
      <trkpt lat="43.7463077" lon="6.5658996">
        <ele>1082.3</ele>
        <time>2026-07-19T09:59:54Z</time>
        <hdop>3</hdop>
        <extensions>
          <osmand:speed>0.8</osmand:speed>
        </extensions>
      </trkpt>
      <trkpt lat="43.7462675" lon="6.5658813">
        <ele>1082.8</ele>
        <time>2026-07-19T09:59:59Z</time>
        <hdop>3</hdop>
        <extensions>
          <osmand:speed>0.8</osmand:speed>
        </extensions>
      </trkpt>
      <trkpt lat="43.7462263" lon="6.5658528">
        <ele>1084.5</ele>
        <time>2026-07-19T10:00:05Z</time>
        <hdop>3.1</hdop>
        <extensions>
          <osmand:speed>0.9</osmand:speed>
        </extensions>
      </trkpt>
      <trkpt lat="43.7461832" lon="6.5658618">
        <ele>1084.7</ele>
        <time>2026-07-19T10:00:10Z</time>
        <hdop>3.3</hdop>
        <extensions>
          <osmand:speed>0.9</osmand:speed>
        </extensions>
      </trkpt>
      <trkpt lat="43.7461629" lon="6.5659131">
        <ele>1085.2</ele>
        <time>2026-07-19T10:00:15Z</time>
        <hdop>3.2</hdop>
        <extensions>
          <osmand:speed>0.8</osmand:speed>
        </extensions>
      </trkpt>
      <trkpt lat="43.7461283" lon="6.5659182">
        <ele>1086.4</ele>
        <time>2026-07-19T10:00:21Z</time>
        <hdop>3</hdop>
        <extensions>
          <osmand:speed>0.8</osmand:speed>
        </extensions>
      </trkpt>
      <trkpt lat="43.7460789" lon="6.5658871">
        <ele>1087.3</ele>
        <time>2026-07-19T10:00:26Z</time>
        <hdop>3</hdop>
        <extensions>
          <osmand:speed>1</osmand:speed>
        </extensions>
      </trkpt>
      <trkpt lat="43.7460327" lon="6.5658491">
        <ele>1087.9</ele>
        <time>2026-07-19T10:00:31Z</time>
        <hdop>3</hdop>
        <extensions>
          <osmand:speed>0.9</osmand:speed>
        </extensions>
      </trkpt>
      <trkpt lat="43.7459885" lon="6.5658045">
        <ele>1088.6</ele>
        <time>2026-07-19T10:00:37Z</time>
        <hdop>3</hdop>
        <extensions>
          <osmand:speed>1.1</osmand:speed>
        </extensions>
      </trkpt>
      <trkpt lat="43.7459353" lon="6.565793">
        <ele>1088.3</ele>
        <time>2026-07-19T10:00:42Z</time>
        <hdop>3</hdop>
        <extensions>
          <osmand:speed>1.1</osmand:speed>
        </extensions>
      </trkpt>
      <trkpt lat="43.7458986" lon="6.5658312">
        <ele>1088.8</ele>
        <time>2026-07-19T10:00:47Z</time>
        <hdop>3</hdop>
        <extensions>
          <osmand:speed>1.1</osmand:speed>
        </extensions>
      </trkpt>
      <trkpt lat="43.7458612" lon="6.5658659">
        <ele>1088.2</ele>
        <time>2026-07-19T10:00:53Z</time>
        <hdop>3</hdop>
        <extensions>
          <osmand:speed>0.9</osmand:speed>
        </extensions>
      </trkpt>
      <trkpt lat="43.7458023" lon="6.5658724">
        <ele>1088.2</ele>
        <time>2026-07-19T10:00:58Z</time>
        <hdop>3</hdop>
        <extensions>
          <osmand:speed>1.1</osmand:speed>
        </extensions>
      </trkpt>
      <trkpt lat="43.7457365" lon="6.5658672">
        <ele>1088.9</ele>
        <time>2026-07-19T10:01:04Z</time>
        <hdop>3</hdop>
        <extensions>
          <osmand:speed>1.1</osmand:speed>
        </extensions>
      </trkpt>
      <trkpt lat="43.745677" lon="6.5658985">
        <ele>1087.9</ele>
        <time>2026-07-19T10:01:10Z</time>
        <hdop>3.1</hdop>
        <extensions>
          <osmand:speed>1.2</osmand:speed>
        </extensions>
      </trkpt>
      <trkpt lat="43.7456226" lon="6.5659276">
        <ele>1089</ele>
        <time>2026-07-19T10:01:15Z</time>
        <hdop>3</hdop>
        <extensions>
          <osmand:speed>1.2</osmand:speed>
        </extensions>
      </trkpt>
      <trkpt lat="43.7455735" lon="6.5659389">
        <ele>1088.8</ele>
        <time>2026-07-19T10:01:20Z</time>
        <hdop>3</hdop>
        <extensions>
          <osmand:speed>1.2</osmand:speed>
        </extensions>
      </trkpt>
      <trkpt lat="43.7455485" lon="6.5659631">
        <ele>1089.4</ele>
        <time>2026-07-19T10:01:25Z</time>
        <hdop>3</hdop>
        <extensions>
          <osmand:speed>0.9</osmand:speed>
        </extensions>
      </trkpt>
      <trkpt lat="43.7454908" lon="6.5659849">
        <ele>1089.7</ele>
        <time>2026-07-19T10:01:30Z</time>
        <hdop>3</hdop>
        <extensions>
          <osmand:speed>1.3</osmand:speed>
        </extensions>
      </trkpt>
      <trkpt lat="43.7454342" lon="6.5660064">
        <ele>1089.6</ele>
        <time>2026-07-19T10:01:35Z</time>
        <hdop>3</hdop>
        <extensions>
          <osmand:speed>1.1</osmand:speed>
        </extensions>
      </trkpt>
      <trkpt lat="43.7453649" lon="6.5660074">
        <ele>1089.5</ele>
        <time>2026-07-19T10:01:40Z</time>
        <hdop>3</hdop>
        <extensions>
          <osmand:speed>1.4</osmand:speed>
        </extensions>
      </trkpt>
      <trkpt lat="43.7453017" lon="6.5659816">
        <ele>1090.6</ele>
        <time>2026-07-19T10:01:46Z</time>
        <hdop>3</hdop>
        <extensions>
          <osmand:speed>1.2</osmand:speed>
        </extensions>
      </trkpt>
      <trkpt lat="43.7452413" lon="6.5659474">
        <ele>1090.6</ele>
        <time>2026-07-19T10:01:51Z</time>
        <hdop>3.3</hdop>
        <extensions>
          <osmand:speed>1.2</osmand:speed>
        </extensions>
      </trkpt>
      <trkpt lat="43.7451781" lon="6.5659365">
        <ele>1090.2</ele>
        <time>2026-07-19T10:01:56Z</time>
        <hdop>3.5</hdop>
        <extensions>
          <osmand:speed>1.3</osmand:speed>
        </extensions>
      </trkpt>
      <trkpt lat="43.7451146" lon="6.5659492">
        <ele>1090.7</ele>
        <time>2026-07-19T10:02:02Z</time>
        <hdop>4.8</hdop>
        <extensions>
          <osmand:speed>1.2</osmand:speed>
        </extensions>
      </trkpt>
      <trkpt lat="43.7450595" lon="6.5659583">
        <ele>1090.2</ele>
        <time>2026-07-19T10:02:07Z</time>
        <hdop>5.2</hdop>
        <extensions>
          <osmand:speed>1.1</osmand:speed>
        </extensions>
      </trkpt>
      <trkpt lat="43.7450021" lon="6.5659692">
        <ele>1091.1</ele>
        <time>2026-07-19T10:02:13Z</time>
        <hdop>5.2</hdop>
        <extensions>
          <osmand:speed>1.2</osmand:speed>
        </extensions>
      </trkpt>
      <trkpt lat="43.7449606" lon="6.5659709">
        <ele>1090.9</ele>
        <time>2026-07-19T10:02:18Z</time>
        <hdop>5</hdop>
        <extensions>
          <osmand:speed>1.2</osmand:speed>
        </extensions>
      </trkpt>
      <trkpt lat="43.7449127" lon="6.5659579">
        <ele>1091.6</ele>
        <time>2026-07-19T10:02:23Z</time>
        <hdop>3.2</hdop>
        <extensions>
          <osmand:speed>1.3</osmand:speed>
        </extensions>
      </trkpt>
      <trkpt lat="43.7448642" lon="6.5659337">
        <ele>1092</ele>
        <time>2026-07-19T10:02:28Z</time>
        <hdop>3.1</hdop>
        <extensions>
          <osmand:speed>1.2</osmand:speed>
        </extensions>
      </trkpt>
      <trkpt lat="43.7448162" lon="6.5658983">
        <ele>1091.6</ele>
        <time>2026-07-19T10:02:34Z</time>
        <hdop>3</hdop>
        <extensions>
          <osmand:speed>1</osmand:speed>
        </extensions>
      </trkpt>
      <trkpt lat="43.7447679" lon="6.565855">
        <ele>1091.5</ele>
        <time>2026-07-19T10:02:39Z</time>
        <hdop>3</hdop>
        <extensions>
          <osmand:speed>0.9</osmand:speed>
        </extensions>
      </trkpt>
      <trkpt lat="43.7447259" lon="6.5658157">
        <ele>1092</ele>
        <time>2026-07-19T10:02:44Z</time>
        <hdop>3</hdop>
        <extensions>
          <osmand:speed>1</osmand:speed>
        </extensions>
      </trkpt>
      <trkpt lat="43.7447113" lon="6.5657444">
        <ele>1092.8</ele>
        <time>2026-07-19T10:02:49Z</time>
        <hdop>3</hdop>
        <extensions>
          <osmand:speed>0.9</osmand:speed>
        </extensions>
      </trkpt>
      <trkpt lat="43.7446784" lon="6.5656463">
        <ele>1091.9</ele>
        <time>2026-07-19T10:02:55Z</time>
        <hdop>3</hdop>
        <extensions>
          <osmand:speed>1.3</osmand:speed>
        </extensions>
      </trkpt>
      <trkpt lat="43.7446421" lon="6.5655897">
        <ele>1092.8</ele>
        <time>2026-07-19T10:03:00Z</time>
        <hdop>3.1</hdop>
        <extensions>
          <osmand:speed>0.9</osmand:speed>
        </extensions>
      </trkpt>
      <trkpt lat="43.7446017" lon="6.5655347">
        <ele>1092</ele>
        <time>2026-07-19T10:03:05Z</time>
        <hdop>3</hdop>
        <extensions>
          <osmand:speed>1.2</osmand:speed>
        </extensions>
      </trkpt>
      <trkpt lat="43.7445564" lon="6.5654659">
        <ele>1092.7</ele>
        <time>2026-07-19T10:03:11Z</time>
        <hdop>3</hdop>
        <extensions>
          <osmand:speed>1.2</osmand:speed>
        </extensions>
      </trkpt>
      <trkpt lat="43.7445071" lon="6.5654299">
        <ele>1092.2</ele>
        <time>2026-07-19T10:03:16Z</time>
        <hdop>3.3</hdop>
        <extensions>
          <osmand:speed>1.1</osmand:speed>
        </extensions>
      </trkpt>
      <trkpt lat="43.7444502" lon="6.5653982">
        <ele>1092.9</ele>
        <time>2026-07-19T10:03:21Z</time>
        <hdop>3.4</hdop>
        <extensions>
          <osmand:speed>1.3</osmand:speed>
        </extensions>
      </trkpt>
      <trkpt lat="43.7443861" lon="6.5653772">
        <ele>1093.6</ele>
        <time>2026-07-19T10:03:27Z</time>
        <hdop>4.6</hdop>
        <extensions>
          <osmand:speed>1.2</osmand:speed>
        </extensions>
      </trkpt>
      <trkpt lat="43.7443266" lon="6.5653641">
        <ele>1093.6</ele>
        <time>2026-07-19T10:03:32Z</time>
        <hdop>5.1</hdop>
        <extensions>
          <osmand:speed>1.2</osmand:speed>
        </extensions>
      </trkpt>
      <trkpt lat="43.7442795" lon="6.5653261">
        <ele>1093.5</ele>
        <time>2026-07-19T10:03:37Z</time>
        <hdop>5.1</hdop>
        <extensions>
          <osmand:speed>1.2</osmand:speed>
        </extensions>
      </trkpt>
      <trkpt lat="43.7442343" lon="6.5652831">
        <ele>1094.1</ele>
        <time>2026-07-19T10:03:42Z</time>
        <hdop>5.2</hdop>
        <extensions>
          <osmand:speed>1.1</osmand:speed>
        </extensions>
      </trkpt>
      <trkpt lat="43.7441878" lon="6.5652376">
        <ele>1095</ele>
        <time>2026-07-19T10:03:47Z</time>
        <hdop>5.4</hdop>
        <extensions>
          <osmand:speed>1.1</osmand:speed>
        </extensions>
      </trkpt>
      <trkpt lat="43.7441411" lon="6.5651744">
        <ele>1094.1</ele>
        <time>2026-07-19T10:03:52Z</time>
        <hdop>5.4</hdop>
        <extensions>
          <osmand:speed>1.2</osmand:speed>
        </extensions>
      </trkpt>
      <trkpt lat="43.7441098" lon="6.5650986">
        <ele>1095.3</ele>
        <time>2026-07-19T10:03:57Z</time>
        <hdop>5.2</hdop>
        <extensions>
          <osmand:speed>1.2</osmand:speed>
        </extensions>
      </trkpt>
      <trkpt lat="43.7440651" lon="6.5650474">
        <ele>1094.5</ele>
        <time>2026-07-19T10:04:03Z</time>
        <hdop>5</hdop>
        <extensions>
          <osmand:speed>1.1</osmand:speed>
        </extensions>
      </trkpt>
      <trkpt lat="43.7440096" lon="6.5650281">
        <ele>1095.3</ele>
        <time>2026-07-19T10:04:08Z</time>
        <hdop>5.4</hdop>
        <extensions>
          <osmand:speed>1.2</osmand:speed>
        </extensions>
      </trkpt>
      <trkpt lat="43.7439562" lon="6.5650549">
        <ele>1095.5</ele>
        <time>2026-07-19T10:04:14Z</time>
        <hdop>5.2</hdop>
        <extensions>
          <osmand:speed>1.2</osmand:speed>
        </extensions>
      </trkpt>
      <trkpt lat="43.7438852" lon="6.5650881">
        <ele>1096.4</ele>
        <time>2026-07-19T10:04:20Z</time>
        <hdop>5.6</hdop>
        <extensions>
          <osmand:speed>1.2</osmand:speed>
        </extensions>
      </trkpt>
      <trkpt lat="43.7438171" lon="6.565103">
        <ele>1097.2</ele>
        <time>2026-07-19T10:04:26Z</time>
        <hdop>5.2</hdop>
        <extensions>
          <osmand:speed>1.1</osmand:speed>
        </extensions>
      </trkpt>
      <trkpt lat="43.743736" lon="6.5650998">
        <ele>1097.1</ele>
        <time>2026-07-19T10:04:31Z</time>
        <hdop>5.3</hdop>
        <extensions>
          <osmand:speed>1.2</osmand:speed>
        </extensions>
      </trkpt>
      <trkpt lat="43.7436705" lon="6.565132">
        <ele>1097.7</ele>
        <time>2026-07-19T10:04:37Z</time>
        <hdop>5.3</hdop>
        <extensions>
          <osmand:speed>1</osmand:speed>
        </extensions>
      </trkpt>
      <trkpt lat="43.743625" lon="6.5651914">
        <ele>1097.8</ele>
        <time>2026-07-19T10:04:42Z</time>
        <hdop>4.9</hdop>
        <extensions>
          <osmand:speed>1.1</osmand:speed>
        </extensions>
      </trkpt>
      <trkpt lat="43.7436058" lon="6.5652586">
        <ele>1099.7</ele>
        <time>2026-07-19T10:04:47Z</time>
        <hdop>4</hdop>
        <extensions>
          <osmand:speed>0.8</osmand:speed>
        </extensions>
      </trkpt>
      <trkpt lat="43.7436131" lon="6.5653187">
        <ele>1099.9</ele>
        <time>2026-07-19T10:04:52Z</time>
        <hdop>3.6</hdop>
        <extensions>
          <osmand:speed>0.8</osmand:speed>
        </extensions>
      </trkpt>
      <trkpt lat="43.7436441" lon="6.5654079">
        <ele>1099.9</ele>
        <time>2026-07-19T10:04:57Z</time>
        <hdop>3</hdop>
        <extensions>
          <osmand:speed>1.3</osmand:speed>
        </extensions>
      </trkpt>
      <trkpt lat="43.7436546" lon="6.5654911">
        <ele>1100</ele>
        <time>2026-07-19T10:05:03Z</time>
        <hdop>3</hdop>
        <extensions>
          <osmand:speed>0.9</osmand:speed>
        </extensions>
      </trkpt>
      <trkpt lat="43.7436634" lon="6.5655703">
        <ele>1101.4</ele>
        <time>2026-07-19T10:05:08Z</time>
        <hdop>3</hdop>
        <extensions>
          <osmand:speed>1</osmand:speed>
        </extensions>
      </trkpt>
      <trkpt lat="43.7436495" lon="6.5656458">
        <ele>1102.2</ele>
        <time>2026-07-19T10:05:13Z</time>
        <hdop>3</hdop>
        <extensions>
          <osmand:speed>1.2</osmand:speed>
        </extensions>
      </trkpt>
      <trkpt lat="43.7436238" lon="6.5656944">
        <ele>1102.4</ele>
        <time>2026-07-19T10:05:19Z</time>
        <hdop>3</hdop>
        <extensions>
          <osmand:speed>0.9</osmand:speed>
        </extensions>
      </trkpt>
      <trkpt lat="43.7436234" lon="6.5657617">
        <ele>1103.3</ele>
        <time>2026-07-19T10:05:24Z</time>
        <hdop>3</hdop>
        <extensions>
          <osmand:speed>1.1</osmand:speed>
        </extensions>
      </trkpt>
      <trkpt lat="43.7436429" lon="6.5658248">
        <ele>1102.9</ele>
        <time>2026-07-19T10:05:29Z</time>
        <hdop>3</hdop>
        <extensions>
          <osmand:speed>1.1</osmand:speed>
        </extensions>
      </trkpt>
      <trkpt lat="43.7436289" lon="6.5658959">
        <ele>1104.2</ele>
        <time>2026-07-19T10:05:35Z</time>
        <hdop>3</hdop>
        <extensions>
          <osmand:speed>1</osmand:speed>
        </extensions>
      </trkpt>
      <trkpt lat="43.743576" lon="6.5659545">
        <ele>1104.8</ele>
        <time>2026-07-19T10:05:40Z</time>
        <hdop>3</hdop>
        <extensions>
          <osmand:speed>1.1</osmand:speed>
        </extensions>
      </trkpt>
      <trkpt lat="43.743518" lon="6.5659775">
        <ele>1105.8</ele>
        <time>2026-07-19T10:05:46Z</time>
        <hdop>3.1</hdop>
        <extensions>
          <osmand:speed>1.1</osmand:speed>
        </extensions>
      </trkpt>
      <trkpt lat="43.7434634" lon="6.5659948">
        <ele>1106.9</ele>
        <time>2026-07-19T10:05:51Z</time>
        <hdop>4.1</hdop>
        <extensions>
          <osmand:speed>1.1</osmand:speed>
        </extensions>
      </trkpt>
      <trkpt lat="43.7434027" lon="6.5659749">
        <ele>1107.6</ele>
        <time>2026-07-19T10:05:56Z</time>
        <hdop>4.9</hdop>
        <extensions>
          <osmand:speed>1.1</osmand:speed>
        </extensions>
      </trkpt>
      <trkpt lat="43.7433586" lon="6.5659807">
        <ele>1108.2</ele>
        <time>2026-07-19T10:06:02Z</time>
        <hdop>5.2</hdop>
        <extensions>
          <osmand:speed>0.8</osmand:speed>
        </extensions>
      </trkpt>
      <trkpt lat="43.7433584" lon="6.5660308">
        <ele>1110</ele>
        <time>2026-07-19T10:06:07Z</time>
        <hdop>4.8</hdop>
        <extensions>
          <osmand:speed>0.8</osmand:speed>
        </extensions>
      </trkpt>
      <trkpt lat="43.7433706" lon="6.5660852">
        <ele>1110.7</ele>
        <time>2026-07-19T10:06:12Z</time>
        <hdop>4.9</hdop>
        <extensions>
          <osmand:speed>0.4</osmand:speed>
        </extensions>
      </trkpt>
      <trkpt lat="43.7433833" lon="6.5661674">
        <ele>1112</ele>
        <time>2026-07-19T10:06:17Z</time>
        <hdop>4.8</hdop>
        <extensions>
          <osmand:speed>1</osmand:speed>
        </extensions>
      </trkpt>
      <trkpt lat="43.7433869" lon="6.5662044">
        <ele>1114.2</ele>
        <time>2026-07-19T10:06:23Z</time>
        <hdop>4.5</hdop>
        <extensions>
          <osmand:speed>0.7</osmand:speed>
        </extensions>
      </trkpt>
      <trkpt lat="43.7433826" lon="6.5661833">
        <ele>1114</ele>
        <time>2026-07-19T10:06:28Z</time>
        <hdop>3</hdop>
        <extensions>
          <osmand:speed>0.2</osmand:speed>
        </extensions>
      </trkpt>
      <trkpt lat="43.743386" lon="6.5661643">
        <ele>1114.6</ele>
        <time>2026-07-19T10:06:34Z</time>
        <hdop>3</hdop>
        <extensions>
          <osmand:speed>0.1</osmand:speed>
        </extensions>
      </trkpt>
      <trkpt lat="43.7433721" lon="6.5661649">
        <ele>1114.7</ele>
        <time>2026-07-19T10:06:39Z</time>
        <hdop>3</hdop>
        <extensions>
          <osmand:speed>0.3</osmand:speed>
        </extensions>
      </trkpt>
      <trkpt lat="43.7433195" lon="6.5661618">
        <ele>1114.8</ele>
        <time>2026-07-19T10:06:45Z</time>
        <hdop>3</hdop>
        <extensions>
          <osmand:speed>0.8</osmand:speed>
        </extensions>
      </trkpt>
      <trkpt lat="43.7432645" lon="6.5661576">
        <ele>1116.4</ele>
        <time>2026-07-19T10:06:50Z</time>
        <hdop>3.1</hdop>
        <extensions>
          <osmand:speed>1.2</osmand:speed>
        </extensions>
      </trkpt>
      <trkpt lat="43.7432112" lon="6.566142">
        <ele>1116.2</ele>
        <time>2026-07-19T10:06:56Z</time>
        <hdop>3</hdop>
        <extensions>
          <osmand:speed>1.2</osmand:speed>
        </extensions>
      </trkpt>
      <trkpt lat="43.7431666" lon="6.5661132">
        <ele>1116.6</ele>
        <time>2026-07-19T10:07:01Z</time>
        <hdop>3</hdop>
        <extensions>
          <osmand:speed>0.9</osmand:speed>
        </extensions>
      </trkpt>
      <trkpt lat="43.7431185" lon="6.5661101">
        <ele>1116.8</ele>
        <time>2026-07-19T10:07:06Z</time>
        <hdop>3</hdop>
        <extensions>
          <osmand:speed>1.1</osmand:speed>
        </extensions>
      </trkpt>
      <trkpt lat="43.7431074" lon="6.5660948">
        <ele>1117.9</ele>
        <time>2026-07-19T10:07:11Z</time>
        <hdop>3</hdop>
        <extensions>
          <osmand:speed>0.2</osmand:speed>
        </extensions>
      </trkpt>
      <trkpt lat="43.7431125" lon="6.5660947">
        <ele>1117.3</ele>
        <time>2026-07-19T10:07:17Z</time>
        <hdop>3</hdop>
        <extensions>
          <osmand:speed>0.1</osmand:speed>
        </extensions>
      </trkpt>
      <trkpt lat="43.7430802" lon="6.5660714">
        <ele>1117.2</ele>
        <time>2026-07-19T10:07:22Z</time>
        <hdop>3</hdop>
        <extensions>
          <osmand:speed>0.5</osmand:speed>
        </extensions>
      </trkpt>
      <trkpt lat="43.7430379" lon="6.5660454">
        <ele>1117.3</ele>
        <time>2026-07-19T10:07:27Z</time>
        <hdop>3</hdop>
        <extensions>
          <osmand:speed>0.7</osmand:speed>
        </extensions>
      </trkpt>
      <trkpt lat="43.7430036" lon="6.566041">
        <ele>1118.6</ele>
        <time>2026-07-19T10:07:32Z</time>
        <hdop>3</hdop>
        <extensions>
          <osmand:speed>0.8</osmand:speed>
        </extensions>
      </trkpt>
      <trkpt lat="43.7429789" lon="6.5660856">
        <ele>1118.7</ele>
        <time>2026-07-19T10:07:37Z</time>
        <hdop>3</hdop>
        <extensions>
          <osmand:speed>0.9</osmand:speed>
        </extensions>
      </trkpt>
      <trkpt lat="43.7429686" lon="6.5660787">
        <ele>1119.7</ele>
        <time>2026-07-19T10:07:43Z</time>
        <hdop>3</hdop>
        <extensions>
          <osmand:speed>0.1</osmand:speed>
        </extensions>
      </trkpt>
      <trkpt lat="43.7429706" lon="6.5660847">
        <ele>1119.8</ele>
        <time>2026-07-19T10:07:49Z</time>
        <hdop>3</hdop>
        <extensions>
          <osmand:speed>0.2</osmand:speed>
        </extensions>
      </trkpt>
      <trkpt lat="43.7429209" lon="6.5660949">
        <ele>1119.7</ele>
        <time>2026-07-19T10:07:55Z</time>
        <hdop>3.3</hdop>
        <extensions>
          <osmand:speed>0.7</osmand:speed>
        </extensions>
      </trkpt>
      <trkpt lat="43.7428734" lon="6.5660738">
        <ele>1121.6</ele>
        <time>2026-07-19T10:08:00Z</time>
        <hdop>3</hdop>
        <extensions>
          <osmand:speed>0.9</osmand:speed>
        </extensions>
      </trkpt>
      <trkpt lat="43.7428206" lon="6.5660397">
        <ele>1121.6</ele>
        <time>2026-07-19T10:08:06Z</time>
        <hdop>3</hdop>
        <extensions>
          <osmand:speed>1.1</osmand:speed>
        </extensions>
      </trkpt>
      <trkpt lat="43.7427856" lon="6.5660172">
        <ele>1122</ele>
        <time>2026-07-19T10:08:11Z</time>
        <hdop>3.1</hdop>
        <extensions>
          <osmand:speed>0.6</osmand:speed>
        </extensions>
      </trkpt>
      <trkpt lat="43.7427384" lon="6.5659977">
        <ele>1122.6</ele>
        <time>2026-07-19T10:08:16Z</time>
        <hdop>3</hdop>
        <extensions>
          <osmand:speed>0.8</osmand:speed>
        </extensions>
      </trkpt>
      <trkpt lat="43.7426967" lon="6.5659945">
        <ele>1123</ele>
        <time>2026-07-19T10:08:21Z</time>
        <hdop>3</hdop>
        <extensions>
          <osmand:speed>0.9</osmand:speed>
        </extensions>
      </trkpt>
      <trkpt lat="43.7426538" lon="6.5659536">
        <ele>1123.3</ele>
        <time>2026-07-19T10:08:27Z</time>
        <hdop>3</hdop>
        <extensions>
          <osmand:speed>0.9</osmand:speed>
        </extensions>
      </trkpt>
      <trkpt lat="43.7425888" lon="6.5659274">
        <ele>1124.4</ele>
        <time>2026-07-19T10:08:32Z</time>
        <hdop>3</hdop>
        <extensions>
          <osmand:speed>1.2</osmand:speed>
        </extensions>
      </trkpt>
      <trkpt lat="43.7425142" lon="6.5659322">
        <ele>1125.7</ele>
        <time>2026-07-19T10:08:38Z</time>
        <hdop>3</hdop>
        <extensions>
          <osmand:speed>1.4</osmand:speed>
        </extensions>
      </trkpt>
      <trkpt lat="43.7424517" lon="6.5659208">
        <ele>1125.8</ele>
        <time>2026-07-19T10:08:44Z</time>
        <hdop>3</hdop>
        <extensions>
          <osmand:speed>1.2</osmand:speed>
        </extensions>
      </trkpt>
      <trkpt lat="43.7423847" lon="6.5659109">
        <ele>1126.2</ele>
        <time>2026-07-19T10:08:49Z</time>
        <hdop>3</hdop>
        <extensions>
          <osmand:speed>1.4</osmand:speed>
        </extensions>
      </trkpt>
      <trkpt lat="43.7423368" lon="6.5658749">
        <ele>1126.8</ele>
        <time>2026-07-19T10:08:54Z</time>
        <hdop>3</hdop>
        <extensions>
          <osmand:speed>1.3</osmand:speed>
        </extensions>
      </trkpt>
      <trkpt lat="43.7422789" lon="6.5658358">
        <ele>1128.1</ele>
        <time>2026-07-19T10:09:00Z</time>
        <hdop>3</hdop>
        <extensions>
          <osmand:speed>1.2</osmand:speed>
        </extensions>
      </trkpt>
      <trkpt lat="43.742245" lon="6.565803">
        <ele>1128.8</ele>
        <time>2026-07-19T10:09:05Z</time>
        <hdop>3</hdop>
        <extensions>
          <osmand:speed>1.1</osmand:speed>
        </extensions>
      </trkpt>
      <trkpt lat="43.7422092" lon="6.5657589">
        <ele>1129.1</ele>
        <time>2026-07-19T10:09:11Z</time>
        <hdop>3.1</hdop>
        <extensions>
          <osmand:speed>1.1</osmand:speed>
        </extensions>
      </trkpt>
      <trkpt lat="43.7421763" lon="6.5657101">
        <ele>1129.6</ele>
        <time>2026-07-19T10:09:16Z</time>
        <hdop>3.1</hdop>
        <extensions>
          <osmand:speed>0.9</osmand:speed>
        </extensions>
      </trkpt>
      <trkpt lat="43.742134" lon="6.5657023">
        <ele>1129.5</ele>
        <time>2026-07-19T10:09:22Z</time>
        <hdop>3.1</hdop>
        <extensions>
          <osmand:speed>0.7</osmand:speed>
        </extensions>
      </trkpt>
      <trkpt lat="43.7421067" lon="6.5656681">
        <ele>1130.5</ele>
        <time>2026-07-19T10:09:27Z</time>
        <hdop>3</hdop>
        <extensions>
          <osmand:speed>0.7</osmand:speed>
        </extensions>
      </trkpt>
      <trkpt lat="43.7420784" lon="6.5656326">
        <ele>1131.4</ele>
        <time>2026-07-19T10:09:32Z</time>
        <hdop>3</hdop>
        <extensions>
          <osmand:speed>0.9</osmand:speed>
        </extensions>
      </trkpt>
      <trkpt lat="43.742038" lon="6.5655768">
        <ele>1131.7</ele>
        <time>2026-07-19T10:09:38Z</time>
        <hdop>3</hdop>
        <extensions>
          <osmand:speed>1</osmand:speed>
        </extensions>
      </trkpt>
      <trkpt lat="43.741999" lon="6.5655359">
        <ele>1132.6</ele>
        <time>2026-07-19T10:09:43Z</time>
        <hdop>3</hdop>
        <extensions>
          <osmand:speed>1</osmand:speed>
        </extensions>
      </trkpt>
      <trkpt lat="43.7419481" lon="6.5655032">
        <ele>1133.1</ele>
        <time>2026-07-19T10:09:49Z</time>
        <hdop>3.1</hdop>
        <extensions>
          <osmand:speed>0.9</osmand:speed>
        </extensions>
      </trkpt>
      <trkpt lat="43.7418978" lon="6.565476">
        <ele>1134.4</ele>
        <time>2026-07-19T10:09:54Z</time>
        <hdop>3</hdop>
        <extensions>
          <osmand:speed>0.9</osmand:speed>
        </extensions>
      </trkpt>
      <trkpt lat="43.7418663" lon="6.5654412">
        <ele>1135</ele>
        <time>2026-07-19T10:10:00Z</time>
        <hdop>3</hdop>
        <extensions>
          <osmand:speed>0.9</osmand:speed>
        </extensions>
      </trkpt>
      <trkpt lat="43.741831" lon="6.5654016">
        <ele>1135.8</ele>
        <time>2026-07-19T10:10:05Z</time>
        <hdop>3</hdop>
        <extensions>
          <osmand:speed>0.9</osmand:speed>
        </extensions>
      </trkpt>
      <trkpt lat="43.7417838" lon="6.5653803">
        <ele>1136.2</ele>
        <time>2026-07-19T10:10:10Z</time>
        <hdop>3.1</hdop>
        <extensions>
          <osmand:speed>0.8</osmand:speed>
        </extensions>
      </trkpt>
      <trkpt lat="43.7417364" lon="6.5653406">
        <ele>1136.5</ele>
        <time>2026-07-19T10:10:16Z</time>
        <hdop>3.4</hdop>
        <extensions>
          <osmand:speed>1</osmand:speed>
        </extensions>
      </trkpt>
      <trkpt lat="43.7416923" lon="6.5653206">
        <ele>1137</ele>
        <time>2026-07-19T10:10:21Z</time>
        <hdop>3.3</hdop>
        <extensions>
          <osmand:speed>1</osmand:speed>
        </extensions>
      </trkpt>
      <trkpt lat="43.7416342" lon="6.5652895">
        <ele>1137.9</ele>
        <time>2026-07-19T10:10:26Z</time>
        <hdop>3</hdop>
        <extensions>
          <osmand:speed>1.1</osmand:speed>
        </extensions>
      </trkpt>
      <trkpt lat="43.7415887" lon="6.5652667">
        <ele>1138.2</ele>
        <time>2026-07-19T10:10:32Z</time>
        <hdop>3.1</hdop>
        <extensions>
          <osmand:speed>1.2</osmand:speed>
        </extensions>
      </trkpt>
      <trkpt lat="43.7415474" lon="6.5652384">
        <ele>1138.5</ele>
        <time>2026-07-19T10:10:37Z</time>
        <hdop>3</hdop>
        <extensions>
          <osmand:speed>1</osmand:speed>
        </extensions>
      </trkpt>
      <trkpt lat="43.7414965" lon="6.5652194">
        <ele>1139.7</ele>
        <time>2026-07-19T10:10:42Z</time>
        <hdop>3</hdop>
        <extensions>
          <osmand:speed>1</osmand:speed>
        </extensions>
      </trkpt>
      <trkpt lat="43.7414515" lon="6.5651921">
        <ele>1140.3</ele>
        <time>2026-07-19T10:10:48Z</time>
        <hdop>3.1</hdop>
        <extensions>
          <osmand:speed>1.1</osmand:speed>
        </extensions>
      </trkpt>
      <trkpt lat="43.7414093" lon="6.5651561">
        <ele>1141.2</ele>
        <time>2026-07-19T10:10:53Z</time>
        <hdop>3.3</hdop>
        <extensions>
          <osmand:speed>1.1</osmand:speed>
        </extensions>
      </trkpt>
      <trkpt lat="43.741355" lon="6.5651463">
        <ele>1142.3</ele>
        <time>2026-07-19T10:10:58Z</time>
        <hdop>3.9</hdop>
        <extensions>
          <osmand:speed>1.1</osmand:speed>
        </extensions>
      </trkpt>
      <trkpt lat="43.7413054" lon="6.5651369">
        <ele>1144</ele>
        <time>2026-07-19T10:11:03Z</time>
        <hdop>3.5</hdop>
        <extensions>
          <osmand:speed>1.1</osmand:speed>
        </extensions>
      </trkpt>
      <trkpt lat="43.7412568" lon="6.5651368">
        <ele>1144.4</ele>
        <time>2026-07-19T10:11:09Z</time>
        <hdop>3</hdop>
        <extensions>
          <osmand:speed>0.9</osmand:speed>
        </extensions>
      </trkpt>
      <trkpt lat="43.7412175" lon="6.5651497">
        <ele>1145.1</ele>
        <time>2026-07-19T10:11:14Z</time>
        <hdop>3.1</hdop>
        <extensions>
          <osmand:speed>0.7</osmand:speed>
        </extensions>
      </trkpt>
      <trkpt lat="43.7411724" lon="6.5651774">
        <ele>1146.8</ele>
        <time>2026-07-19T10:11:19Z</time>
        <hdop>3</hdop>
        <extensions>
          <osmand:speed>0.9</osmand:speed>
        </extensions>
      </trkpt>
      <trkpt lat="43.7411245" lon="6.5652028">
        <ele>1147.5</ele>
        <time>2026-07-19T10:11:25Z</time>
        <hdop>3</hdop>
        <extensions>
          <osmand:speed>0.9</osmand:speed>
        </extensions>
      </trkpt>
      <trkpt lat="43.7410743" lon="6.5652125">
        <ele>1148.3</ele>
        <time>2026-07-19T10:11:30Z</time>
        <hdop>3</hdop>
        <extensions>
          <osmand:speed>1</osmand:speed>
        </extensions>
      </trkpt>
      <trkpt lat="43.7410306" lon="6.5652214">
        <ele>1149.1</ele>
        <time>2026-07-19T10:11:35Z</time>
        <hdop>3</hdop>
        <extensions>
          <osmand:speed>0.9</osmand:speed>
        </extensions>
      </trkpt>
      <trkpt lat="43.7409854" lon="6.5652332">
        <ele>1149.8</ele>
        <time>2026-07-19T10:11:41Z</time>
        <hdop>3.1</hdop>
        <extensions>
          <osmand:speed>1</osmand:speed>
        </extensions>
      </trkpt>
      <trkpt lat="43.7409417" lon="6.5652218">
        <ele>1150.6</ele>
        <time>2026-07-19T10:11:46Z</time>
        <hdop>3</hdop>
        <extensions>
          <osmand:speed>1</osmand:speed>
        </extensions>
      </trkpt>
      <trkpt lat="43.7408985" lon="6.5652323">
        <ele>1152.1</ele>
        <time>2026-07-19T10:11:51Z</time>
        <hdop>3</hdop>
        <extensions>
          <osmand:speed>1.1</osmand:speed>
        </extensions>
      </trkpt>
      <trkpt lat="43.7408597" lon="6.5652336">
        <ele>1153.4</ele>
        <time>2026-07-19T10:11:56Z</time>
        <hdop>3</hdop>
        <extensions>
          <osmand:speed>0.8</osmand:speed>
        </extensions>
      </trkpt>
      <trkpt lat="43.7408665" lon="6.5652372">
        <ele>1154.1</ele>
        <time>2026-07-19T10:12:02Z</time>
        <hdop>3</hdop>
        <extensions>
          <osmand:speed>0.1</osmand:speed>
        </extensions>
      </trkpt>
      <trkpt lat="43.7408663" lon="6.5652379">
        <ele>1154.2</ele>
        <time>2026-07-19T10:12:08Z</time>
        <hdop>3</hdop>
        <extensions>
          <osmand:speed>0.1</osmand:speed>
        </extensions>
      </trkpt>
      <trkpt lat="43.7408663" lon="6.5652373">
        <ele>1153.7</ele>
        <time>2026-07-19T10:12:15Z</time>
        <hdop>3</hdop>
        <extensions>
          <osmand:speed>0.1</osmand:speed>
        </extensions>
      </trkpt>
      <trkpt lat="43.7408598" lon="6.5652342">
        <ele>1154</ele>
        <time>2026-07-19T10:12:20Z</time>
        <hdop>3</hdop>
        <extensions>
          <osmand:speed>0.6</osmand:speed>
        </extensions>
      </trkpt>
      <trkpt lat="43.7408098" lon="6.5652812">
        <ele>1154.5</ele>
        <time>2026-07-19T10:12:26Z</time>
        <hdop>3.2</hdop>
        <extensions>
          <osmand:speed>1</osmand:speed>
        </extensions>
      </trkpt>
      <trkpt lat="43.7407526" lon="6.5652994">
        <ele>1155.4</ele>
        <time>2026-07-19T10:12:31Z</time>
        <hdop>3.1</hdop>
        <extensions>
          <osmand:speed>1.1</osmand:speed>
        </extensions>
      </trkpt>
      <trkpt lat="43.7407088" lon="6.5652844">
        <ele>1155.8</ele>
        <time>2026-07-19T10:12:37Z</time>
        <hdop>3</hdop>
        <extensions>
          <osmand:speed>1.1</osmand:speed>
        </extensions>
      </trkpt>
      <trkpt lat="43.740678" lon="6.56524">
        <ele>1156.9</ele>
        <time>2026-07-19T10:12:42Z</time>
        <hdop>3</hdop>
        <extensions>
          <osmand:speed>0.8</osmand:speed>
        </extensions>
      </trkpt>
      <trkpt lat="43.7406558" lon="6.5651953">
        <ele>1157.5</ele>
        <time>2026-07-19T10:12:47Z</time>
        <hdop>3</hdop>
        <extensions>
          <osmand:speed>0.7</osmand:speed>
        </extensions>
      </trkpt>
      <trkpt lat="43.7406559" lon="6.5650989">
        <ele>1158.1</ele>
        <time>2026-07-19T10:12:53Z</time>
        <hdop>3</hdop>
        <extensions>
          <osmand:speed>0.9</osmand:speed>
        </extensions>
      </trkpt>
      <trkpt lat="43.7406487" lon="6.5650082">
        <ele>1158.8</ele>
        <time>2026-07-19T10:12:58Z</time>
        <hdop>3</hdop>
        <extensions>
          <osmand:speed>1</osmand:speed>
        </extensions>
      </trkpt>
      <trkpt lat="43.7406297" lon="6.5649386">
        <ele>1159.3</ele>
        <time>2026-07-19T10:13:03Z</time>
        <hdop>3</hdop>
        <extensions>
          <osmand:speed>0.8</osmand:speed>
        </extensions>
      </trkpt>
      <trkpt lat="43.7406041" lon="6.5648754">
        <ele>1160.6</ele>
        <time>2026-07-19T10:13:09Z</time>
        <hdop>3</hdop>
        <extensions>
          <osmand:speed>1</osmand:speed>
        </extensions>
      </trkpt>
      <trkpt lat="43.7405699" lon="6.5647954">
        <ele>1161.4</ele>
        <time>2026-07-19T10:13:15Z</time>
        <hdop>3</hdop>
        <extensions>
          <osmand:speed>0.9</osmand:speed>
        </extensions>
      </trkpt>
      <trkpt lat="43.7405275" lon="6.564744">
        <ele>1161.8</ele>
        <time>2026-07-19T10:13:20Z</time>
        <hdop>3</hdop>
        <extensions>
          <osmand:speed>0.9</osmand:speed>
        </extensions>
      </trkpt>
      <trkpt lat="43.7405002" lon="6.5646522">
        <ele>1162.8</ele>
        <time>2026-07-19T10:13:25Z</time>
        <hdop>3</hdop>
        <extensions>
          <osmand:speed>1.2</osmand:speed>
        </extensions>
      </trkpt>
      <trkpt lat="43.7404973" lon="6.5645716">
        <ele>1162.7</ele>
        <time>2026-07-19T10:13:31Z</time>
        <hdop>3</hdop>
        <extensions>
          <osmand:speed>0.7</osmand:speed>
        </extensions>
      </trkpt>
      <trkpt lat="43.7404818" lon="6.5644947">
        <ele>1163.8</ele>
        <time>2026-07-19T10:13:36Z</time>
        <hdop>3.2</hdop>
        <extensions>
          <osmand:speed>1.1</osmand:speed>
        </extensions>
      </trkpt>
      <trkpt lat="43.740488" lon="6.5644366">
        <ele>1164.3</ele>
        <time>2026-07-19T10:13:42Z</time>
        <hdop>3.1</hdop>
        <extensions>
          <osmand:speed>1</osmand:speed>
        </extensions>
      </trkpt>
      <trkpt lat="43.7404875" lon="6.5643951">
        <ele>1165.7</ele>
        <time>2026-07-19T10:13:47Z</time>
        <hdop>3</hdop>
        <extensions>
          <osmand:speed>0.5</osmand:speed>
        </extensions>
      </trkpt>
      <trkpt lat="43.7404763" lon="6.5643124">
        <ele>1166.1</ele>
        <time>2026-07-19T10:13:52Z</time>
        <hdop>3</hdop>
        <extensions>
          <osmand:speed>1.2</osmand:speed>
        </extensions>
      </trkpt>
      <trkpt lat="43.7404365" lon="6.5642474">
        <ele>1166.9</ele>
        <time>2026-07-19T10:13:57Z</time>
        <hdop>3.1</hdop>
        <extensions>
          <osmand:speed>1.3</osmand:speed>
        </extensions>
      </trkpt>
      <trkpt lat="43.7404192" lon="6.5641539">
        <ele>1167.4</ele>
        <time>2026-07-19T10:14:03Z</time>
        <hdop>3</hdop>
        <extensions>
          <osmand:speed>1.2</osmand:speed>
        </extensions>
      </trkpt>
      <trkpt lat="43.7403956" lon="6.5640985">
        <ele>1168.2</ele>
        <time>2026-07-19T10:14:09Z</time>
        <hdop>3.1</hdop>
        <extensions>
          <osmand:speed>0.9</osmand:speed>
        </extensions>
      </trkpt>
      <trkpt lat="43.7403447" lon="6.5640871">
        <ele>1170.4</ele>
        <time>2026-07-19T10:14:14Z</time>
        <hdop>3</hdop>
        <extensions>
          <osmand:speed>0.8</osmand:speed>
        </extensions>
      </trkpt>
      <trkpt lat="43.7402928" lon="6.5640679">
        <ele>1171.2</ele>
        <time>2026-07-19T10:14:20Z</time>
        <hdop>3</hdop>
        <extensions>
          <osmand:speed>1.1</osmand:speed>
        </extensions>
      </trkpt>
      <trkpt lat="43.7402506" lon="6.5640239">
        <ele>1171.4</ele>
        <time>2026-07-19T10:14:25Z</time>
        <hdop>3</hdop>
        <extensions>
          <osmand:speed>0.9</osmand:speed>
        </extensions>
      </trkpt>
      <trkpt lat="43.7402462" lon="6.5639577">
        <ele>1171.7</ele>
        <time>2026-07-19T10:14:30Z</time>
        <hdop>3</hdop>
        <extensions>
          <osmand:speed>0.9</osmand:speed>
        </extensions>
      </trkpt>
      <trkpt lat="43.740234" lon="6.563886">
        <ele>1172.7</ele>
        <time>2026-07-19T10:14:35Z</time>
        <hdop>3.2</hdop>
        <extensions>
          <osmand:speed>1.2</osmand:speed>
        </extensions>
      </trkpt>
      <trkpt lat="43.7402085" lon="6.5638006">
        <ele>1173.5</ele>
        <time>2026-07-19T10:14:41Z</time>
        <hdop>3</hdop>
        <extensions>
          <osmand:speed>1.1</osmand:speed>
        </extensions>
      </trkpt>
      <trkpt lat="43.7401822" lon="6.5637281">
        <ele>1174.8</ele>
        <time>2026-07-19T10:14:46Z</time>
        <hdop>3</hdop>
        <extensions>
          <osmand:speed>1.1</osmand:speed>
        </extensions>
      </trkpt>
      <trkpt lat="43.7401335" lon="6.5636908">
        <ele>1174.7</ele>
        <time>2026-07-19T10:14:52Z</time>
        <hdop>3.1</hdop>
        <extensions>
          <osmand:speed>1.4</osmand:speed>
        </extensions>
      </trkpt>
      <trkpt lat="43.740099" lon="6.5636564">
        <ele>1176</ele>
        <time>2026-07-19T10:14:57Z</time>
        <hdop>3.2</hdop>
        <extensions>
          <osmand:speed>1</osmand:speed>
        </extensions>
      </trkpt>
      <trkpt lat="43.7400753" lon="6.5636358">
        <ele>1177</ele>
        <time>2026-07-19T10:15:02Z</time>
        <hdop>3.1</hdop>
        <extensions>
          <osmand:speed>0.9</osmand:speed>
        </extensions>
      </trkpt>
      <trkpt lat="43.7400409" lon="6.5636348">
        <ele>1177.9</ele>
        <time>2026-07-19T10:15:07Z</time>
        <hdop>3</hdop>
        <extensions>
          <osmand:speed>1.1</osmand:speed>
        </extensions>
      </trkpt>
      <trkpt lat="43.7400117" lon="6.5635975">
        <ele>1179.1</ele>
        <time>2026-07-19T10:15:12Z</time>
        <hdop>3</hdop>
        <extensions>
          <osmand:speed>1.1</osmand:speed>
        </extensions>
      </trkpt>
      <trkpt lat="43.7399989" lon="6.5635202">
        <ele>1179.3</ele>
        <time>2026-07-19T10:15:18Z</time>
        <hdop>3</hdop>
        <extensions>
          <osmand:speed>1.1</osmand:speed>
        </extensions>
      </trkpt>
      <trkpt lat="43.7399782" lon="6.5634471">
        <ele>1180.3</ele>
        <time>2026-07-19T10:15:23Z</time>
        <hdop>3.1</hdop>
        <extensions>
          <osmand:speed>1</osmand:speed>
        </extensions>
      </trkpt>
      <trkpt lat="43.7399659" lon="6.5633727">
        <ele>1181</ele>
        <time>2026-07-19T10:15:29Z</time>
        <hdop>3.1</hdop>
        <extensions>
          <osmand:speed>1.2</osmand:speed>
        </extensions>
      </trkpt>
      <trkpt lat="43.7399646" lon="6.563296">
        <ele>1182.2</ele>
        <time>2026-07-19T10:15:34Z</time>
        <hdop>3</hdop>
        <extensions>
          <osmand:speed>1.2</osmand:speed>
        </extensions>
      </trkpt>
      <trkpt lat="43.7399604" lon="6.5632865">
        <ele>1182.7</ele>
        <time>2026-07-19T10:15:39Z</time>
        <hdop>3</hdop>
        <extensions>
          <osmand:speed>0.4</osmand:speed>
        </extensions>
      </trkpt>
      <trkpt lat="43.7399687" lon="6.5632952">
        <ele>1182.6</ele>
        <time>2026-07-19T10:15:45Z</time>
        <hdop>3</hdop>
        <extensions>
          <osmand:speed>0.1</osmand:speed>
        </extensions>
      </trkpt>
      <trkpt lat="43.73997" lon="6.5632994">
        <ele>1182.5</ele>
        <time>2026-07-19T10:15:51Z</time>
        <hdop>3</hdop>
        <extensions>
          <osmand:speed>0.1</osmand:speed>
        </extensions>
      </trkpt>
      <trkpt lat="43.7399724" lon="6.5633023">
        <ele>1182.5</ele>
        <time>2026-07-19T10:15:57Z</time>
        <hdop>3</hdop>
        <extensions>
          <osmand:speed>0.1</osmand:speed>
        </extensions>
      </trkpt>
      <trkpt lat="43.7399741" lon="6.5633015">
        <ele>1182.8</ele>
        <time>2026-07-19T10:16:03Z</time>
        <hdop>3</hdop>
        <extensions>
          <osmand:speed>0</osmand:speed>
        </extensions>
      </trkpt>
      <trkpt lat="43.7399736" lon="6.5633047">
        <ele>1183</ele>
        <time>2026-07-19T10:16:08Z</time>
        <hdop>3</hdop>
        <extensions>
          <osmand:speed>0.1</osmand:speed>
        </extensions>
      </trkpt>
    </trkseg>
    <trkseg>
      <trkpt lat="43.7399533" lon="6.5634353">
        <ele>1179.3</ele>
        <time>2026-07-19T12:14:54Z</time>
        <hdop>7.1</hdop>
        <extensions>
          <osmand:speed>1</osmand:speed>
        </extensions>
      </trkpt>
      <trkpt lat="43.7399353" lon="6.5634268">
        <ele>1179.9</ele>
        <time>2026-07-19T12:14:59Z</time>
        <hdop>4.2</hdop>
        <extensions>
          <osmand:speed>1</osmand:speed>
        </extensions>
      </trkpt>
      <trkpt lat="43.7398673" lon="6.5634044">
        <ele>1179.7</ele>
        <time>2026-07-19T12:15:04Z</time>
        <hdop>3.7</hdop>
        <extensions>
          <osmand:speed>0.9</osmand:speed>
        </extensions>
      </trkpt>
      <trkpt lat="43.7398339" lon="6.5633585">
        <ele>1179.6</ele>
        <time>2026-07-19T12:15:10Z</time>
        <hdop>3.1</hdop>
        <extensions>
          <osmand:speed>1</osmand:speed>
        </extensions>
      </trkpt>
      <trkpt lat="43.739795" lon="6.5633205">
        <ele>1179</ele>
        <time>2026-07-19T12:15:15Z</time>
        <hdop>3.2</hdop>
        <extensions>
          <osmand:speed>1</osmand:speed>
        </extensions>
      </trkpt>
      <trkpt lat="43.739758" lon="6.5632853">
        <ele>1178.5</ele>
        <time>2026-07-19T12:15:20Z</time>
        <hdop>3.1</hdop>
        <extensions>
          <osmand:speed>1</osmand:speed>
        </extensions>
      </trkpt>
      <trkpt lat="43.7397218" lon="6.5632474">
        <ele>1178.2</ele>
        <time>2026-07-19T12:15:25Z</time>
        <hdop>3</hdop>
        <extensions>
          <osmand:speed>1</osmand:speed>
        </extensions>
      </trkpt>
      <trkpt lat="43.7396977" lon="6.563194">
        <ele>1178</ele>
        <time>2026-07-19T12:15:30Z</time>
        <hdop>3</hdop>
        <extensions>
          <osmand:speed>0.8</osmand:speed>
        </extensions>
      </trkpt>
      <trkpt lat="43.7396721" lon="6.5631425">
        <ele>1177.6</ele>
        <time>2026-07-19T12:15:36Z</time>
        <hdop>3</hdop>
        <extensions>
          <osmand:speed>0.6</osmand:speed>
        </extensions>
      </trkpt>
      <trkpt lat="43.7396371" lon="6.5630963">
        <ele>1177.1</ele>
        <time>2026-07-19T12:15:41Z</time>
        <hdop>3</hdop>
        <extensions>
          <osmand:speed>0.9</osmand:speed>
        </extensions>
      </trkpt>
      <trkpt lat="43.7396219" lon="6.5630472">
        <ele>1176.7</ele>
        <time>2026-07-19T12:15:46Z</time>
        <hdop>3</hdop>
        <extensions>
          <osmand:speed>0.7</osmand:speed>
        </extensions>
      </trkpt>
      <trkpt lat="43.739582" lon="6.5630289">
        <ele>1176.2</ele>
        <time>2026-07-19T12:15:51Z</time>
        <hdop>3.1</hdop>
        <extensions>
          <osmand:speed>0.6</osmand:speed>
        </extensions>
      </trkpt>
      <trkpt lat="43.7395471" lon="6.5630113">
        <ele>1175.7</ele>
        <time>2026-07-19T12:15:57Z</time>
        <hdop>3</hdop>
        <extensions>
          <osmand:speed>0.4</osmand:speed>
        </extensions>
      </trkpt>
      <trkpt lat="43.739553" lon="6.5630169">
        <ele>1175.5</ele>
        <time>2026-07-19T12:16:02Z</time>
        <hdop>3</hdop>
        <extensions>
          <osmand:speed>0.1</osmand:speed>
        </extensions>
      </trkpt>
      <trkpt lat="43.7395552" lon="6.5630199">
        <ele>1175.5</ele>
        <time>2026-07-19T12:16:08Z</time>
        <hdop>3</hdop>
        <extensions>
          <osmand:speed>0.1</osmand:speed>
        </extensions>
      </trkpt>
      <trkpt lat="43.7395567" lon="6.5630194">
        <ele>1175.7</ele>
        <time>2026-07-19T12:16:14Z</time>
        <hdop>3</hdop>
        <extensions>
          <osmand:speed>0.1</osmand:speed>
        </extensions>
      </trkpt>
      <trkpt lat="43.7395558" lon="6.5630222">
        <ele>1175.8</ele>
        <time>2026-07-19T12:16:19Z</time>
        <hdop>3</hdop>
        <extensions>
          <osmand:speed>0</osmand:speed>
        </extensions>
      </trkpt>
      <trkpt lat="43.7395554" lon="6.5630237">
        <ele>1176</ele>
        <time>2026-07-19T12:16:25Z</time>
        <hdop>3</hdop>
        <extensions>
          <osmand:speed>0.1</osmand:speed>
        </extensions>
      </trkpt>
      <trkpt lat="43.7395562" lon="6.5630247">
        <ele>1176.5</ele>
        <time>2026-07-19T12:16:31Z</time>
        <hdop>3</hdop>
        <extensions>
          <osmand:speed>0.1</osmand:speed>
        </extensions>
      </trkpt>
      <trkpt lat="43.7395565" lon="6.5630261">
        <ele>1176.7</ele>
        <time>2026-07-19T12:16:37Z</time>
        <hdop>3</hdop>
        <extensions>
          <osmand:speed>0.1</osmand:speed>
        </extensions>
      </trkpt>
      <trkpt lat="43.739557" lon="6.5630269">
        <ele>1176.9</ele>
        <time>2026-07-19T12:16:43Z</time>
        <hdop>3</hdop>
        <extensions>
          <osmand:speed>0.1</osmand:speed>
        </extensions>
      </trkpt>
      <trkpt lat="43.7395578" lon="6.5630258">
        <ele>1178.1</ele>
        <time>2026-07-19T12:16:48Z</time>
        <hdop>3</hdop>
        <extensions>
          <osmand:speed>0.1</osmand:speed>
        </extensions>
      </trkpt>
      <trkpt lat="43.7395584" lon="6.5630255">
        <ele>1178.1</ele>
        <time>2026-07-19T12:16:53Z</time>
        <hdop>3</hdop>
        <extensions>
          <osmand:speed>0.1</osmand:speed>
        </extensions>
      </trkpt>
      <trkpt lat="43.7395594" lon="6.5630265">
        <ele>1177.9</ele>
        <time>2026-07-19T12:16:59Z</time>
        <hdop>3.3</hdop>
        <extensions>
          <osmand:speed>0.1</osmand:speed>
        </extensions>
      </trkpt>
      <trkpt lat="43.73956" lon="6.5630271">
        <ele>1178</ele>
        <time>2026-07-19T12:17:05Z</time>
        <hdop>3.7</hdop>
        <extensions>
          <osmand:speed>0.1</osmand:speed>
        </extensions>
      </trkpt>
      <trkpt lat="43.7395607" lon="6.5630266">
        <ele>1178.1</ele>
        <time>2026-07-19T12:17:10Z</time>
        <hdop>4.1</hdop>
        <extensions>
          <osmand:speed>0.2</osmand:speed>
        </extensions>
      </trkpt>
      <trkpt lat="43.7395612" lon="6.5630305">
        <ele>1178.2</ele>
        <time>2026-07-19T12:17:16Z</time>
        <hdop>4.7</hdop>
        <extensions>
          <osmand:speed>0.1</osmand:speed>
        </extensions>
      </trkpt>
      <trkpt lat="43.7395614" lon="6.5630323">
        <ele>1178.2</ele>
        <time>2026-07-19T12:17:22Z</time>
        <hdop>4.7</hdop>
        <extensions>
          <osmand:speed>0.1</osmand:speed>
        </extensions>
      </trkpt>
      <trkpt lat="43.7395618" lon="6.5630339">
        <ele>1178.2</ele>
        <time>2026-07-19T12:17:27Z</time>
        <hdop>4.6</hdop>
        <extensions>
          <osmand:speed>0.1</osmand:speed>
        </extensions>
      </trkpt>
      <trkpt lat="43.7395621" lon="6.5630353">
        <ele>1178.1</ele>
        <time>2026-07-19T12:17:33Z</time>
        <hdop>4.6</hdop>
        <extensions>
          <osmand:speed>0.1</osmand:speed>
        </extensions>
      </trkpt>
      <trkpt lat="43.7395632" lon="6.5630369">
        <ele>1178.2</ele>
        <time>2026-07-19T12:17:39Z</time>
        <hdop>4.7</hdop>
        <extensions>
          <osmand:speed>0.1</osmand:speed>
        </extensions>
      </trkpt>
      <trkpt lat="43.7395637" lon="6.5630383">
        <ele>1178.3</ele>
        <time>2026-07-19T12:17:44Z</time>
        <hdop>4.8</hdop>
        <extensions>
          <osmand:speed>0.1</osmand:speed>
        </extensions>
      </trkpt>
      <trkpt lat="43.7395637" lon="6.5630394">
        <ele>1178.3</ele>
        <time>2026-07-19T12:17:50Z</time>
        <hdop>4.7</hdop>
        <extensions>
          <osmand:speed>0.2</osmand:speed>
        </extensions>
      </trkpt>
      <trkpt lat="43.7395555" lon="6.5630385">
        <ele>1178.1</ele>
        <time>2026-07-19T12:17:56Z</time>
        <hdop>5.5</hdop>
        <extensions>
          <osmand:speed>0.5</osmand:speed>
        </extensions>
      </trkpt>
      <trkpt lat="43.7394865" lon="6.5629922">
        <ele>1177.5</ele>
        <time>2026-07-19T12:18:01Z</time>
        <hdop>6.7</hdop>
        <extensions>
          <osmand:speed>1.1</osmand:speed>
        </extensions>
      </trkpt>
      <trkpt lat="43.7394279" lon="6.5629222">
        <ele>1177.1</ele>
        <time>2026-07-19T12:18:06Z</time>
        <hdop>6.7</hdop>
        <extensions>
          <osmand:speed>1.2</osmand:speed>
        </extensions>
      </trkpt>
      <trkpt lat="43.7393686" lon="6.5628824">
        <ele>1176.9</ele>
        <time>2026-07-19T12:18:12Z</time>
        <hdop>5.4</hdop>
        <extensions>
          <osmand:speed>1.3</osmand:speed>
        </extensions>
      </trkpt>
      <trkpt lat="43.7392992" lon="6.5628628">
        <ele>1176.5</ele>
        <time>2026-07-19T12:18:17Z</time>
        <hdop>5.4</hdop>
        <extensions>
          <osmand:speed>1.4</osmand:speed>
        </extensions>
      </trkpt>
      <trkpt lat="43.7392524" lon="6.5628587">
        <ele>1175.8</ele>
        <time>2026-07-19T12:18:22Z</time>
        <hdop>4.4</hdop>
        <extensions>
          <osmand:speed>1</osmand:speed>
        </extensions>
      </trkpt>
      <trkpt lat="43.7392103" lon="6.5628302">
        <ele>1175.5</ele>
        <time>2026-07-19T12:18:28Z</time>
        <hdop>3</hdop>
        <extensions>
          <osmand:speed>1.2</osmand:speed>
        </extensions>
      </trkpt>
      <trkpt lat="43.739154" lon="6.5627929">
        <ele>1174.4</ele>
        <time>2026-07-19T12:18:33Z</time>
        <hdop>3.2</hdop>
        <extensions>
          <osmand:speed>1.1</osmand:speed>
        </extensions>
      </trkpt>
      <trkpt lat="43.7391063" lon="6.5627681">
        <ele>1173.6</ele>
        <time>2026-07-19T12:18:38Z</time>
        <hdop>3</hdop>
        <extensions>
          <osmand:speed>1.1</osmand:speed>
        </extensions>
      </trkpt>
      <trkpt lat="43.7390443" lon="6.5627638">
        <ele>1173.1</ele>
        <time>2026-07-19T12:18:43Z</time>
        <hdop>3</hdop>
        <extensions>
          <osmand:speed>1.1</osmand:speed>
        </extensions>
      </trkpt>
      <trkpt lat="43.7389806" lon="6.5627267">
        <ele>1172.4</ele>
        <time>2026-07-19T12:18:49Z</time>
        <hdop>3</hdop>
        <extensions>
          <osmand:speed>1.2</osmand:speed>
        </extensions>
      </trkpt>
      <trkpt lat="43.7389295" lon="6.5626914">
        <ele>1171.7</ele>
        <time>2026-07-19T12:18:54Z</time>
        <hdop>3</hdop>
        <extensions>
          <osmand:speed>1</osmand:speed>
        </extensions>
      </trkpt>
      <trkpt lat="43.7388957" lon="6.562659">
        <ele>1171.3</ele>
        <time>2026-07-19T12:19:00Z</time>
        <hdop>3</hdop>
        <extensions>
          <osmand:speed>0.9</osmand:speed>
        </extensions>
      </trkpt>
      <trkpt lat="43.7388374" lon="6.5626405">
        <ele>1170.8</ele>
        <time>2026-07-19T12:19:05Z</time>
        <hdop>3</hdop>
        <extensions>
          <osmand:speed>1</osmand:speed>
        </extensions>
      </trkpt>
      <trkpt lat="43.7387805" lon="6.5626401">
        <ele>1169.8</ele>
        <time>2026-07-19T12:19:10Z</time>
        <hdop>3</hdop>
        <extensions>
          <osmand:speed>1.2</osmand:speed>
        </extensions>
      </trkpt>
      <trkpt lat="43.738728" lon="6.5626592">
        <ele>1169.4</ele>
        <time>2026-07-19T12:19:16Z</time>
        <hdop>3</hdop>
        <extensions>
          <osmand:speed>1</osmand:speed>
        </extensions>
      </trkpt>
      <trkpt lat="43.7386715" lon="6.5626476">
        <ele>1167.7</ele>
        <time>2026-07-19T12:19:21Z</time>
        <hdop>3</hdop>
        <extensions>
          <osmand:speed>1.2</osmand:speed>
        </extensions>
      </trkpt>
      <trkpt lat="43.7386126" lon="6.5626144">
        <ele>1166.8</ele>
        <time>2026-07-19T12:19:27Z</time>
        <hdop>3</hdop>
        <extensions>
          <osmand:speed>1.2</osmand:speed>
        </extensions>
      </trkpt>
      <trkpt lat="43.7385627" lon="6.5626035">
        <ele>1166.5</ele>
        <time>2026-07-19T12:19:32Z</time>
        <hdop>3</hdop>
        <extensions>
          <osmand:speed>1.1</osmand:speed>
        </extensions>
      </trkpt>
      <trkpt lat="43.7385196" lon="6.5625611">
        <ele>1165.7</ele>
        <time>2026-07-19T12:19:37Z</time>
        <hdop>3.1</hdop>
        <extensions>
          <osmand:speed>1.2</osmand:speed>
        </extensions>
      </trkpt>
      <trkpt lat="43.7384985" lon="6.5624947">
        <ele>1165</ele>
        <time>2026-07-19T12:19:42Z</time>
        <hdop>3</hdop>
        <extensions>
          <osmand:speed>1.2</osmand:speed>
        </extensions>
      </trkpt>
      <trkpt lat="43.738448" lon="6.5624354">
        <ele>1164.4</ele>
        <time>2026-07-19T12:19:48Z</time>
        <hdop>3.4</hdop>
        <extensions>
          <osmand:speed>1.3</osmand:speed>
        </extensions>
      </trkpt>
      <trkpt lat="43.7383873" lon="6.5624305">
        <ele>1163.8</ele>
        <time>2026-07-19T12:19:53Z</time>
        <hdop>4.4</hdop>
        <extensions>
          <osmand:speed>1.2</osmand:speed>
        </extensions>
      </trkpt>
      <trkpt lat="43.7383319" lon="6.5624525">
        <ele>1163.8</ele>
        <time>2026-07-19T12:19:58Z</time>
        <hdop>3.2</hdop>
        <extensions>
          <osmand:speed>1.1</osmand:speed>
        </extensions>
      </trkpt>
      <trkpt lat="43.7383033" lon="6.5625164">
        <ele>1163.8</ele>
        <time>2026-07-19T12:20:04Z</time>
        <hdop>3.1</hdop>
        <extensions>
          <osmand:speed>1</osmand:speed>
        </extensions>
      </trkpt>
      <trkpt lat="43.7382914" lon="6.5625367">
        <ele>1163.5</ele>
        <time>2026-07-19T12:20:10Z</time>
        <hdop>3</hdop>
        <extensions>
          <osmand:speed>0.4</osmand:speed>
        </extensions>
      </trkpt>
      <trkpt lat="43.7382629" lon="6.5625398">
        <ele>1162.9</ele>
        <time>2026-07-19T12:20:15Z</time>
        <hdop>3</hdop>
        <extensions>
          <osmand:speed>0.7</osmand:speed>
        </extensions>
      </trkpt>
      <trkpt lat="43.7382139" lon="6.5625545">
        <ele>1161.9</ele>
        <time>2026-07-19T12:20:20Z</time>
        <hdop>3.1</hdop>
        <extensions>
          <osmand:speed>1</osmand:speed>
        </extensions>
      </trkpt>
      <trkpt lat="43.7381671" lon="6.5625812">
        <ele>1161.5</ele>
        <time>2026-07-19T12:20:25Z</time>
        <hdop>3.5</hdop>
        <extensions>
          <osmand:speed>1.2</osmand:speed>
        </extensions>
      </trkpt>
      <trkpt lat="43.7381265" lon="6.5626398">
        <ele>1160.7</ele>
        <time>2026-07-19T12:20:30Z</time>
        <hdop>4.2</hdop>
        <extensions>
          <osmand:speed>1.3</osmand:speed>
        </extensions>
      </trkpt>
      <trkpt lat="43.7380935" lon="6.5627012">
        <ele>1160</ele>
        <time>2026-07-19T12:20:36Z</time>
        <hdop>4.1</hdop>
        <extensions>
          <osmand:speed>1.2</osmand:speed>
        </extensions>
      </trkpt>
      <trkpt lat="43.7380589" lon="6.5627356">
        <ele>1159.2</ele>
        <time>2026-07-19T12:20:41Z</time>
        <hdop>3.1</hdop>
        <extensions>
          <osmand:speed>1</osmand:speed>
        </extensions>
      </trkpt>
      <trkpt lat="43.7380367" lon="6.5627494">
        <ele>1158.6</ele>
        <time>2026-07-19T12:20:46Z</time>
        <hdop>3</hdop>
        <extensions>
          <osmand:speed>0.8</osmand:speed>
        </extensions>
      </trkpt>
      <trkpt lat="43.7380293" lon="6.5627717">
        <ele>1158.3</ele>
        <time>2026-07-19T12:20:51Z</time>
        <hdop>3</hdop>
        <extensions>
          <osmand:speed>0.4</osmand:speed>
        </extensions>
      </trkpt>
      <trkpt lat="43.7380454" lon="6.5627733">
        <ele>1157.8</ele>
        <time>2026-07-19T12:20:57Z</time>
        <hdop>3</hdop>
        <extensions>
          <osmand:speed>0.1</osmand:speed>
        </extensions>
      </trkpt>
      <trkpt lat="43.738033" lon="6.5627591">
        <ele>1157.8</ele>
        <time>2026-07-19T12:21:03Z</time>
        <hdop>3</hdop>
        <extensions>
          <osmand:speed>0.9</osmand:speed>
        </extensions>
      </trkpt>
      <trkpt lat="43.7380126" lon="6.5627746">
        <ele>1156.9</ele>
        <time>2026-07-19T12:21:08Z</time>
        <hdop>3</hdop>
        <extensions>
          <osmand:speed>0.3</osmand:speed>
        </extensions>
      </trkpt>
      <trkpt lat="43.7380088" lon="6.5628097">
        <ele>1156.2</ele>
        <time>2026-07-19T12:21:13Z</time>
        <hdop>3</hdop>
        <extensions>
          <osmand:speed>0.1</osmand:speed>
        </extensions>
      </trkpt>
      <trkpt lat="43.7380053" lon="6.5628238">
        <ele>1155.8</ele>
        <time>2026-07-19T12:21:18Z</time>
        <hdop>3</hdop>
        <extensions>
          <osmand:speed>0.1</osmand:speed>
        </extensions>
      </trkpt>
      <trkpt lat="43.7379802" lon="6.5628171">
        <ele>1155.6</ele>
        <time>2026-07-19T12:21:24Z</time>
        <hdop>3</hdop>
        <extensions>
          <osmand:speed>0.8</osmand:speed>
        </extensions>
      </trkpt>
      <trkpt lat="43.7379674" lon="6.5628428">
        <ele>1155.2</ele>
        <time>2026-07-19T12:21:29Z</time>
        <hdop>3</hdop>
        <extensions>
          <osmand:speed>0.5</osmand:speed>
        </extensions>
      </trkpt>
      <trkpt lat="43.737968" lon="6.5628749">
        <ele>1154.4</ele>
        <time>2026-07-19T12:21:35Z</time>
        <hdop>3</hdop>
        <extensions>
          <osmand:speed>0.8</osmand:speed>
        </extensions>
      </trkpt>
      <trkpt lat="43.7379698" lon="6.5628636">
        <ele>1154.3</ele>
        <time>2026-07-19T12:21:40Z</time>
        <hdop>3.8</hdop>
        <extensions>
          <osmand:speed>0.7</osmand:speed>
        </extensions>
      </trkpt>
      <trkpt lat="43.7379774" lon="6.5628645">
        <ele>1153.3</ele>
        <time>2026-07-19T12:21:46Z</time>
        <hdop>4.8</hdop>
        <extensions>
          <osmand:speed>0.2</osmand:speed>
        </extensions>
      </trkpt>
      <trkpt lat="43.7379374" lon="6.562949">
        <ele>1153.2</ele>
        <time>2026-07-19T12:21:51Z</time>
        <hdop>5.7</hdop>
        <extensions>
          <osmand:speed>0.7</osmand:speed>
        </extensions>
      </trkpt>
      <trkpt lat="43.7378371" lon="6.5630635">
        <ele>1152.9</ele>
        <time>2026-07-19T12:21:56Z</time>
        <hdop>3.6</hdop>
        <extensions>
          <osmand:speed>0.8</osmand:speed>
        </extensions>
      </trkpt>
      <trkpt lat="43.7378081" lon="6.5631049">
        <ele>1152.5</ele>
        <time>2026-07-19T12:22:01Z</time>
        <hdop>3</hdop>
        <extensions>
          <osmand:speed>0.8</osmand:speed>
        </extensions>
      </trkpt>
      <trkpt lat="43.7377861" lon="6.5631407">
        <ele>1152.1</ele>
        <time>2026-07-19T12:22:06Z</time>
        <hdop>3.1</hdop>
        <extensions>
          <osmand:speed>0.7</osmand:speed>
        </extensions>
      </trkpt>
      <trkpt lat="43.7377441" lon="6.563155">
        <ele>1151.6</ele>
        <time>2026-07-19T12:22:12Z</time>
        <hdop>3</hdop>
        <extensions>
          <osmand:speed>0.8</osmand:speed>
        </extensions>
      </trkpt>
      <trkpt lat="43.7377296" lon="6.5631659">
        <ele>1150.8</ele>
        <time>2026-07-19T12:22:17Z</time>
        <hdop>3</hdop>
        <extensions>
          <osmand:speed>0.4</osmand:speed>
        </extensions>
      </trkpt>
      <trkpt lat="43.737738" lon="6.5631619">
        <ele>1150.5</ele>
        <time>2026-07-19T12:22:23Z</time>
        <hdop>3</hdop>
        <extensions>
          <osmand:speed>0.1</osmand:speed>
        </extensions>
      </trkpt>
      <trkpt lat="43.7377372" lon="6.5631668">
        <ele>1150.5</ele>
        <time>2026-07-19T12:22:28Z</time>
        <hdop>3</hdop>
        <extensions>
          <osmand:speed>0.1</osmand:speed>
        </extensions>
      </trkpt>
      <trkpt lat="43.7377365" lon="6.5631683">
        <ele>1150.4</ele>
        <time>2026-07-19T12:22:33Z</time>
        <hdop>3</hdop>
        <extensions>
          <osmand:speed>0.1</osmand:speed>
        </extensions>
      </trkpt>
      <trkpt lat="43.737736" lon="6.5631685">
        <ele>1150.4</ele>
        <time>2026-07-19T12:22:39Z</time>
        <hdop>3</hdop>
        <extensions>
          <osmand:speed>0</osmand:speed>
        </extensions>
      </trkpt>
      <trkpt lat="43.7377318" lon="6.5631805">
        <ele>1150.5</ele>
        <time>2026-07-19T12:22:44Z</time>
        <hdop>3</hdop>
        <extensions>
          <osmand:speed>0.6</osmand:speed>
        </extensions>
      </trkpt>
      <trkpt lat="43.7376827" lon="6.5632238">
        <ele>1150.3</ele>
        <time>2026-07-19T12:22:50Z</time>
        <hdop>3.1</hdop>
        <extensions>
          <osmand:speed>1</osmand:speed>
        </extensions>
      </trkpt>
      <trkpt lat="43.7376509" lon="6.563255">
        <ele>1149.4</ele>
        <time>2026-07-19T12:22:56Z</time>
        <hdop>3</hdop>
        <extensions>
          <osmand:speed>0.8</osmand:speed>
        </extensions>
      </trkpt>
      <trkpt lat="43.737611" lon="6.5632849">
        <ele>1148.8</ele>
        <time>2026-07-19T12:23:01Z</time>
        <hdop>3</hdop>
        <extensions>
          <osmand:speed>0.9</osmand:speed>
        </extensions>
      </trkpt>
      <trkpt lat="43.7375764" lon="6.5632992">
        <ele>1147.9</ele>
        <time>2026-07-19T12:23:06Z</time>
        <hdop>3</hdop>
        <extensions>
          <osmand:speed>0.6</osmand:speed>
        </extensions>
      </trkpt>
      <trkpt lat="43.7375823" lon="6.5632916">
        <ele>1147.4</ele>
        <time>2026-07-19T12:23:12Z</time>
        <hdop>3</hdop>
        <extensions>
          <osmand:speed>0.1</osmand:speed>
        </extensions>
      </trkpt>
      <trkpt lat="43.7375413" lon="6.5632834">
        <ele>1147.2</ele>
        <time>2026-07-19T12:23:17Z</time>
        <hdop>3</hdop>
        <extensions>
          <osmand:speed>0.8</osmand:speed>
        </extensions>
      </trkpt>
      <trkpt lat="43.7374969" lon="6.563301">
        <ele>1146.6</ele>
        <time>2026-07-19T12:23:22Z</time>
        <hdop>3</hdop>
        <extensions>
          <osmand:speed>0.8</osmand:speed>
        </extensions>
      </trkpt>
      <trkpt lat="43.7374572" lon="6.5633159">
        <ele>1145.6</ele>
        <time>2026-07-19T12:23:28Z</time>
        <hdop>3</hdop>
        <extensions>
          <osmand:speed>0.9</osmand:speed>
        </extensions>
      </trkpt>
      <trkpt lat="43.7374181" lon="6.5633394">
        <ele>1145.2</ele>
        <time>2026-07-19T12:23:33Z</time>
        <hdop>3</hdop>
        <extensions>
          <osmand:speed>0.8</osmand:speed>
        </extensions>
      </trkpt>
      <trkpt lat="43.7373744" lon="6.5633668">
        <ele>1144.3</ele>
        <time>2026-07-19T12:23:38Z</time>
        <hdop>3.1</hdop>
        <extensions>
          <osmand:speed>0.9</osmand:speed>
        </extensions>
      </trkpt>
      <trkpt lat="43.7373343" lon="6.5633948">
        <ele>1144</ele>
        <time>2026-07-19T12:23:44Z</time>
        <hdop>3</hdop>
        <extensions>
          <osmand:speed>1.1</osmand:speed>
        </extensions>
      </trkpt>
      <trkpt lat="43.7372991" lon="6.5634325">
        <ele>1143.2</ele>
        <time>2026-07-19T12:23:49Z</time>
        <hdop>3.1</hdop>
        <extensions>
          <osmand:speed>1</osmand:speed>
        </extensions>
      </trkpt>
      <trkpt lat="43.7372632" lon="6.5634587">
        <ele>1142.1</ele>
        <time>2026-07-19T12:23:55Z</time>
        <hdop>3</hdop>
        <extensions>
          <osmand:speed>0.9</osmand:speed>
        </extensions>
      </trkpt>
      <trkpt lat="43.7372275" lon="6.5634993">
        <ele>1141.7</ele>
        <time>2026-07-19T12:24:01Z</time>
        <hdop>3</hdop>
        <extensions>
          <osmand:speed>1</osmand:speed>
        </extensions>
      </trkpt>
      <trkpt lat="43.7372041" lon="6.5635225">
        <ele>1140.6</ele>
        <time>2026-07-19T12:24:06Z</time>
        <hdop>3</hdop>
        <extensions>
          <osmand:speed>0.7</osmand:speed>
        </extensions>
      </trkpt>
      <trkpt lat="43.7371676" lon="6.5635402">
        <ele>1140.1</ele>
        <time>2026-07-19T12:24:12Z</time>
        <hdop>3</hdop>
        <extensions>
          <osmand:speed>0.8</osmand:speed>
        </extensions>
      </trkpt>
      <trkpt lat="43.7371631" lon="6.5635355">
        <ele>1139.9</ele>
        <time>2026-07-19T12:24:17Z</time>
        <hdop>3</hdop>
        <extensions>
          <osmand:speed>0.1</osmand:speed>
        </extensions>
      </trkpt>
      <trkpt lat="43.7371633" lon="6.5635346">
        <ele>1139.9</ele>
        <time>2026-07-19T12:24:23Z</time>
        <hdop>3</hdop>
        <extensions>
          <osmand:speed>0.1</osmand:speed>
        </extensions>
      </trkpt>
      <trkpt lat="43.7371427" lon="6.5635765">
        <ele>1139.6</ele>
        <time>2026-07-19T12:24:28Z</time>
        <hdop>3</hdop>
        <extensions>
          <osmand:speed>1</osmand:speed>
        </extensions>
      </trkpt>
      <trkpt lat="43.7370701" lon="6.5636147">
        <ele>1139</ele>
        <time>2026-07-19T12:24:34Z</time>
        <hdop>3</hdop>
        <extensions>
          <osmand:speed>1.2</osmand:speed>
        </extensions>
      </trkpt>
      <trkpt lat="43.7370226" lon="6.5636364">
        <ele>1138.9</ele>
        <time>2026-07-19T12:24:39Z</time>
        <hdop>3</hdop>
        <extensions>
          <osmand:speed>1.1</osmand:speed>
        </extensions>
      </trkpt>
      <trkpt lat="43.7369901" lon="6.5636601">
        <ele>1138.2</ele>
        <time>2026-07-19T12:24:44Z</time>
        <hdop>3</hdop>
        <extensions>
          <osmand:speed>0.7</osmand:speed>
        </extensions>
      </trkpt>
      <trkpt lat="43.736946" lon="6.563685">
        <ele>1137.9</ele>
        <time>2026-07-19T12:24:50Z</time>
        <hdop>3</hdop>
        <extensions>
          <osmand:speed>1</osmand:speed>
        </extensions>
      </trkpt>
      <trkpt lat="43.736931" lon="6.5636894">
        <ele>1137.1</ele>
        <time>2026-07-19T12:24:55Z</time>
        <hdop>3</hdop>
        <extensions>
          <osmand:speed>0.7</osmand:speed>
        </extensions>
      </trkpt>
      <trkpt lat="43.7368878" lon="6.563702">
        <ele>1136.3</ele>
        <time>2026-07-19T12:25:00Z</time>
        <hdop>3.1</hdop>
        <extensions>
          <osmand:speed>0.9</osmand:speed>
        </extensions>
      </trkpt>
      <trkpt lat="43.7368434" lon="6.5637052">
        <ele>1135.5</ele>
        <time>2026-07-19T12:25:06Z</time>
        <hdop>3</hdop>
        <extensions>
          <osmand:speed>1</osmand:speed>
        </extensions>
      </trkpt>
      <trkpt lat="43.736806" lon="6.5637147">
        <ele>1135.1</ele>
        <time>2026-07-19T12:25:11Z</time>
        <hdop>3</hdop>
        <extensions>
          <osmand:speed>0.8</osmand:speed>
        </extensions>
      </trkpt>
      <trkpt lat="43.736807" lon="6.5637144">
        <ele>1134.3</ele>
        <time>2026-07-19T12:25:16Z</time>
        <hdop>3</hdop>
        <extensions>
          <osmand:speed>0.1</osmand:speed>
        </extensions>
      </trkpt>
      <trkpt lat="43.7368108" lon="6.5637171">
        <ele>1134.3</ele>
        <time>2026-07-19T12:25:22Z</time>
        <hdop>3</hdop>
        <extensions>
          <osmand:speed>0.1</osmand:speed>
        </extensions>
      </trkpt>
      <trkpt lat="43.7368119" lon="6.5637175">
        <ele>1134.3</ele>
        <time>2026-07-19T12:25:28Z</time>
        <hdop>3</hdop>
        <extensions>
          <osmand:speed>0.1</osmand:speed>
        </extensions>
      </trkpt>
      <trkpt lat="43.7368131" lon="6.5637194">
        <ele>1134.2</ele>
        <time>2026-07-19T12:25:33Z</time>
        <hdop>3</hdop>
        <extensions>
          <osmand:speed>0</osmand:speed>
        </extensions>
      </trkpt>
      <trkpt lat="43.7368135" lon="6.5637182">
        <ele>1134.3</ele>
        <time>2026-07-19T12:25:38Z</time>
        <hdop>3</hdop>
        <extensions>
          <osmand:speed>0.1</osmand:speed>
        </extensions>
      </trkpt>
      <trkpt lat="43.7367895" lon="6.5637149">
        <ele>1134.5</ele>
        <time>2026-07-19T12:25:44Z</time>
        <hdop>3.1</hdop>
        <extensions>
          <osmand:speed>1.2</osmand:speed>
        </extensions>
      </trkpt>
      <trkpt lat="43.7367307" lon="6.5637496">
        <ele>1134.6</ele>
        <time>2026-07-19T12:25:49Z</time>
        <hdop>3.3</hdop>
        <extensions>
          <osmand:speed>1.1</osmand:speed>
        </extensions>
      </trkpt>
      <trkpt lat="43.7366768" lon="6.5637597">
        <ele>1134.3</ele>
        <time>2026-07-19T12:25:54Z</time>
        <hdop>3.1</hdop>
        <extensions>
          <osmand:speed>1.1</osmand:speed>
        </extensions>
      </trkpt>
      <trkpt lat="43.7366251" lon="6.5637824">
        <ele>1133.9</ele>
        <time>2026-07-19T12:25:59Z</time>
        <hdop>3</hdop>
        <extensions>
          <osmand:speed>1.2</osmand:speed>
        </extensions>
      </trkpt>
      <trkpt lat="43.7365998" lon="6.5637843">
        <ele>1133.7</ele>
        <time>2026-07-19T12:26:05Z</time>
        <hdop>3</hdop>
        <extensions>
          <osmand:speed>0.2</osmand:speed>
        </extensions>
      </trkpt>
      <trkpt lat="43.7365808" lon="6.5638077">
        <ele>1133.7</ele>
        <time>2026-07-19T12:26:11Z</time>
        <hdop>3</hdop>
        <extensions>
          <osmand:speed>0.6</osmand:speed>
        </extensions>
      </trkpt>
      <trkpt lat="43.7365026" lon="6.5638199">
        <ele>1133.1</ele>
        <time>2026-07-19T12:26:16Z</time>
        <hdop>3</hdop>
        <extensions>
          <osmand:speed>1.2</osmand:speed>
        </extensions>
      </trkpt>
      <trkpt lat="43.7364455" lon="6.5638107">
        <ele>1132.6</ele>
        <time>2026-07-19T12:26:22Z</time>
        <hdop>3</hdop>
        <extensions>
          <osmand:speed>1</osmand:speed>
        </extensions>
      </trkpt>
      <trkpt lat="43.7364081" lon="6.5638161">
        <ele>1132.1</ele>
        <time>2026-07-19T12:26:27Z</time>
        <hdop>3</hdop>
        <extensions>
          <osmand:speed>0.4</osmand:speed>
        </extensions>
      </trkpt>
      <trkpt lat="43.7364128" lon="6.5638071">
        <ele>1132.4</ele>
        <time>2026-07-19T12:26:33Z</time>
        <hdop>3</hdop>
        <extensions>
          <osmand:speed>0.2</osmand:speed>
        </extensions>
      </trkpt>
      <trkpt lat="43.7363536" lon="6.5638276">
        <ele>1132.4</ele>
        <time>2026-07-19T12:26:38Z</time>
        <hdop>3</hdop>
        <extensions>
          <osmand:speed>1.1</osmand:speed>
        </extensions>
      </trkpt>
      <trkpt lat="43.7362724" lon="6.563828">
        <ele>1132.4</ele>
        <time>2026-07-19T12:26:44Z</time>
        <hdop>3.3</hdop>
        <extensions>
          <osmand:speed>1.3</osmand:speed>
        </extensions>
      </trkpt>
      <trkpt lat="43.7361723" lon="6.5638194">
        <ele>1132.7</ele>
        <time>2026-07-19T12:26:49Z</time>
        <hdop>3</hdop>
        <extensions>
          <osmand:speed>1.4</osmand:speed>
        </extensions>
      </trkpt>
      <trkpt lat="43.7361335" lon="6.5638385">
        <ele>1132.7</ele>
        <time>2026-07-19T12:26:55Z</time>
        <hdop>3</hdop>
        <extensions>
          <osmand:speed>0.7</osmand:speed>
        </extensions>
      </trkpt>
      <trkpt lat="43.7360987" lon="6.5638752">
        <ele>1132.7</ele>
        <time>2026-07-19T12:27:01Z</time>
        <hdop>3</hdop>
        <extensions>
          <osmand:speed>0.9</osmand:speed>
        </extensions>
      </trkpt>
      <trkpt lat="43.7360632" lon="6.5639186">
        <ele>1132.4</ele>
        <time>2026-07-19T12:27:06Z</time>
        <hdop>3</hdop>
        <extensions>
          <osmand:speed>0.8</osmand:speed>
        </extensions>
      </trkpt>
      <trkpt lat="43.736019" lon="6.5639488">
        <ele>1132.1</ele>
        <time>2026-07-19T12:27:11Z</time>
        <hdop>3.1</hdop>
        <extensions>
          <osmand:speed>1</osmand:speed>
        </extensions>
      </trkpt>
      <trkpt lat="43.7359797" lon="6.5639811">
        <ele>1131.7</ele>
        <time>2026-07-19T12:27:16Z</time>
        <hdop>3</hdop>
        <extensions>
          <osmand:speed>1.1</osmand:speed>
        </extensions>
      </trkpt>
      <trkpt lat="43.7359321" lon="6.5640337">
        <ele>1131.1</ele>
        <time>2026-07-19T12:27:22Z</time>
        <hdop>3.1</hdop>
        <extensions>
          <osmand:speed>1.1</osmand:speed>
        </extensions>
      </trkpt>
      <trkpt lat="43.7358908" lon="6.5640687">
        <ele>1130.7</ele>
        <time>2026-07-19T12:27:27Z</time>
        <hdop>3</hdop>
        <extensions>
          <osmand:speed>1.1</osmand:speed>
        </extensions>
      </trkpt>
      <trkpt lat="43.7358617" lon="6.5641299">
        <ele>1130.5</ele>
        <time>2026-07-19T12:27:33Z</time>
        <hdop>3</hdop>
        <extensions>
          <osmand:speed>1.1</osmand:speed>
        </extensions>
      </trkpt>
      <trkpt lat="43.7358392" lon="6.5641946">
        <ele>1130</ele>
        <time>2026-07-19T12:27:38Z</time>
        <hdop>3.1</hdop>
        <extensions>
          <osmand:speed>1.1</osmand:speed>
        </extensions>
      </trkpt>
      <trkpt lat="43.7358101" lon="6.564249">
        <ele>1129.1</ele>
        <time>2026-07-19T12:27:44Z</time>
        <hdop>3</hdop>
        <extensions>
          <osmand:speed>1</osmand:speed>
        </extensions>
      </trkpt>
      <trkpt lat="43.735765" lon="6.5642753">
        <ele>1128.4</ele>
        <time>2026-07-19T12:27:50Z</time>
        <hdop>3</hdop>
        <extensions>
          <osmand:speed>1.1</osmand:speed>
        </extensions>
      </trkpt>
      <trkpt lat="43.7357205" lon="6.5642933">
        <ele>1127.7</ele>
        <time>2026-07-19T12:27:55Z</time>
        <hdop>3</hdop>
        <extensions>
          <osmand:speed>1.1</osmand:speed>
        </extensions>
      </trkpt>
      <trkpt lat="43.7356722" lon="6.5643198">
        <ele>1127.1</ele>
        <time>2026-07-19T12:28:00Z</time>
        <hdop>3</hdop>
        <extensions>
          <osmand:speed>1.2</osmand:speed>
        </extensions>
      </trkpt>
      <trkpt lat="43.7356118" lon="6.5643372">
        <ele>1126.5</ele>
        <time>2026-07-19T12:28:05Z</time>
        <hdop>3</hdop>
        <extensions>
          <osmand:speed>1.2</osmand:speed>
        </extensions>
      </trkpt>
      <trkpt lat="43.7355632" lon="6.5643473">
        <ele>1126</ele>
        <time>2026-07-19T12:28:10Z</time>
        <hdop>3</hdop>
        <extensions>
          <osmand:speed>1.1</osmand:speed>
        </extensions>
      </trkpt>
      <trkpt lat="43.7355229" lon="6.5643721">
        <ele>1124.9</ele>
        <time>2026-07-19T12:28:15Z</time>
        <hdop>3</hdop>
        <extensions>
          <osmand:speed>1.1</osmand:speed>
        </extensions>
      </trkpt>
      <trkpt lat="43.7354745" lon="6.5643897">
        <ele>1124.5</ele>
        <time>2026-07-19T12:28:21Z</time>
        <hdop>3</hdop>
        <extensions>
          <osmand:speed>1.3</osmand:speed>
        </extensions>
      </trkpt>
      <trkpt lat="43.7354221" lon="6.5644243">
        <ele>1123.9</ele>
        <time>2026-07-19T12:28:26Z</time>
        <hdop>3</hdop>
        <extensions>
          <osmand:speed>1.1</osmand:speed>
        </extensions>
      </trkpt>
      <trkpt lat="43.735378" lon="6.5644605">
        <ele>1123.6</ele>
        <time>2026-07-19T12:28:31Z</time>
        <hdop>3</hdop>
        <extensions>
          <osmand:speed>1.1</osmand:speed>
        </extensions>
      </trkpt>
      <trkpt lat="43.7353325" lon="6.5645015">
        <ele>1123.4</ele>
        <time>2026-07-19T12:28:37Z</time>
        <hdop>3</hdop>
        <extensions>
          <osmand:speed>1.2</osmand:speed>
        </extensions>
      </trkpt>
      <trkpt lat="43.7352846" lon="6.5645404">
        <ele>1123.3</ele>
        <time>2026-07-19T12:28:42Z</time>
        <hdop>3</hdop>
        <extensions>
          <osmand:speed>1.1</osmand:speed>
        </extensions>
      </trkpt>
      <trkpt lat="43.7352311" lon="6.5645694">
        <ele>1123.3</ele>
        <time>2026-07-19T12:28:47Z</time>
        <hdop>3</hdop>
        <extensions>
          <osmand:speed>1.1</osmand:speed>
        </extensions>
      </trkpt>
      <trkpt lat="43.7351808" lon="6.5646137">
        <ele>1123.6</ele>
        <time>2026-07-19T12:28:52Z</time>
        <hdop>3</hdop>
        <extensions>
          <osmand:speed>1.6</osmand:speed>
        </extensions>
      </trkpt>
      <trkpt lat="43.7351133" lon="6.5646355">
        <ele>1123.5</ele>
        <time>2026-07-19T12:28:58Z</time>
        <hdop>3.1</hdop>
        <extensions>
          <osmand:speed>1</osmand:speed>
        </extensions>
      </trkpt>
      <trkpt lat="43.735067" lon="6.5646629">
        <ele>1123.3</ele>
        <time>2026-07-19T12:29:03Z</time>
        <hdop>3</hdop>
        <extensions>
          <osmand:speed>1</osmand:speed>
        </extensions>
      </trkpt>
      <trkpt lat="43.7350251" lon="6.5646979">
        <ele>1123.6</ele>
        <time>2026-07-19T12:29:08Z</time>
        <hdop>3</hdop>
        <extensions>
          <osmand:speed>1.2</osmand:speed>
        </extensions>
      </trkpt>
      <trkpt lat="43.7349619" lon="6.5647397">
        <ele>1124.1</ele>
        <time>2026-07-19T12:29:13Z</time>
        <hdop>3.1</hdop>
        <extensions>
          <osmand:speed>1.3</osmand:speed>
        </extensions>
      </trkpt>
      <trkpt lat="43.7349131" lon="6.5647731">
        <ele>1124.4</ele>
        <time>2026-07-19T12:29:18Z</time>
        <hdop>3</hdop>
        <extensions>
          <osmand:speed>1.2</osmand:speed>
        </extensions>
      </trkpt>
      <trkpt lat="43.7348604" lon="6.5648218">
        <ele>1124.4</ele>
        <time>2026-07-19T12:29:24Z</time>
        <hdop>3</hdop>
        <extensions>
          <osmand:speed>1.3</osmand:speed>
        </extensions>
      </trkpt>
      <trkpt lat="43.7348167" lon="6.5648703">
        <ele>1123.9</ele>
        <time>2026-07-19T12:29:29Z</time>
        <hdop>3</hdop>
        <extensions>
          <osmand:speed>1.2</osmand:speed>
        </extensions>
      </trkpt>
      <trkpt lat="43.7347778" lon="6.5649168">
        <ele>1124.4</ele>
        <time>2026-07-19T12:29:35Z</time>
        <hdop>3</hdop>
        <extensions>
          <osmand:speed>1.1</osmand:speed>
        </extensions>
      </trkpt>
      <trkpt lat="43.7347326" lon="6.5649487">
        <ele>1124.7</ele>
        <time>2026-07-19T12:29:41Z</time>
        <hdop>3</hdop>
        <extensions>
          <osmand:speed>1.1</osmand:speed>
        </extensions>
      </trkpt>
      <trkpt lat="43.7346737" lon="6.5649823">
        <ele>1123.9</ele>
        <time>2026-07-19T12:29:46Z</time>
        <hdop>3</hdop>
        <extensions>
          <osmand:speed>1.2</osmand:speed>
        </extensions>
      </trkpt>
      <trkpt lat="43.734635" lon="6.5650236">
        <ele>1123.6</ele>
        <time>2026-07-19T12:29:51Z</time>
        <hdop>3</hdop>
        <extensions>
          <osmand:speed>1.1</osmand:speed>
        </extensions>
      </trkpt>
      <trkpt lat="43.7345901" lon="6.5650553">
        <ele>1123.4</ele>
        <time>2026-07-19T12:29:56Z</time>
        <hdop>3</hdop>
        <extensions>
          <osmand:speed>1.1</osmand:speed>
        </extensions>
      </trkpt>
      <trkpt lat="43.7345428" lon="6.565079">
        <ele>1123.3</ele>
        <time>2026-07-19T12:30:02Z</time>
        <hdop>3</hdop>
        <extensions>
          <osmand:speed>1.2</osmand:speed>
        </extensions>
      </trkpt>
      <trkpt lat="43.7344925" lon="6.5651195">
        <ele>1123.2</ele>
        <time>2026-07-19T12:30:07Z</time>
        <hdop>3.1</hdop>
        <extensions>
          <osmand:speed>1</osmand:speed>
        </extensions>
      </trkpt>
      <trkpt lat="43.7344537" lon="6.5651296">
        <ele>1123.1</ele>
        <time>2026-07-19T12:30:12Z</time>
        <hdop>3</hdop>
        <extensions>
          <osmand:speed>1.1</osmand:speed>
        </extensions>
      </trkpt>
      <trkpt lat="43.7344027" lon="6.565146">
        <ele>1122.7</ele>
        <time>2026-07-19T12:30:18Z</time>
        <hdop>3</hdop>
        <extensions>
          <osmand:speed>1.1</osmand:speed>
        </extensions>
      </trkpt>
      <trkpt lat="43.7343734" lon="6.5651596">
        <ele>1121.8</ele>
        <time>2026-07-19T12:30:23Z</time>
        <hdop>3</hdop>
        <extensions>
          <osmand:speed>0.8</osmand:speed>
        </extensions>
      </trkpt>
      <trkpt lat="43.7343353" lon="6.5651897">
        <ele>1121.8</ele>
        <time>2026-07-19T12:30:28Z</time>
        <hdop>3</hdop>
        <extensions>
          <osmand:speed>1</osmand:speed>
        </extensions>
      </trkpt>
      <trkpt lat="43.7342836" lon="6.5652307">
        <ele>1121.2</ele>
        <time>2026-07-19T12:30:33Z</time>
        <hdop>3.1</hdop>
        <extensions>
          <osmand:speed>1.2</osmand:speed>
        </extensions>
      </trkpt>
      <trkpt lat="43.7342693" lon="6.5652447">
        <ele>1120.7</ele>
        <time>2026-07-19T12:30:39Z</time>
        <hdop>3</hdop>
        <extensions>
          <osmand:speed>0.3</osmand:speed>
        </extensions>
      </trkpt>
      <trkpt lat="43.7342695" lon="6.5652457">
        <ele>1120.6</ele>
        <time>2026-07-19T12:30:44Z</time>
        <hdop>3</hdop>
        <extensions>
          <osmand:speed>0.4</osmand:speed>
        </extensions>
      </trkpt>
      <trkpt lat="43.7342162" lon="6.5652912">
        <ele>1120.2</ele>
        <time>2026-07-19T12:30:49Z</time>
        <hdop>3</hdop>
        <extensions>
          <osmand:speed>1.1</osmand:speed>
        </extensions>
      </trkpt>
      <trkpt lat="43.7341728" lon="6.5653574">
        <ele>1120.3</ele>
        <time>2026-07-19T12:30:54Z</time>
        <hdop>3</hdop>
        <extensions>
          <osmand:speed>1.1</osmand:speed>
        </extensions>
      </trkpt>
      <trkpt lat="43.7341504" lon="6.5654364">
        <ele>1120.5</ele>
        <time>2026-07-19T12:31:00Z</time>
        <hdop>3</hdop>
        <extensions>
          <osmand:speed>1.2</osmand:speed>
        </extensions>
      </trkpt>
      <trkpt lat="43.7341311" lon="6.565499">
        <ele>1120.6</ele>
        <time>2026-07-19T12:31:05Z</time>
        <hdop>3</hdop>
        <extensions>
          <osmand:speed>1.1</osmand:speed>
        </extensions>
      </trkpt>
      <trkpt lat="43.7341056" lon="6.565552">
        <ele>1120.8</ele>
        <time>2026-07-19T12:31:10Z</time>
        <hdop>3</hdop>
        <extensions>
          <osmand:speed>1</osmand:speed>
        </extensions>
      </trkpt>
      <trkpt lat="43.734091" lon="6.5655791">
        <ele>1120.6</ele>
        <time>2026-07-19T12:31:16Z</time>
        <hdop>3</hdop>
        <extensions>
          <osmand:speed>0.2</osmand:speed>
        </extensions>
      </trkpt>
      <trkpt lat="43.7340913" lon="6.5655839">
        <ele>1120.7</ele>
        <time>2026-07-19T12:31:22Z</time>
        <hdop>3</hdop>
        <extensions>
          <osmand:speed>0.1</osmand:speed>
        </extensions>
      </trkpt>
      <trkpt lat="43.7340912" lon="6.5655872">
        <ele>1120.5</ele>
        <time>2026-07-19T12:31:27Z</time>
        <hdop>3</hdop>
        <extensions>
          <osmand:speed>0.1</osmand:speed>
        </extensions>
      </trkpt>
      <trkpt lat="43.734089" lon="6.5656176">
        <ele>1120.1</ele>
        <time>2026-07-19T12:31:33Z</time>
        <hdop>3</hdop>
        <extensions>
          <osmand:speed>0.1</osmand:speed>
        </extensions>
      </trkpt>
      <trkpt lat="43.7340846" lon="6.5656213">
        <ele>1120.1</ele>
        <time>2026-07-19T12:31:38Z</time>
        <hdop>3</hdop>
        <extensions>
          <osmand:speed>0.1</osmand:speed>
        </extensions>
      </trkpt>
      <trkpt lat="43.7340816" lon="6.5656217">
        <ele>1120.1</ele>
        <time>2026-07-19T12:31:43Z</time>
        <hdop>3</hdop>
        <extensions>
          <osmand:speed>0</osmand:speed>
        </extensions>
      </trkpt>
      <trkpt lat="43.7340796" lon="6.5656254">
        <ele>1120.5</ele>
        <time>2026-07-19T12:31:49Z</time>
        <hdop>3</hdop>
        <extensions>
          <osmand:speed>0.1</osmand:speed>
        </extensions>
      </trkpt>
      <trkpt lat="43.7340814" lon="6.5656266">
        <ele>1120.3</ele>
        <time>2026-07-19T12:31:54Z</time>
        <hdop>3</hdop>
        <extensions>
          <osmand:speed>0</osmand:speed>
        </extensions>
      </trkpt>
      <trkpt lat="43.7340781" lon="6.5656766">
        <ele>1120.4</ele>
        <time>2026-07-19T12:31:59Z</time>
        <hdop>3.6</hdop>
        <extensions>
          <osmand:speed>1.3</osmand:speed>
        </extensions>
      </trkpt>
      <trkpt lat="43.7340453" lon="6.5657563">
        <ele>1119.5</ele>
        <time>2026-07-19T12:32:05Z</time>
        <hdop>5.6</hdop>
        <extensions>
          <osmand:speed>1.1</osmand:speed>
        </extensions>
      </trkpt>
      <trkpt lat="43.7339859" lon="6.5657946">
        <ele>1118.8</ele>
        <time>2026-07-19T12:32:10Z</time>
        <hdop>5.5</hdop>
        <extensions>
          <osmand:speed>1.2</osmand:speed>
        </extensions>
      </trkpt>
      <trkpt lat="43.7339604" lon="6.5657574">
        <ele>1118.5</ele>
        <time>2026-07-19T12:32:16Z</time>
        <hdop>3.6</hdop>
        <extensions>
          <osmand:speed>0.2</osmand:speed>
        </extensions>
      </trkpt>
      <trkpt lat="43.7339657" lon="6.5657537">
        <ele>1118.7</ele>
        <time>2026-07-19T12:32:22Z</time>
        <hdop>3</hdop>
        <extensions>
          <osmand:speed>0.1</osmand:speed>
        </extensions>
      </trkpt>
      <trkpt lat="43.7339329" lon="6.5657612">
        <ele>1118.6</ele>
        <time>2026-07-19T12:32:27Z</time>
        <hdop>3</hdop>
        <extensions>
          <osmand:speed>0.9</osmand:speed>
        </extensions>
      </trkpt>
      <trkpt lat="43.7338649" lon="6.5657551">
        <ele>1118.7</ele>
        <time>2026-07-19T12:32:33Z</time>
        <hdop>3</hdop>
        <extensions>
          <osmand:speed>1.1</osmand:speed>
        </extensions>
      </trkpt>
      <trkpt lat="43.7338116" lon="6.565718">
        <ele>1118.7</ele>
        <time>2026-07-19T12:32:38Z</time>
        <hdop>3.1</hdop>
        <extensions>
          <osmand:speed>1.2</osmand:speed>
        </extensions>
      </trkpt>
      <trkpt lat="43.7337714" lon="6.5657276">
        <ele>1118.8</ele>
        <time>2026-07-19T12:32:43Z</time>
        <hdop>3</hdop>
        <extensions>
          <osmand:speed>1.1</osmand:speed>
        </extensions>
      </trkpt>
      <trkpt lat="43.7337265" lon="6.5657399">
        <ele>1119.1</ele>
        <time>2026-07-19T12:32:48Z</time>
        <hdop>3</hdop>
        <extensions>
          <osmand:speed>1.1</osmand:speed>
        </extensions>
      </trkpt>
      <trkpt lat="43.7336788" lon="6.5657535">
        <ele>1119.3</ele>
        <time>2026-07-19T12:32:54Z</time>
        <hdop>3</hdop>
        <extensions>
          <osmand:speed>0.9</osmand:speed>
        </extensions>
      </trkpt>
      <trkpt lat="43.733634" lon="6.5657763">
        <ele>1119.5</ele>
        <time>2026-07-19T12:32:59Z</time>
        <hdop>3</hdop>
        <extensions>
          <osmand:speed>0.9</osmand:speed>
        </extensions>
      </trkpt>
      <trkpt lat="43.7335754" lon="6.5657947">
        <ele>1120.3</ele>
        <time>2026-07-19T12:33:04Z</time>
        <hdop>3</hdop>
        <extensions>
          <osmand:speed>1.1</osmand:speed>
        </extensions>
      </trkpt>
      <trkpt lat="43.7335137" lon="6.5658066">
        <ele>1120.3</ele>
        <time>2026-07-19T12:33:09Z</time>
        <hdop>3</hdop>
        <extensions>
          <osmand:speed>1.3</osmand:speed>
        </extensions>
      </trkpt>
      <trkpt lat="43.7334462" lon="6.5658081">
        <ele>1120.3</ele>
        <time>2026-07-19T12:33:14Z</time>
        <hdop>3.1</hdop>
        <extensions>
          <osmand:speed>1.3</osmand:speed>
        </extensions>
      </trkpt>
      <trkpt lat="43.7334061" lon="6.5658209">
        <ele>1120.1</ele>
        <time>2026-07-19T12:33:20Z</time>
        <hdop>3</hdop>
        <extensions>
          <osmand:speed>1</osmand:speed>
        </extensions>
      </trkpt>
      <trkpt lat="43.7333511" lon="6.5658186">
        <ele>1120</ele>
        <time>2026-07-19T12:33:25Z</time>
        <hdop>3.7</hdop>
        <extensions>
          <osmand:speed>1</osmand:speed>
        </extensions>
      </trkpt>
      <trkpt lat="43.7332989" lon="6.5658233">
        <ele>1118.9</ele>
        <time>2026-07-19T12:33:30Z</time>
        <hdop>3.4</hdop>
        <extensions>
          <osmand:speed>1.3</osmand:speed>
        </extensions>
      </trkpt>
      <trkpt lat="43.7332606" lon="6.5658518">
        <ele>1118.5</ele>
        <time>2026-07-19T12:33:35Z</time>
        <hdop>3</hdop>
        <extensions>
          <osmand:speed>1</osmand:speed>
        </extensions>
      </trkpt>
      <trkpt lat="43.7332529" lon="6.5658568">
        <ele>1118.9</ele>
        <time>2026-07-19T12:33:41Z</time>
        <hdop>3</hdop>
        <extensions>
          <osmand:speed>0.1</osmand:speed>
        </extensions>
      </trkpt>
      <trkpt lat="43.7332535" lon="6.5658559">
        <ele>1118.8</ele>
        <time>2026-07-19T12:33:46Z</time>
        <hdop>3</hdop>
        <extensions>
          <osmand:speed>0.1</osmand:speed>
        </extensions>
      </trkpt>
      <trkpt lat="43.7332511" lon="6.5658613">
        <ele>1119.2</ele>
        <time>2026-07-19T12:33:52Z</time>
        <hdop>3</hdop>
        <extensions>
          <osmand:speed>0.4</osmand:speed>
        </extensions>
      </trkpt>
      <trkpt lat="43.7332261" lon="6.5658912">
        <ele>1118.8</ele>
        <time>2026-07-19T12:33:57Z</time>
        <hdop>3</hdop>
        <extensions>
          <osmand:speed>0.5</osmand:speed>
        </extensions>
      </trkpt>
      <trkpt lat="43.7331832" lon="6.5659229">
        <ele>1117.6</ele>
        <time>2026-07-19T12:34:03Z</time>
        <hdop>3</hdop>
        <extensions>
          <osmand:speed>1</osmand:speed>
        </extensions>
      </trkpt>
      <trkpt lat="43.7331499" lon="6.5659796">
        <ele>1116.6</ele>
        <time>2026-07-19T12:34:08Z</time>
        <hdop>3</hdop>
        <extensions>
          <osmand:speed>1.2</osmand:speed>
        </extensions>
      </trkpt>
      <trkpt lat="43.7331461" lon="6.5660412">
        <ele>1116.3</ele>
        <time>2026-07-19T12:34:13Z</time>
        <hdop>3</hdop>
        <extensions>
          <osmand:speed>1</osmand:speed>
        </extensions>
      </trkpt>
      <trkpt lat="43.7331074" lon="6.5660923">
        <ele>1116.2</ele>
        <time>2026-07-19T12:34:18Z</time>
        <hdop>3</hdop>
        <extensions>
          <osmand:speed>1.1</osmand:speed>
        </extensions>
      </trkpt>
      <trkpt lat="43.7330571" lon="6.5661176">
        <ele>1116.1</ele>
        <time>2026-07-19T12:34:23Z</time>
        <hdop>3</hdop>
        <extensions>
          <osmand:speed>1.2</osmand:speed>
        </extensions>
      </trkpt>
      <trkpt lat="43.7329989" lon="6.5661061">
        <ele>1116</ele>
        <time>2026-07-19T12:34:28Z</time>
        <hdop>3</hdop>
        <extensions>
          <osmand:speed>1.1</osmand:speed>
        </extensions>
      </trkpt>
      <trkpt lat="43.7329562" lon="6.5661725">
        <ele>1116</ele>
        <time>2026-07-19T12:34:33Z</time>
        <hdop>3.2</hdop>
        <extensions>
          <osmand:speed>1.1</osmand:speed>
        </extensions>
      </trkpt>
      <trkpt lat="43.7329428" lon="6.5662122">
        <ele>1115.4</ele>
        <time>2026-07-19T12:34:39Z</time>
        <hdop>3.2</hdop>
        <extensions>
          <osmand:speed>0.4</osmand:speed>
        </extensions>
      </trkpt>
      <trkpt lat="43.732922" lon="6.5662282">
        <ele>1116.7</ele>
        <time>2026-07-19T12:34:44Z</time>
        <hdop>3</hdop>
        <extensions>
          <osmand:speed>0.7</osmand:speed>
        </extensions>
      </trkpt>
      <trkpt lat="43.732909" lon="6.5662821">
        <ele>1117.9</ele>
        <time>2026-07-19T12:34:49Z</time>
        <hdop>3.1</hdop>
        <extensions>
          <osmand:speed>0.7</osmand:speed>
        </extensions>
      </trkpt>
      <trkpt lat="43.7328902" lon="6.5663124">
        <ele>1118.7</ele>
        <time>2026-07-19T12:34:55Z</time>
        <hdop>3</hdop>
        <extensions>
          <osmand:speed>0.7</osmand:speed>
        </extensions>
      </trkpt>
      <trkpt lat="43.7328771" lon="6.5663447">
        <ele>1119</ele>
        <time>2026-07-19T12:35:00Z</time>
        <hdop>3</hdop>
        <extensions>
          <osmand:speed>0.5</osmand:speed>
        </extensions>
      </trkpt>
      <trkpt lat="43.7328248" lon="6.5663559">
        <ele>1118.5</ele>
        <time>2026-07-19T12:35:05Z</time>
        <hdop>3</hdop>
        <extensions>
          <osmand:speed>1.1</osmand:speed>
        </extensions>
      </trkpt>
      <trkpt lat="43.7327819" lon="6.5663603">
        <ele>1117.9</ele>
        <time>2026-07-19T12:35:11Z</time>
        <hdop>3</hdop>
        <extensions>
          <osmand:speed>1</osmand:speed>
        </extensions>
      </trkpt>
      <trkpt lat="43.7327197" lon="6.5663602">
        <ele>1117.5</ele>
        <time>2026-07-19T12:35:16Z</time>
        <hdop>3</hdop>
        <extensions>
          <osmand:speed>1.2</osmand:speed>
        </extensions>
      </trkpt>
      <trkpt lat="43.7326709" lon="6.5663476">
        <ele>1116.7</ele>
        <time>2026-07-19T12:35:21Z</time>
        <hdop>3</hdop>
        <extensions>
          <osmand:speed>1.1</osmand:speed>
        </extensions>
      </trkpt>
      <trkpt lat="43.7326313" lon="6.5663625">
        <ele>1115.9</ele>
        <time>2026-07-19T12:35:27Z</time>
        <hdop>3</hdop>
        <extensions>
          <osmand:speed>0.7</osmand:speed>
        </extensions>
      </trkpt>
      <trkpt lat="43.7326193" lon="6.5663927">
        <ele>1115.2</ele>
        <time>2026-07-19T12:35:32Z</time>
        <hdop>3</hdop>
        <extensions>
          <osmand:speed>0.7</osmand:speed>
        </extensions>
      </trkpt>
      <trkpt lat="43.7325726" lon="6.5664307">
        <ele>1115.4</ele>
        <time>2026-07-19T12:35:38Z</time>
        <hdop>3</hdop>
        <extensions>
          <osmand:speed>0.8</osmand:speed>
        </extensions>
      </trkpt>
      <trkpt lat="43.7325379" lon="6.5664997">
        <ele>1114.2</ele>
        <time>2026-07-19T12:35:43Z</time>
        <hdop>3</hdop>
        <extensions>
          <osmand:speed>1.1</osmand:speed>
        </extensions>
      </trkpt>
      <trkpt lat="43.7325154" lon="6.5665634">
        <ele>1113.7</ele>
        <time>2026-07-19T12:35:48Z</time>
        <hdop>3</hdop>
        <extensions>
          <osmand:speed>1.3</osmand:speed>
        </extensions>
      </trkpt>
      <trkpt lat="43.7324926" lon="6.5666124">
        <ele>1113</ele>
        <time>2026-07-19T12:35:54Z</time>
        <hdop>3</hdop>
        <extensions>
          <osmand:speed>0.9</osmand:speed>
        </extensions>
      </trkpt>
      <trkpt lat="43.7324637" lon="6.566629">
        <ele>1112.5</ele>
        <time>2026-07-19T12:35:59Z</time>
        <hdop>3</hdop>
        <extensions>
          <osmand:speed>0.8</osmand:speed>
        </extensions>
      </trkpt>
      <trkpt lat="43.7324367" lon="6.5666395">
        <ele>1112</ele>
        <time>2026-07-19T12:36:04Z</time>
        <hdop>3</hdop>
        <extensions>
          <osmand:speed>0.7</osmand:speed>
        </extensions>
      </trkpt>
      <trkpt lat="43.7323993" lon="6.5666666">
        <ele>1110.6</ele>
        <time>2026-07-19T12:36:09Z</time>
        <hdop>3</hdop>
        <extensions>
          <osmand:speed>1.1</osmand:speed>
        </extensions>
      </trkpt>
      <trkpt lat="43.7323714" lon="6.5667027">
        <ele>1110.3</ele>
        <time>2026-07-19T12:36:14Z</time>
        <hdop>3.1</hdop>
        <extensions>
          <osmand:speed>0.9</osmand:speed>
        </extensions>
      </trkpt>
      <trkpt lat="43.7323479" lon="6.5667372">
        <ele>1109.4</ele>
        <time>2026-07-19T12:36:19Z</time>
        <hdop>3</hdop>
        <extensions>
          <osmand:speed>0.9</osmand:speed>
        </extensions>
      </trkpt>
      <trkpt lat="43.7323182" lon="6.5667652">
        <ele>1108</ele>
        <time>2026-07-19T12:36:25Z</time>
        <hdop>3.2</hdop>
        <extensions>
          <osmand:speed>1</osmand:speed>
        </extensions>
      </trkpt>
      <trkpt lat="43.7322711" lon="6.5667844">
        <ele>1107.1</ele>
        <time>2026-07-19T12:36:31Z</time>
        <hdop>3</hdop>
        <extensions>
          <osmand:speed>1.2</osmand:speed>
        </extensions>
      </trkpt>
      <trkpt lat="43.7322377" lon="6.5667852">
        <ele>1105.9</ele>
        <time>2026-07-19T12:36:36Z</time>
        <hdop>3</hdop>
        <extensions>
          <osmand:speed>0.7</osmand:speed>
        </extensions>
      </trkpt>
      <trkpt lat="43.7321891" lon="6.5668308">
        <ele>1104.8</ele>
        <time>2026-07-19T12:36:41Z</time>
        <hdop>3</hdop>
        <extensions>
          <osmand:speed>1.2</osmand:speed>
        </extensions>
      </trkpt>
      <trkpt lat="43.7321556" lon="6.5668761">
        <ele>1103.7</ele>
        <time>2026-07-19T12:36:46Z</time>
        <hdop>3</hdop>
        <extensions>
          <osmand:speed>1.1</osmand:speed>
        </extensions>
      </trkpt>
      <trkpt lat="43.7321137" lon="6.566862">
        <ele>1103.1</ele>
        <time>2026-07-19T12:36:51Z</time>
        <hdop>3</hdop>
        <extensions>
          <osmand:speed>1.2</osmand:speed>
        </extensions>
      </trkpt>
      <trkpt lat="43.7320555" lon="6.566845">
        <ele>1101.5</ele>
        <time>2026-07-19T12:36:57Z</time>
        <hdop>3</hdop>
        <extensions>
          <osmand:speed>1.2</osmand:speed>
        </extensions>
      </trkpt>
      <trkpt lat="43.7320588" lon="6.5668525">
        <ele>1101.1</ele>
        <time>2026-07-19T12:37:02Z</time>
        <hdop>3</hdop>
        <extensions>
          <osmand:speed>0.1</osmand:speed>
        </extensions>
      </trkpt>
      <trkpt lat="43.7320617" lon="6.5668578">
        <ele>1100.9</ele>
        <time>2026-07-19T12:37:08Z</time>
        <hdop>3</hdop>
        <extensions>
          <osmand:speed>0.1</osmand:speed>
        </extensions>
      </trkpt>
      <trkpt lat="43.732037" lon="6.5668544">
        <ele>1100.9</ele>
        <time>2026-07-19T12:37:13Z</time>
        <hdop>3</hdop>
        <extensions>
          <osmand:speed>0.8</osmand:speed>
        </extensions>
      </trkpt>
      <trkpt lat="43.7319862" lon="6.5668535">
        <ele>1100.2</ele>
        <time>2026-07-19T12:37:19Z</time>
        <hdop>3</hdop>
        <extensions>
          <osmand:speed>0.3</osmand:speed>
        </extensions>
      </trkpt>
      <trkpt lat="43.7319941" lon="6.5668535">
        <ele>1100</ele>
        <time>2026-07-19T12:37:25Z</time>
        <hdop>3</hdop>
        <extensions>
          <osmand:speed>0.1</osmand:speed>
        </extensions>
      </trkpt>
      <trkpt lat="43.7319932" lon="6.5668525">
        <ele>1099.9</ele>
        <time>2026-07-19T12:37:31Z</time>
        <hdop>3</hdop>
        <extensions>
          <osmand:speed>0.1</osmand:speed>
        </extensions>
      </trkpt>
      <trkpt lat="43.7319794" lon="6.5668486">
        <ele>1099.7</ele>
        <time>2026-07-19T12:37:36Z</time>
        <hdop>3</hdop>
        <extensions>
          <osmand:speed>0.3</osmand:speed>
        </extensions>
      </trkpt>
      <trkpt lat="43.7319363" lon="6.5668391">
        <ele>1098.8</ele>
        <time>2026-07-19T12:37:41Z</time>
        <hdop>3</hdop>
        <extensions>
          <osmand:speed>0.9</osmand:speed>
        </extensions>
      </trkpt>
      <trkpt lat="43.7319378" lon="6.5668424">
        <ele>1097.4</ele>
        <time>2026-07-19T12:37:47Z</time>
        <hdop>3</hdop>
        <extensions>
          <osmand:speed>0.1</osmand:speed>
        </extensions>
      </trkpt>
      <trkpt lat="43.7319392" lon="6.5668423">
        <ele>1097.1</ele>
        <time>2026-07-19T12:37:53Z</time>
        <hdop>3</hdop>
        <extensions>
          <osmand:speed>0.1</osmand:speed>
        </extensions>
      </trkpt>
      <trkpt lat="43.7319387" lon="6.5668406">
        <ele>1097.4</ele>
        <time>2026-07-19T12:37:58Z</time>
        <hdop>3</hdop>
        <extensions>
          <osmand:speed>0.1</osmand:speed>
        </extensions>
      </trkpt>
      <trkpt lat="43.7319257" lon="6.5668491">
        <ele>1097.5</ele>
        <time>2026-07-19T12:38:04Z</time>
        <hdop>3</hdop>
        <extensions>
          <osmand:speed>0.6</osmand:speed>
        </extensions>
      </trkpt>
      <trkpt lat="43.7319157" lon="6.5668794">
        <ele>1096.3</ele>
        <time>2026-07-19T12:38:09Z</time>
        <hdop>3</hdop>
        <extensions>
          <osmand:speed>0.1</osmand:speed>
        </extensions>
      </trkpt>
      <trkpt lat="43.7319179" lon="6.5668801">
        <ele>1096.1</ele>
        <time>2026-07-19T12:38:15Z</time>
        <hdop>3</hdop>
        <extensions>
          <osmand:speed>0.1</osmand:speed>
        </extensions>
      </trkpt>
      <trkpt lat="43.7319117" lon="6.5668817">
        <ele>1096.1</ele>
        <time>2026-07-19T12:38:20Z</time>
        <hdop>3.1</hdop>
        <extensions>
          <osmand:speed>0.2</osmand:speed>
        </extensions>
      </trkpt>
      <trkpt lat="43.7318649" lon="6.5668027">
        <ele>1095.6</ele>
        <time>2026-07-19T12:38:26Z</time>
        <hdop>5</hdop>
        <extensions>
          <osmand:speed>1.3</osmand:speed>
        </extensions>
      </trkpt>
      <trkpt lat="43.7318428" lon="6.5667135">
        <ele>1095.5</ele>
        <time>2026-07-19T12:38:31Z</time>
        <hdop>3.5</hdop>
        <extensions>
          <osmand:speed>1.2</osmand:speed>
        </extensions>
      </trkpt>
      <trkpt lat="43.7318982" lon="6.5666627">
        <ele>1095.4</ele>
        <time>2026-07-19T12:38:37Z</time>
        <hdop>3.6</hdop>
        <extensions>
          <osmand:speed>0.9</osmand:speed>
        </extensions>
      </trkpt>
      <trkpt lat="43.7319044" lon="6.5666831">
        <ele>1095.6</ele>
        <time>2026-07-19T12:38:43Z</time>
        <hdop>3</hdop>
        <extensions>
          <osmand:speed>0.1</osmand:speed>
        </extensions>
      </trkpt>
      <trkpt lat="43.7319027" lon="6.5666852">
        <ele>1095.5</ele>
        <time>2026-07-19T12:38:48Z</time>
        <hdop>3</hdop>
        <extensions>
          <osmand:speed>0.1</osmand:speed>
        </extensions>
      </trkpt>
      <trkpt lat="43.7319018" lon="6.5666867">
        <ele>1095.5</ele>
        <time>2026-07-19T12:38:54Z</time>
        <hdop>3</hdop>
        <extensions>
          <osmand:speed>0.1</osmand:speed>
        </extensions>
      </trkpt>
      <trkpt lat="43.7319023" lon="6.5666881">
        <ele>1095.6</ele>
        <time>2026-07-19T12:39:00Z</time>
        <hdop>3</hdop>
        <extensions>
          <osmand:speed>0</osmand:speed>
        </extensions>
      </trkpt>
      <trkpt lat="43.7319032" lon="6.5666897">
        <ele>1095.5</ele>
        <time>2026-07-19T12:39:06Z</time>
        <hdop>3</hdop>
        <extensions>
          <osmand:speed>0.1</osmand:speed>
        </extensions>
      </trkpt>
      <trkpt lat="43.7319043" lon="6.5666928">
        <ele>1095.4</ele>
        <time>2026-07-19T12:39:11Z</time>
        <hdop>3</hdop>
        <extensions>
          <osmand:speed>0.3</osmand:speed>
        </extensions>
      </trkpt>
      <trkpt lat="43.7319022" lon="6.5666911">
        <ele>1095.5</ele>
        <time>2026-07-19T12:39:17Z</time>
        <hdop>3</hdop>
        <extensions>
          <osmand:speed>0.1</osmand:speed>
        </extensions>
      </trkpt>
      <trkpt lat="43.7319003" lon="6.5666905">
        <ele>1095.6</ele>
        <time>2026-07-19T12:39:22Z</time>
        <hdop>3</hdop>
        <extensions>
          <osmand:speed>0.6</osmand:speed>
        </extensions>
      </trkpt>
      <trkpt lat="43.7318806" lon="6.5666903">
        <ele>1095.7</ele>
        <time>2026-07-19T12:39:28Z</time>
        <hdop>3</hdop>
        <extensions>
          <osmand:speed>0.2</osmand:speed>
        </extensions>
      </trkpt>
      <trkpt lat="43.731851" lon="6.5667304">
        <ele>1095.5</ele>
        <time>2026-07-19T12:39:33Z</time>
        <hdop>3</hdop>
        <extensions>
          <osmand:speed>1.1</osmand:speed>
        </extensions>
      </trkpt>
      <trkpt lat="43.7318629" lon="6.5668244">
        <ele>1095.5</ele>
        <time>2026-07-19T12:39:38Z</time>
        <hdop>3</hdop>
        <extensions>
          <osmand:speed>1.3</osmand:speed>
        </extensions>
      </trkpt>
      <trkpt lat="43.7318814" lon="6.5669071">
        <ele>1095.5</ele>
        <time>2026-07-19T12:39:43Z</time>
        <hdop>3.1</hdop>
        <extensions>
          <osmand:speed>1.4</osmand:speed>
        </extensions>
      </trkpt>
      <trkpt lat="43.7318661" lon="6.5670283">
        <ele>1095.6</ele>
        <time>2026-07-19T12:39:49Z</time>
        <hdop>3</hdop>
        <extensions>
          <osmand:speed>0.9</osmand:speed>
        </extensions>
      </trkpt>
      <trkpt lat="43.7318689" lon="6.567022">
        <ele>1095.6</ele>
        <time>2026-07-19T12:39:54Z</time>
        <hdop>3</hdop>
        <extensions>
          <osmand:speed>0.1</osmand:speed>
        </extensions>
      </trkpt>
      <trkpt lat="43.7318673" lon="6.5670122">
        <ele>1095.6</ele>
        <time>2026-07-19T12:40:00Z</time>
        <hdop>3</hdop>
        <extensions>
          <osmand:speed>0.1</osmand:speed>
        </extensions>
      </trkpt>
      <trkpt lat="43.7318661" lon="6.567008">
        <ele>1095.5</ele>
        <time>2026-07-19T12:40:06Z</time>
        <hdop>3</hdop>
        <extensions>
          <osmand:speed>0.1</osmand:speed>
        </extensions>
      </trkpt>
      <trkpt lat="43.7318649" lon="6.5670156">
        <ele>1095.4</ele>
        <time>2026-07-19T12:40:11Z</time>
        <hdop>3</hdop>
        <extensions>
          <osmand:speed>0</osmand:speed>
        </extensions>
      </trkpt>
      <trkpt lat="43.7318617" lon="6.5670681">
        <ele>1095.5</ele>
        <time>2026-07-19T12:40:16Z</time>
        <hdop>3.1</hdop>
        <extensions>
          <osmand:speed>1.2</osmand:speed>
        </extensions>
      </trkpt>
      <trkpt lat="43.7318659" lon="6.5671469">
        <ele>1095</ele>
        <time>2026-07-19T12:40:22Z</time>
        <hdop>3.2</hdop>
        <extensions>
          <osmand:speed>1.1</osmand:speed>
        </extensions>
      </trkpt>
      <trkpt lat="43.7318647" lon="6.567209">
        <ele>1094.1</ele>
        <time>2026-07-19T12:40:27Z</time>
        <hdop>3</hdop>
        <extensions>
          <osmand:speed>1.2</osmand:speed>
        </extensions>
      </trkpt>
      <trkpt lat="43.7318632" lon="6.5672665">
        <ele>1093</ele>
        <time>2026-07-19T12:40:33Z</time>
        <hdop>3</hdop>
        <extensions>
          <osmand:speed>1.1</osmand:speed>
        </extensions>
      </trkpt>
      <trkpt lat="43.7318552" lon="6.5673302">
        <ele>1092.2</ele>
        <time>2026-07-19T12:40:38Z</time>
        <hdop>3.1</hdop>
        <extensions>
          <osmand:speed>0.8</osmand:speed>
        </extensions>
      </trkpt>
      <trkpt lat="43.7318426" lon="6.5673811">
        <ele>1091.5</ele>
        <time>2026-07-19T12:40:43Z</time>
        <hdop>3</hdop>
        <extensions>
          <osmand:speed>1.1</osmand:speed>
        </extensions>
      </trkpt>
      <trkpt lat="43.7318415" lon="6.5674433">
        <ele>1090.9</ele>
        <time>2026-07-19T12:40:49Z</time>
        <hdop>3</hdop>
        <extensions>
          <osmand:speed>1.1</osmand:speed>
        </extensions>
      </trkpt>
      <trkpt lat="43.7318418" lon="6.5675144">
        <ele>1089.8</ele>
        <time>2026-07-19T12:40:54Z</time>
        <hdop>3.1</hdop>
        <extensions>
          <osmand:speed>1.1</osmand:speed>
        </extensions>
      </trkpt>
      <trkpt lat="43.7318377" lon="6.5675916">
        <ele>1089.1</ele>
        <time>2026-07-19T12:40:59Z</time>
        <hdop>3.1</hdop>
        <extensions>
          <osmand:speed>1.2</osmand:speed>
        </extensions>
      </trkpt>
      <trkpt lat="43.731839" lon="6.5676552">
        <ele>1088.4</ele>
        <time>2026-07-19T12:41:04Z</time>
        <hdop>3</hdop>
        <extensions>
          <osmand:speed>1.2</osmand:speed>
        </extensions>
      </trkpt>
      <trkpt lat="43.7318353" lon="6.5677221">
        <ele>1086.9</ele>
        <time>2026-07-19T12:41:09Z</time>
        <hdop>3</hdop>
        <extensions>
          <osmand:speed>1</osmand:speed>
        </extensions>
      </trkpt>
      <trkpt lat="43.7318282" lon="6.5678072">
        <ele>1085.6</ele>
        <time>2026-07-19T12:41:15Z</time>
        <hdop>3</hdop>
        <extensions>
          <osmand:speed>1.3</osmand:speed>
        </extensions>
      </trkpt>
      <trkpt lat="43.7318008" lon="6.5678808">
        <ele>1085.2</ele>
        <time>2026-07-19T12:41:21Z</time>
        <hdop>3</hdop>
        <extensions>
          <osmand:speed>1.2</osmand:speed>
        </extensions>
      </trkpt>
      <trkpt lat="43.7317814" lon="6.5679531">
        <ele>1085</ele>
        <time>2026-07-19T12:41:26Z</time>
        <hdop>3</hdop>
        <extensions>
          <osmand:speed>1.2</osmand:speed>
        </extensions>
      </trkpt>
      <trkpt lat="43.7317655" lon="6.5680207">
        <ele>1084.2</ele>
        <time>2026-07-19T12:41:32Z</time>
        <hdop>3</hdop>
        <extensions>
          <osmand:speed>1.3</osmand:speed>
        </extensions>
      </trkpt>
      <trkpt lat="43.7317443" lon="6.5680924">
        <ele>1083.8</ele>
        <time>2026-07-19T12:41:37Z</time>
        <hdop>3</hdop>
        <extensions>
          <osmand:speed>1.2</osmand:speed>
        </extensions>
      </trkpt>
      <trkpt lat="43.7317212" lon="6.5681677">
        <ele>1083.7</ele>
        <time>2026-07-19T12:41:42Z</time>
        <hdop>3</hdop>
        <extensions>
          <osmand:speed>1.2</osmand:speed>
        </extensions>
      </trkpt>
      <trkpt lat="43.7317044" lon="6.5682472">
        <ele>1084.2</ele>
        <time>2026-07-19T12:41:47Z</time>
        <hdop>3</hdop>
        <extensions>
          <osmand:speed>1.2</osmand:speed>
        </extensions>
      </trkpt>
      <trkpt lat="43.7316845" lon="6.5683376">
        <ele>1084.6</ele>
        <time>2026-07-19T12:41:53Z</time>
        <hdop>3.1</hdop>
        <extensions>
          <osmand:speed>1.3</osmand:speed>
        </extensions>
      </trkpt>
      <trkpt lat="43.7316692" lon="6.5683651">
        <ele>1084.3</ele>
        <time>2026-07-19T12:41:58Z</time>
        <hdop>3.1</hdop>
        <extensions>
          <osmand:speed>0.4</osmand:speed>
        </extensions>
      </trkpt>
      <trkpt lat="43.731654" lon="6.5684156">
        <ele>1083.9</ele>
        <time>2026-07-19T12:42:04Z</time>
        <hdop>3</hdop>
        <extensions>
          <osmand:speed>1.1</osmand:speed>
        </extensions>
      </trkpt>
      <trkpt lat="43.7316546" lon="6.5684876">
        <ele>1083.2</ele>
        <time>2026-07-19T12:42:09Z</time>
        <hdop>3.1</hdop>
        <extensions>
          <osmand:speed>1</osmand:speed>
        </extensions>
      </trkpt>
      <trkpt lat="43.7316472" lon="6.5685334">
        <ele>1083.6</ele>
        <time>2026-07-19T12:42:14Z</time>
        <hdop>3</hdop>
        <extensions>
          <osmand:speed>0.8</osmand:speed>
        </extensions>
      </trkpt>
      <trkpt lat="43.7316274" lon="6.5685874">
        <ele>1084</ele>
        <time>2026-07-19T12:42:19Z</time>
        <hdop>3</hdop>
        <extensions>
          <osmand:speed>0.9</osmand:speed>
        </extensions>
      </trkpt>
      <trkpt lat="43.7316084" lon="6.5686529">
        <ele>1085.2</ele>
        <time>2026-07-19T12:42:24Z</time>
        <hdop>3</hdop>
        <extensions>
          <osmand:speed>1.1</osmand:speed>
        </extensions>
      </trkpt>
      <trkpt lat="43.7316257" lon="6.5686943">
        <ele>1085.5</ele>
        <time>2026-07-19T12:42:30Z</time>
        <hdop>3</hdop>
        <extensions>
          <osmand:speed>0.5</osmand:speed>
        </extensions>
      </trkpt>
      <trkpt lat="43.7316221" lon="6.5686869">
        <ele>1086</ele>
        <time>2026-07-19T12:42:35Z</time>
        <hdop>3</hdop>
        <extensions>
          <osmand:speed>0.1</osmand:speed>
        </extensions>
      </trkpt>
      <trkpt lat="43.7316229" lon="6.568687">
        <ele>1086</ele>
        <time>2026-07-19T12:42:41Z</time>
        <hdop>3</hdop>
        <extensions>
          <osmand:speed>0.1</osmand:speed>
        </extensions>
      </trkpt>
      <trkpt lat="43.7316223" lon="6.5686869">
        <ele>1085.1</ele>
        <time>2026-07-19T12:42:46Z</time>
        <hdop>3</hdop>
        <extensions>
          <osmand:speed>0</osmand:speed>
        </extensions>
      </trkpt>
      <trkpt lat="43.7316025" lon="6.5687469">
        <ele>1085</ele>
        <time>2026-07-19T12:42:52Z</time>
        <hdop>3.1</hdop>
        <extensions>
          <osmand:speed>1</osmand:speed>
        </extensions>
      </trkpt>
      <trkpt lat="43.7315716" lon="6.5688159">
        <ele>1086.8</ele>
        <time>2026-07-19T12:42:58Z</time>
        <hdop>3.2</hdop>
        <extensions>
          <osmand:speed>1</osmand:speed>
        </extensions>
      </trkpt>
      <trkpt lat="43.7315475" lon="6.5688812">
        <ele>1087.4</ele>
        <time>2026-07-19T12:43:03Z</time>
        <hdop>3</hdop>
        <extensions>
          <osmand:speed>1.1</osmand:speed>
        </extensions>
      </trkpt>
      <trkpt lat="43.7315263" lon="6.5689396">
        <ele>1087.8</ele>
        <time>2026-07-19T12:43:08Z</time>
        <hdop>3</hdop>
        <extensions>
          <osmand:speed>1.1</osmand:speed>
        </extensions>
      </trkpt>
      <trkpt lat="43.731498" lon="6.5689956">
        <ele>1089.4</ele>
        <time>2026-07-19T12:43:13Z</time>
        <hdop>3</hdop>
        <extensions>
          <osmand:speed>1</osmand:speed>
        </extensions>
      </trkpt>
      <trkpt lat="43.7314607" lon="6.5690645">
        <ele>1089.4</ele>
        <time>2026-07-19T12:43:18Z</time>
        <hdop>3</hdop>
        <extensions>
          <osmand:speed>1.2</osmand:speed>
        </extensions>
      </trkpt>
      <trkpt lat="43.7314301" lon="6.5691325">
        <ele>1089.4</ele>
        <time>2026-07-19T12:43:23Z</time>
        <hdop>3</hdop>
        <extensions>
          <osmand:speed>1.2</osmand:speed>
        </extensions>
      </trkpt>
      <trkpt lat="43.731399" lon="6.5691951">
        <ele>1089.3</ele>
        <time>2026-07-19T12:43:28Z</time>
        <hdop>3.1</hdop>
        <extensions>
          <osmand:speed>1.1</osmand:speed>
        </extensions>
      </trkpt>
      <trkpt lat="43.7313768" lon="6.5692639">
        <ele>1089.8</ele>
        <time>2026-07-19T12:43:34Z</time>
        <hdop>3.1</hdop>
        <extensions>
          <osmand:speed>1.1</osmand:speed>
        </extensions>
      </trkpt>
      <trkpt lat="43.7313428" lon="6.569315">
        <ele>1090.6</ele>
        <time>2026-07-19T12:43:39Z</time>
        <hdop>3.3</hdop>
        <extensions>
          <osmand:speed>1.2</osmand:speed>
        </extensions>
      </trkpt>
      <trkpt lat="43.731319" lon="6.5693682">
        <ele>1091.5</ele>
        <time>2026-07-19T12:43:44Z</time>
        <hdop>3.8</hdop>
        <extensions>
          <osmand:speed>1.1</osmand:speed>
        </extensions>
      </trkpt>
      <trkpt lat="43.7312903" lon="6.5694301">
        <ele>1091.8</ele>
        <time>2026-07-19T12:43:49Z</time>
        <hdop>3.5</hdop>
        <extensions>
          <osmand:speed>1.2</osmand:speed>
        </extensions>
      </trkpt>
      <trkpt lat="43.7312572" lon="6.5694907">
        <ele>1091.9</ele>
        <time>2026-07-19T12:43:55Z</time>
        <hdop>3.1</hdop>
        <extensions>
          <osmand:speed>1.2</osmand:speed>
        </extensions>
      </trkpt>
      <trkpt lat="43.7312273" lon="6.5695628">
        <ele>1092.7</ele>
        <time>2026-07-19T12:44:00Z</time>
        <hdop>3.1</hdop>
        <extensions>
          <osmand:speed>1.1</osmand:speed>
        </extensions>
      </trkpt>
      <trkpt lat="43.7312127" lon="6.569627">
        <ele>1093.3</ele>
        <time>2026-07-19T12:44:05Z</time>
        <hdop>3</hdop>
        <extensions>
          <osmand:speed>1.2</osmand:speed>
        </extensions>
      </trkpt>
      <trkpt lat="43.7312226" lon="6.5696848">
        <ele>1094.5</ele>
        <time>2026-07-19T12:44:10Z</time>
        <hdop>3</hdop>
        <extensions>
          <osmand:speed>1.1</osmand:speed>
        </extensions>
      </trkpt>
      <trkpt lat="43.7312128" lon="6.5697515">
        <ele>1094.7</ele>
        <time>2026-07-19T12:44:15Z</time>
        <hdop>3.1</hdop>
        <extensions>
          <osmand:speed>1.1</osmand:speed>
        </extensions>
      </trkpt>
      <trkpt lat="43.7312072" lon="6.5698361">
        <ele>1096</ele>
        <time>2026-07-19T12:44:21Z</time>
        <hdop>3</hdop>
        <extensions>
          <osmand:speed>0.9</osmand:speed>
        </extensions>
      </trkpt>
      <trkpt lat="43.7311905" lon="6.5698916">
        <ele>1095.3</ele>
        <time>2026-07-19T12:44:27Z</time>
        <hdop>3</hdop>
        <extensions>
          <osmand:speed>1</osmand:speed>
        </extensions>
      </trkpt>
      <trkpt lat="43.7311529" lon="6.5699583">
        <ele>1094.6</ele>
        <time>2026-07-19T12:44:32Z</time>
        <hdop>3.1</hdop>
        <extensions>
          <osmand:speed>1.1</osmand:speed>
        </extensions>
      </trkpt>
      <trkpt lat="43.7311109" lon="6.5700202">
        <ele>1094.6</ele>
        <time>2026-07-19T12:44:38Z</time>
        <hdop>3.1</hdop>
        <extensions>
          <osmand:speed>1.3</osmand:speed>
        </extensions>
      </trkpt>
      <trkpt lat="43.7310889" lon="6.5700825">
        <ele>1094.1</ele>
        <time>2026-07-19T12:44:43Z</time>
        <hdop>3</hdop>
        <extensions>
          <osmand:speed>1.1</osmand:speed>
        </extensions>
      </trkpt>
      <trkpt lat="43.73107" lon="6.5701372">
        <ele>1093.6</ele>
        <time>2026-07-19T12:44:48Z</time>
        <hdop>3</hdop>
        <extensions>
          <osmand:speed>0.6</osmand:speed>
        </extensions>
      </trkpt>
      <trkpt lat="43.7310665" lon="6.570143">
        <ele>1094.1</ele>
        <time>2026-07-19T12:44:54Z</time>
        <hdop>3</hdop>
        <extensions>
          <osmand:speed>0.1</osmand:speed>
        </extensions>
      </trkpt>
      <trkpt lat="43.7310695" lon="6.5701482">
        <ele>1094</ele>
        <time>2026-07-19T12:44:59Z</time>
        <hdop>3</hdop>
        <extensions>
          <osmand:speed>0.2</osmand:speed>
        </extensions>
      </trkpt>
      <trkpt lat="43.7310434" lon="6.5701415">
        <ele>1093.6</ele>
        <time>2026-07-19T12:45:05Z</time>
        <hdop>3</hdop>
        <extensions>
          <osmand:speed>0.6</osmand:speed>
        </extensions>
      </trkpt>
      <trkpt lat="43.7310202" lon="6.5702146">
        <ele>1092.6</ele>
        <time>2026-07-19T12:45:11Z</time>
        <hdop>3</hdop>
        <extensions>
          <osmand:speed>0.7</osmand:speed>
        </extensions>
      </trkpt>
      <trkpt lat="43.7310283" lon="6.5702611">
        <ele>1093.2</ele>
        <time>2026-07-19T12:45:17Z</time>
        <hdop>3</hdop>
        <extensions>
          <osmand:speed>0.8</osmand:speed>
        </extensions>
      </trkpt>
      <trkpt lat="43.7310611" lon="6.5702458">
        <ele>1095</ele>
        <time>2026-07-19T12:45:22Z</time>
        <hdop>3</hdop>
        <extensions>
          <osmand:speed>0.1</osmand:speed>
        </extensions>
      </trkpt>
      <trkpt lat="43.7310817" lon="6.5702424">
        <ele>1095.1</ele>
        <time>2026-07-19T12:45:27Z</time>
        <hdop>3</hdop>
        <extensions>
          <osmand:speed>0.1</osmand:speed>
        </extensions>
      </trkpt>
      <trkpt lat="43.7310924" lon="6.5702471">
        <ele>1094.4</ele>
        <time>2026-07-19T12:45:33Z</time>
        <hdop>3</hdop>
        <extensions>
          <osmand:speed>0.1</osmand:speed>
        </extensions>
      </trkpt>
      <trkpt lat="43.7310955" lon="6.5702518">
        <ele>1094.8</ele>
        <time>2026-07-19T12:45:38Z</time>
        <hdop>3</hdop>
        <extensions>
          <osmand:speed>0</osmand:speed>
        </extensions>
      </trkpt>
      <trkpt lat="43.7310952" lon="6.5702544">
        <ele>1095.2</ele>
        <time>2026-07-19T12:45:44Z</time>
        <hdop>3</hdop>
        <extensions>
          <osmand:speed>0.1</osmand:speed>
        </extensions>
      </trkpt>
      <trkpt lat="43.7310947" lon="6.5702562">
        <ele>1095.1</ele>
        <time>2026-07-19T12:45:49Z</time>
        <hdop>3</hdop>
        <extensions>
          <osmand:speed>0.1</osmand:speed>
        </extensions>
      </trkpt>
      <trkpt lat="43.7310944" lon="6.570258">
        <ele>1095.8</ele>
        <time>2026-07-19T12:45:54Z</time>
        <hdop>3</hdop>
        <extensions>
          <osmand:speed>0.1</osmand:speed>
        </extensions>
      </trkpt>
      <trkpt lat="43.7310946" lon="6.5702592">
        <ele>1094.9</ele>
        <time>2026-07-19T12:46:00Z</time>
        <hdop>3</hdop>
        <extensions>
          <osmand:speed>0.1</osmand:speed>
        </extensions>
      </trkpt>
      <trkpt lat="43.7310953" lon="6.5702598">
        <ele>1093.7</ele>
        <time>2026-07-19T12:46:06Z</time>
        <hdop>3</hdop>
        <extensions>
          <osmand:speed>0.1</osmand:speed>
        </extensions>
      </trkpt>
      <trkpt lat="43.731096" lon="6.5702605">
        <ele>1093.7</ele>
        <time>2026-07-19T12:46:12Z</time>
        <hdop>3</hdop>
        <extensions>
          <osmand:speed>0.1</osmand:speed>
        </extensions>
      </trkpt>
      <trkpt lat="43.7310962" lon="6.5702602">
        <ele>1093.6</ele>
        <time>2026-07-19T12:46:18Z</time>
        <hdop>3</hdop>
        <extensions>
          <osmand:speed>0.2</osmand:speed>
        </extensions>
      </trkpt>
      <trkpt lat="43.7311101" lon="6.5702844">
        <ele>1094.1</ele>
        <time>2026-07-19T12:46:23Z</time>
        <hdop>3.3</hdop>
        <extensions>
          <osmand:speed>0.1</osmand:speed>
        </extensions>
      </trkpt>
      <trkpt lat="43.7311119" lon="6.5702898">
        <ele>1093.4</ele>
        <time>2026-07-19T12:46:28Z</time>
        <hdop>3</hdop>
        <extensions>
          <osmand:speed>0.1</osmand:speed>
        </extensions>
      </trkpt>
      <trkpt lat="43.7311127" lon="6.5702933">
        <ele>1093.7</ele>
        <time>2026-07-19T12:46:34Z</time>
        <hdop>3</hdop>
        <extensions>
          <osmand:speed>0.1</osmand:speed>
        </extensions>
      </trkpt>
      <trkpt lat="43.7311126" lon="6.570294">
        <ele>1093.6</ele>
        <time>2026-07-19T12:46:40Z</time>
        <hdop>3</hdop>
        <extensions>
          <osmand:speed>0.1</osmand:speed>
        </extensions>
      </trkpt>
      <trkpt lat="43.7311107" lon="6.5702938">
        <ele>1093.7</ele>
        <time>2026-07-19T12:46:46Z</time>
        <hdop>3</hdop>
        <extensions>
          <osmand:speed>0.1</osmand:speed>
        </extensions>
      </trkpt>
      <trkpt lat="43.7311089" lon="6.570293">
        <ele>1093.3</ele>
        <time>2026-07-19T12:46:52Z</time>
        <hdop>3</hdop>
        <extensions>
          <osmand:speed>0.1</osmand:speed>
        </extensions>
      </trkpt>
      <trkpt lat="43.7311074" lon="6.570289">
        <ele>1092.9</ele>
        <time>2026-07-19T12:46:57Z</time>
        <hdop>3</hdop>
        <extensions>
          <osmand:speed>0.1</osmand:speed>
        </extensions>
      </trkpt>
      <trkpt lat="43.7311062" lon="6.5702864">
        <ele>1093.4</ele>
        <time>2026-07-19T12:47:02Z</time>
        <hdop>3</hdop>
        <extensions>
          <osmand:speed>0.1</osmand:speed>
        </extensions>
      </trkpt>
      <trkpt lat="43.7311055" lon="6.5702841">
        <ele>1093.3</ele>
        <time>2026-07-19T12:47:07Z</time>
        <hdop>3</hdop>
        <extensions>
          <osmand:speed>0.1</osmand:speed>
        </extensions>
      </trkpt>
      <trkpt lat="43.7311061" lon="6.5702806">
        <ele>1093.5</ele>
        <time>2026-07-19T12:47:13Z</time>
        <hdop>3</hdop>
        <extensions>
          <osmand:speed>0.1</osmand:speed>
        </extensions>
      </trkpt>
      <trkpt lat="43.7311062" lon="6.5702789">
        <ele>1093.9</ele>
        <time>2026-07-19T12:47:19Z</time>
        <hdop>3</hdop>
        <extensions>
          <osmand:speed>0.1</osmand:speed>
        </extensions>
      </trkpt>
      <trkpt lat="43.7311067" lon="6.5702778">
        <ele>1094</ele>
        <time>2026-07-19T12:47:24Z</time>
        <hdop>3</hdop>
        <extensions>
          <osmand:speed>0.1</osmand:speed>
        </extensions>
      </trkpt>
      <trkpt lat="43.7311071" lon="6.5702769">
        <ele>1094.2</ele>
        <time>2026-07-19T12:47:30Z</time>
        <hdop>3</hdop>
        <extensions>
          <osmand:speed>0.1</osmand:speed>
        </extensions>
      </trkpt>
      <trkpt lat="43.7311075" lon="6.5702769">
        <ele>1093.5</ele>
        <time>2026-07-19T12:47:36Z</time>
        <hdop>3</hdop>
        <extensions>
          <osmand:speed>0.1</osmand:speed>
        </extensions>
      </trkpt>
      <trkpt lat="43.7311082" lon="6.5702752">
        <ele>1093.2</ele>
        <time>2026-07-19T12:47:42Z</time>
        <hdop>3</hdop>
        <extensions>
          <osmand:speed>0.1</osmand:speed>
        </extensions>
      </trkpt>
      <trkpt lat="43.7311094" lon="6.5702747">
        <ele>1093.7</ele>
        <time>2026-07-19T12:47:48Z</time>
        <hdop>3</hdop>
        <extensions>
          <osmand:speed>0.1</osmand:speed>
        </extensions>
      </trkpt>
      <trkpt lat="43.7311094" lon="6.5702737">
        <ele>1093.4</ele>
        <time>2026-07-19T12:47:54Z</time>
        <hdop>3</hdop>
        <extensions>
          <osmand:speed>0.1</osmand:speed>
        </extensions>
      </trkpt>
      <trkpt lat="43.7311092" lon="6.5702728">
        <ele>1093.4</ele>
        <time>2026-07-19T12:48:00Z</time>
        <hdop>3</hdop>
        <extensions>
          <osmand:speed>0.1</osmand:speed>
        </extensions>
      </trkpt>
      <trkpt lat="43.7311093" lon="6.5702717">
        <ele>1093.2</ele>
        <time>2026-07-19T12:48:06Z</time>
        <hdop>3</hdop>
        <extensions>
          <osmand:speed>0.1</osmand:speed>
        </extensions>
      </trkpt>
      <trkpt lat="43.7311095" lon="6.5702706">
        <ele>1092.5</ele>
        <time>2026-07-19T12:48:12Z</time>
        <hdop>3</hdop>
        <extensions>
          <osmand:speed>0.1</osmand:speed>
        </extensions>
      </trkpt>
      <trkpt lat="43.7311099" lon="6.5702702">
        <ele>1093.6</ele>
        <time>2026-07-19T12:48:18Z</time>
        <hdop>3</hdop>
        <extensions>
          <osmand:speed>0.1</osmand:speed>
        </extensions>
      </trkpt>
      <trkpt lat="43.7311098" lon="6.5702688">
        <ele>1093.1</ele>
        <time>2026-07-19T12:48:24Z</time>
        <hdop>3</hdop>
        <extensions>
          <osmand:speed>0.1</osmand:speed>
        </extensions>
      </trkpt>
      <trkpt lat="43.73111" lon="6.5702675">
        <ele>1093.6</ele>
        <time>2026-07-19T12:48:30Z</time>
        <hdop>3</hdop>
        <extensions>
          <osmand:speed>0.1</osmand:speed>
        </extensions>
      </trkpt>
      <trkpt lat="43.7311106" lon="6.5702662">
        <ele>1093.6</ele>
        <time>2026-07-19T12:48:36Z</time>
        <hdop>3</hdop>
        <extensions>
          <osmand:speed>0.1</osmand:speed>
        </extensions>
      </trkpt>
      <trkpt lat="43.7311111" lon="6.570265">
        <ele>1093.2</ele>
        <time>2026-07-19T12:48:42Z</time>
        <hdop>3</hdop>
        <extensions>
          <osmand:speed>0.1</osmand:speed>
        </extensions>
      </trkpt>
      <trkpt lat="43.7311114" lon="6.5702646">
        <ele>1093.6</ele>
        <time>2026-07-19T12:48:47Z</time>
        <hdop>3</hdop>
        <extensions>
          <osmand:speed>0.1</osmand:speed>
        </extensions>
      </trkpt>
      <trkpt lat="43.731112" lon="6.5702583">
        <ele>1093.1</ele>
        <time>2026-07-19T12:48:53Z</time>
        <hdop>3</hdop>
        <extensions>
          <osmand:speed>0.1</osmand:speed>
        </extensions>
      </trkpt>
      <trkpt lat="43.7311142" lon="6.5702569">
        <ele>1092.7</ele>
        <time>2026-07-19T12:48:58Z</time>
        <hdop>3</hdop>
        <extensions>
          <osmand:speed>0.1</osmand:speed>
        </extensions>
      </trkpt>
      <trkpt lat="43.7311154" lon="6.5702562">
        <ele>1093</ele>
        <time>2026-07-19T12:49:03Z</time>
        <hdop>3</hdop>
        <extensions>
          <osmand:speed>0.1</osmand:speed>
        </extensions>
      </trkpt>
      <trkpt lat="43.7311159" lon="6.5702561">
        <ele>1092.5</ele>
        <time>2026-07-19T12:49:09Z</time>
        <hdop>3</hdop>
        <extensions>
          <osmand:speed>0.1</osmand:speed>
        </extensions>
      </trkpt>
      <trkpt lat="43.7311156" lon="6.5702606">
        <ele>1092.5</ele>
        <time>2026-07-19T12:49:15Z</time>
        <hdop>3.1</hdop>
        <extensions>
          <osmand:speed>0.6</osmand:speed>
        </extensions>
      </trkpt>
      <trkpt lat="43.7310534" lon="6.5702249">
        <ele>1091.9</ele>
        <time>2026-07-19T12:49:20Z</time>
        <hdop>3.7</hdop>
        <extensions>
          <osmand:speed>0.9</osmand:speed>
        </extensions>
      </trkpt>
      <trkpt lat="43.7310017" lon="6.5702366">
        <ele>1091.8</ele>
        <time>2026-07-19T12:49:26Z</time>
        <hdop>3</hdop>
        <extensions>
          <osmand:speed>1</osmand:speed>
        </extensions>
      </trkpt>
      <trkpt lat="43.73095" lon="6.570259">
        <ele>1091.1</ele>
        <time>2026-07-19T12:49:32Z</time>
        <hdop>3</hdop>
        <extensions>
          <osmand:speed>1.1</osmand:speed>
        </extensions>
      </trkpt>
      <trkpt lat="43.7308857" lon="6.5702708">
        <ele>1090.4</ele>
        <time>2026-07-19T12:49:37Z</time>
        <hdop>3</hdop>
        <extensions>
          <osmand:speed>1.2</osmand:speed>
        </extensions>
      </trkpt>
      <trkpt lat="43.7308334" lon="6.5702683">
        <ele>1089.3</ele>
        <time>2026-07-19T12:49:42Z</time>
        <hdop>3</hdop>
        <extensions>
          <osmand:speed>1.2</osmand:speed>
        </extensions>
      </trkpt>
      <trkpt lat="43.7307858" lon="6.5703074">
        <ele>1088.6</ele>
        <time>2026-07-19T12:49:48Z</time>
        <hdop>3</hdop>
        <extensions>
          <osmand:speed>1.3</osmand:speed>
        </extensions>
      </trkpt>
      <trkpt lat="43.7307537" lon="6.5703786">
        <ele>1087.4</ele>
        <time>2026-07-19T12:49:53Z</time>
        <hdop>3</hdop>
        <extensions>
          <osmand:speed>1.3</osmand:speed>
        </extensions>
      </trkpt>
      <trkpt lat="43.7307371" lon="6.5704154">
        <ele>1088.1</ele>
        <time>2026-07-19T12:49:58Z</time>
        <hdop>3.1</hdop>
        <extensions>
          <osmand:speed>0.3</osmand:speed>
        </extensions>
      </trkpt>
      <trkpt lat="43.7307437" lon="6.5703982">
        <ele>1087.9</ele>
        <time>2026-07-19T12:50:03Z</time>
        <hdop>3</hdop>
        <extensions>
          <osmand:speed>0.1</osmand:speed>
        </extensions>
      </trkpt>
      <trkpt lat="43.7307167" lon="6.5704528">
        <ele>1087</ele>
        <time>2026-07-19T12:50:09Z</time>
        <hdop>3</hdop>
        <extensions>
          <osmand:speed>1.1</osmand:speed>
        </extensions>
      </trkpt>
      <trkpt lat="43.7306798" lon="6.5705306">
        <ele>1086.9</ele>
        <time>2026-07-19T12:50:14Z</time>
        <hdop>3</hdop>
        <extensions>
          <osmand:speed>1.1</osmand:speed>
        </extensions>
      </trkpt>
      <trkpt lat="43.7306439" lon="6.5705998">
        <ele>1086.6</ele>
        <time>2026-07-19T12:50:20Z</time>
        <hdop>3</hdop>
        <extensions>
          <osmand:speed>1.2</osmand:speed>
        </extensions>
      </trkpt>
      <trkpt lat="43.730614" lon="6.5706594">
        <ele>1086</ele>
        <time>2026-07-19T12:50:25Z</time>
        <hdop>3</hdop>
        <extensions>
          <osmand:speed>1.2</osmand:speed>
        </extensions>
      </trkpt>
      <trkpt lat="43.7305924" lon="6.5707234">
        <ele>1086.4</ele>
        <time>2026-07-19T12:50:31Z</time>
        <hdop>3.1</hdop>
        <extensions>
          <osmand:speed>1.1</osmand:speed>
        </extensions>
      </trkpt>
      <trkpt lat="43.7305601" lon="6.5707927">
        <ele>1085.4</ele>
        <time>2026-07-19T12:50:36Z</time>
        <hdop>3.1</hdop>
        <extensions>
          <osmand:speed>1.2</osmand:speed>
        </extensions>
      </trkpt>
      <trkpt lat="43.7305428" lon="6.570806">
        <ele>1085</ele>
        <time>2026-07-19T12:50:41Z</time>
        <hdop>3</hdop>
        <extensions>
          <osmand:speed>0.1</osmand:speed>
        </extensions>
      </trkpt>
      <trkpt lat="43.7305414" lon="6.570796">
        <ele>1085</ele>
        <time>2026-07-19T12:50:47Z</time>
        <hdop>3</hdop>
        <extensions>
          <osmand:speed>0.1</osmand:speed>
        </extensions>
      </trkpt>
      <trkpt lat="43.7305402" lon="6.5707946">
        <ele>1085.1</ele>
        <time>2026-07-19T12:50:53Z</time>
        <hdop>3</hdop>
        <extensions>
          <osmand:speed>0.1</osmand:speed>
        </extensions>
      </trkpt>
      <trkpt lat="43.7305403" lon="6.5707953">
        <ele>1085.6</ele>
        <time>2026-07-19T12:50:58Z</time>
        <hdop>3</hdop>
        <extensions>
          <osmand:speed>0</osmand:speed>
        </extensions>
      </trkpt>
      <trkpt lat="43.7305396" lon="6.5707965">
        <ele>1085</ele>
        <time>2026-07-19T12:51:04Z</time>
        <hdop>3</hdop>
        <extensions>
          <osmand:speed>0.1</osmand:speed>
        </extensions>
      </trkpt>
      <trkpt lat="43.7305315" lon="6.5708198">
        <ele>1085.2</ele>
        <time>2026-07-19T12:51:10Z</time>
        <hdop>3.1</hdop>
        <extensions>
          <osmand:speed>1.3</osmand:speed>
        </extensions>
      </trkpt>
      <trkpt lat="43.730481" lon="6.5708952">
        <ele>1083.7</ele>
        <time>2026-07-19T12:51:15Z</time>
        <hdop>3.9</hdop>
        <extensions>
          <osmand:speed>1.3</osmand:speed>
        </extensions>
      </trkpt>
      <trkpt lat="43.7304434" lon="6.5709595">
        <ele>1083.5</ele>
        <time>2026-07-19T12:51:20Z</time>
        <hdop>3.1</hdop>
        <extensions>
          <osmand:speed>1.2</osmand:speed>
        </extensions>
      </trkpt>
      <trkpt lat="43.7304061" lon="6.5710307">
        <ele>1084.7</ele>
        <time>2026-07-19T12:51:26Z</time>
        <hdop>3.2</hdop>
        <extensions>
          <osmand:speed>1.3</osmand:speed>
        </extensions>
      </trkpt>
      <trkpt lat="43.7303981" lon="6.5710729">
        <ele>1083.4</ele>
        <time>2026-07-19T12:51:31Z</time>
        <hdop>3</hdop>
        <extensions>
          <osmand:speed>0.8</osmand:speed>
        </extensions>
      </trkpt>
      <trkpt lat="43.730391" lon="6.5710579">
        <ele>1083.7</ele>
        <time>2026-07-19T12:51:37Z</time>
        <hdop>3</hdop>
        <extensions>
          <osmand:speed>0</osmand:speed>
        </extensions>
      </trkpt>
      <trkpt lat="43.7303833" lon="6.5710672">
        <ele>1083.1</ele>
        <time>2026-07-19T12:51:43Z</time>
        <hdop>3</hdop>
        <extensions>
          <osmand:speed>0.4</osmand:speed>
        </extensions>
      </trkpt>
      <trkpt lat="43.7303343" lon="6.571151">
        <ele>1082.7</ele>
        <time>2026-07-19T12:51:48Z</time>
        <hdop>3</hdop>
        <extensions>
          <osmand:speed>1.2</osmand:speed>
        </extensions>
      </trkpt>
      <trkpt lat="43.7302801" lon="6.5711944">
        <ele>1082.8</ele>
        <time>2026-07-19T12:51:53Z</time>
        <hdop>3</hdop>
        <extensions>
          <osmand:speed>1.2</osmand:speed>
        </extensions>
      </trkpt>
      <trkpt lat="43.7302385" lon="6.5712391">
        <ele>1081</ele>
        <time>2026-07-19T12:51:59Z</time>
        <hdop>3</hdop>
        <extensions>
          <osmand:speed>1.3</osmand:speed>
        </extensions>
      </trkpt>
      <trkpt lat="43.730207" lon="6.5712701">
        <ele>1079.8</ele>
        <time>2026-07-19T12:52:04Z</time>
        <hdop>3.1</hdop>
        <extensions>
          <osmand:speed>0.7</osmand:speed>
        </extensions>
      </trkpt>
      <trkpt lat="43.7302108" lon="6.5712769">
        <ele>1079.5</ele>
        <time>2026-07-19T12:52:09Z</time>
        <hdop>3</hdop>
        <extensions>
          <osmand:speed>0.1</osmand:speed>
        </extensions>
      </trkpt>
      <trkpt lat="43.7302157" lon="6.5712786">
        <ele>1078.7</ele>
        <time>2026-07-19T12:52:14Z</time>
        <hdop>3</hdop>
        <extensions>
          <osmand:speed>0.1</osmand:speed>
        </extensions>
      </trkpt>
      <trkpt lat="43.7302145" lon="6.5712951">
        <ele>1078.7</ele>
        <time>2026-07-19T12:52:19Z</time>
        <hdop>3</hdop>
        <extensions>
          <osmand:speed>0.4</osmand:speed>
        </extensions>
      </trkpt>
      <trkpt lat="43.7301657" lon="6.5713894">
        <ele>1079</ele>
        <time>2026-07-19T12:52:25Z</time>
        <hdop>3</hdop>
        <extensions>
          <osmand:speed>1.3</osmand:speed>
        </extensions>
      </trkpt>
      <trkpt lat="43.730115" lon="6.5714505">
        <ele>1078.2</ele>
        <time>2026-07-19T12:52:30Z</time>
        <hdop>3</hdop>
        <extensions>
          <osmand:speed>1.2</osmand:speed>
        </extensions>
      </trkpt>
      <trkpt lat="43.7300691" lon="6.5714892">
        <ele>1076.9</ele>
        <time>2026-07-19T12:52:35Z</time>
        <hdop>3</hdop>
        <extensions>
          <osmand:speed>1</osmand:speed>
        </extensions>
      </trkpt>
      <trkpt lat="43.7300253" lon="6.5715522">
        <ele>1076.4</ele>
        <time>2026-07-19T12:52:41Z</time>
        <hdop>3.1</hdop>
        <extensions>
          <osmand:speed>1.2</osmand:speed>
        </extensions>
      </trkpt>
      <trkpt lat="43.7299945" lon="6.5716109">
        <ele>1076</ele>
        <time>2026-07-19T12:52:46Z</time>
        <hdop>3.5</hdop>
        <extensions>
          <osmand:speed>1.1</osmand:speed>
        </extensions>
      </trkpt>
      <trkpt lat="43.7299684" lon="6.5716876">
        <ele>1076.6</ele>
        <time>2026-07-19T12:52:51Z</time>
        <hdop>4.4</hdop>
        <extensions>
          <osmand:speed>1.2</osmand:speed>
        </extensions>
      </trkpt>
      <trkpt lat="43.7299478" lon="6.5717718">
        <ele>1074.9</ele>
        <time>2026-07-19T12:52:57Z</time>
        <hdop>5.4</hdop>
        <extensions>
          <osmand:speed>1.2</osmand:speed>
        </extensions>
      </trkpt>
      <trkpt lat="43.7299394" lon="6.5718555">
        <ele>1074.5</ele>
        <time>2026-07-19T12:53:02Z</time>
        <hdop>4.6</hdop>
        <extensions>
          <osmand:speed>1.1</osmand:speed>
        </extensions>
      </trkpt>
      <trkpt lat="43.7299289" lon="6.5718708">
        <ele>1074.7</ele>
        <time>2026-07-19T12:53:08Z</time>
        <hdop>3.1</hdop>
        <extensions>
          <osmand:speed>0.4</osmand:speed>
        </extensions>
      </trkpt>
      <trkpt lat="43.729935" lon="6.5718453">
        <ele>1074</ele>
        <time>2026-07-19T12:53:13Z</time>
        <hdop>3</hdop>
        <extensions>
          <osmand:speed>0.1</osmand:speed>
        </extensions>
      </trkpt>
      <trkpt lat="43.7299433" lon="6.5718293">
        <ele>1074</ele>
        <time>2026-07-19T12:53:19Z</time>
        <hdop>3</hdop>
        <extensions>
          <osmand:speed>0.1</osmand:speed>
        </extensions>
      </trkpt>
      <trkpt lat="43.729946" lon="6.5718251">
        <ele>1074.2</ele>
        <time>2026-07-19T12:53:24Z</time>
        <hdop>3</hdop>
        <extensions>
          <osmand:speed>0.1</osmand:speed>
        </extensions>
      </trkpt>
      <trkpt lat="43.7299429" lon="6.571825">
        <ele>1074.2</ele>
        <time>2026-07-19T12:53:30Z</time>
        <hdop>3</hdop>
        <extensions>
          <osmand:speed>0.1</osmand:speed>
        </extensions>
      </trkpt>
      <trkpt lat="43.7299337" lon="6.5718281">
        <ele>1074.3</ele>
        <time>2026-07-19T12:53:35Z</time>
        <hdop>3</hdop>
        <extensions>
          <osmand:speed>0.4</osmand:speed>
        </extensions>
      </trkpt>
      <trkpt lat="43.72993" lon="6.5718561">
        <ele>1074.9</ele>
        <time>2026-07-19T12:53:40Z</time>
        <hdop>3</hdop>
        <extensions>
          <osmand:speed>0.1</osmand:speed>
        </extensions>
      </trkpt>
      <trkpt lat="43.7299411" lon="6.5718582">
        <ele>1076.4</ele>
        <time>2026-07-19T12:53:45Z</time>
        <hdop>3</hdop>
        <extensions>
          <osmand:speed>0.1</osmand:speed>
        </extensions>
      </trkpt>
      <trkpt lat="43.7299454" lon="6.5718626">
        <ele>1076.4</ele>
        <time>2026-07-19T12:53:51Z</time>
        <hdop>3</hdop>
        <extensions>
          <osmand:speed>0.1</osmand:speed>
        </extensions>
      </trkpt>
      <trkpt lat="43.7299509" lon="6.5718836">
        <ele>1076.4</ele>
        <time>2026-07-19T12:53:56Z</time>
        <hdop>3</hdop>
        <extensions>
          <osmand:speed>0.1</osmand:speed>
        </extensions>
      </trkpt>
      <trkpt lat="43.7299523" lon="6.5718904">
        <ele>1075.7</ele>
        <time>2026-07-19T12:54:02Z</time>
        <hdop>3</hdop>
        <extensions>
          <osmand:speed>0</osmand:speed>
        </extensions>
      </trkpt>
      <trkpt lat="43.729953" lon="6.571894">
        <ele>1076.3</ele>
        <time>2026-07-19T12:54:08Z</time>
        <hdop>3</hdop>
        <extensions>
          <osmand:speed>0.1</osmand:speed>
        </extensions>
      </trkpt>
      <trkpt lat="43.7299508" lon="6.5718975">
        <ele>1076.4</ele>
        <time>2026-07-19T12:54:13Z</time>
        <hdop>3</hdop>
        <extensions>
          <osmand:speed>0.5</osmand:speed>
        </extensions>
      </trkpt>
      <trkpt lat="43.7299512" lon="6.5718951">
        <ele>1076.4</ele>
        <time>2026-07-19T12:54:19Z</time>
        <hdop>3</hdop>
        <extensions>
          <osmand:speed>0.1</osmand:speed>
        </extensions>
      </trkpt>
      <trkpt lat="43.7299514" lon="6.5718939">
        <ele>1076.3</ele>
        <time>2026-07-19T12:54:25Z</time>
        <hdop>3</hdop>
        <extensions>
          <osmand:speed>0.1</osmand:speed>
        </extensions>
      </trkpt>
      <trkpt lat="43.7299501" lon="6.5718832">
        <ele>1076.3</ele>
        <time>2026-07-19T12:54:30Z</time>
        <hdop>3</hdop>
        <extensions>
          <osmand:speed>0.3</osmand:speed>
        </extensions>
      </trkpt>
      <trkpt lat="43.7299633" lon="6.5718651">
        <ele>1076.4</ele>
        <time>2026-07-19T12:54:35Z</time>
        <hdop>3.1</hdop>
        <extensions>
          <osmand:speed>0.3</osmand:speed>
        </extensions>
      </trkpt>
      <trkpt lat="43.7299231" lon="6.5719303">
        <ele>1076.4</ele>
        <time>2026-07-19T12:54:40Z</time>
        <hdop>3.5</hdop>
        <extensions>
          <osmand:speed>1.2</osmand:speed>
        </extensions>
      </trkpt>
      <trkpt lat="43.7298975" lon="6.5720436">
        <ele>1076.4</ele>
        <time>2026-07-19T12:54:46Z</time>
        <hdop>3</hdop>
        <extensions>
          <osmand:speed>1.3</osmand:speed>
        </extensions>
      </trkpt>
      <trkpt lat="43.729904" lon="6.5721344">
        <ele>1076.4</ele>
        <time>2026-07-19T12:54:52Z</time>
        <hdop>3</hdop>
        <extensions>
          <osmand:speed>1</osmand:speed>
        </extensions>
      </trkpt>
      <trkpt lat="43.729906" lon="6.5722107">
        <ele>1076.4</ele>
        <time>2026-07-19T12:54:58Z</time>
        <hdop>3</hdop>
        <extensions>
          <osmand:speed>1.1</osmand:speed>
        </extensions>
      </trkpt>
      <trkpt lat="43.7298961" lon="6.5722928">
        <ele>1076.4</ele>
        <time>2026-07-19T12:55:03Z</time>
        <hdop>4</hdop>
        <extensions>
          <osmand:speed>1</osmand:speed>
        </extensions>
      </trkpt>
      <trkpt lat="43.7298907" lon="6.5723226">
        <ele>1076.5</ele>
        <time>2026-07-19T12:55:08Z</time>
        <hdop>4.6</hdop>
        <extensions>
          <osmand:speed>0.7</osmand:speed>
        </extensions>
      </trkpt>
      <trkpt lat="43.7298982" lon="6.5723836">
        <ele>1076.5</ele>
        <time>2026-07-19T12:55:13Z</time>
        <hdop>5.4</hdop>
        <extensions>
          <osmand:speed>1</osmand:speed>
        </extensions>
      </trkpt>
      <trkpt lat="43.7298856" lon="6.5724136">
        <ele>1076.5</ele>
        <time>2026-07-19T12:55:19Z</time>
        <hdop>5.3</hdop>
        <extensions>
          <osmand:speed>0.7</osmand:speed>
        </extensions>
      </trkpt>
      <trkpt lat="43.7298889" lon="6.5724476">
        <ele>1076.5</ele>
        <time>2026-07-19T12:55:24Z</time>
        <hdop>4.7</hdop>
        <extensions>
          <osmand:speed>0.6</osmand:speed>
        </extensions>
      </trkpt>
      <trkpt lat="43.7298941" lon="6.5724947">
        <ele>1077.7</ele>
        <time>2026-07-19T12:55:30Z</time>
        <hdop>4.8</hdop>
        <extensions>
          <osmand:speed>0.7</osmand:speed>
        </extensions>
      </trkpt>
      <trkpt lat="43.7298839" lon="6.5725135">
        <ele>1077.7</ele>
        <time>2026-07-19T12:55:35Z</time>
        <hdop>4.7</hdop>
        <extensions>
          <osmand:speed>0.3</osmand:speed>
        </extensions>
      </trkpt>
      <trkpt lat="43.7298794" lon="6.5725042">
        <ele>1077.7</ele>
        <time>2026-07-19T12:55:41Z</time>
        <hdop>4.3</hdop>
        <extensions>
          <osmand:speed>0.1</osmand:speed>
        </extensions>
      </trkpt>
      <trkpt lat="43.7298799" lon="6.572508">
        <ele>1077.8</ele>
        <time>2026-07-19T12:55:46Z</time>
        <hdop>4.2</hdop>
        <extensions>
          <osmand:speed>0.1</osmand:speed>
        </extensions>
      </trkpt>
      <trkpt lat="43.7298778" lon="6.5725089">
        <ele>1077.8</ele>
        <time>2026-07-19T12:55:52Z</time>
        <hdop>3.9</hdop>
        <extensions>
          <osmand:speed>0</osmand:speed>
        </extensions>
      </trkpt>
      <trkpt lat="43.7298771" lon="6.5725109">
        <ele>1077.8</ele>
        <time>2026-07-19T12:55:58Z</time>
        <hdop>3.6</hdop>
        <extensions>
          <osmand:speed>0.1</osmand:speed>
        </extensions>
      </trkpt>
      <trkpt lat="43.7298776" lon="6.5725132">
        <ele>1077.8</ele>
        <time>2026-07-19T12:56:04Z</time>
        <hdop>3.4</hdop>
        <extensions>
          <osmand:speed>0.1</osmand:speed>
        </extensions>
      </trkpt>
      <trkpt lat="43.7298801" lon="6.5725177">
        <ele>1077.8</ele>
        <time>2026-07-19T12:56:09Z</time>
        <hdop>3.6</hdop>
        <extensions>
          <osmand:speed>0.1</osmand:speed>
        </extensions>
      </trkpt>
      <trkpt lat="43.7298807" lon="6.5725199">
        <ele>1077.8</ele>
        <time>2026-07-19T12:56:14Z</time>
        <hdop>4</hdop>
        <extensions>
          <osmand:speed>0.1</osmand:speed>
        </extensions>
      </trkpt>
      <trkpt lat="43.7298816" lon="6.5725235">
        <ele>1077.9</ele>
        <time>2026-07-19T12:56:20Z</time>
        <hdop>4.2</hdop>
        <extensions>
          <osmand:speed>0.1</osmand:speed>
        </extensions>
      </trkpt>
      <trkpt lat="43.7298851" lon="6.5725221">
        <ele>1077.8</ele>
        <time>2026-07-19T12:56:25Z</time>
        <hdop>4.8</hdop>
        <extensions>
          <osmand:speed>0.2</osmand:speed>
        </extensions>
      </trkpt>
      <trkpt lat="43.7298857" lon="6.5725224">
        <ele>1077.8</ele>
        <time>2026-07-19T12:56:31Z</time>
        <hdop>5.5</hdop>
        <extensions>
          <osmand:speed>0.1</osmand:speed>
        </extensions>
      </trkpt>
      <trkpt lat="43.7298893" lon="6.5725192">
        <ele>1077.8</ele>
        <time>2026-07-19T12:56:37Z</time>
        <hdop>6</hdop>
        <extensions>
          <osmand:speed>0.1</osmand:speed>
        </extensions>
      </trkpt>
      <trkpt lat="43.7298899" lon="6.5725191">
        <ele>1077.8</ele>
        <time>2026-07-19T12:56:43Z</time>
        <hdop>6.1</hdop>
        <extensions>
          <osmand:speed>0.1</osmand:speed>
        </extensions>
      </trkpt>
      <trkpt lat="43.7298923" lon="6.5725213">
        <ele>1077.8</ele>
        <time>2026-07-19T12:56:48Z</time>
        <hdop>6.1</hdop>
        <extensions>
          <osmand:speed>0.1</osmand:speed>
        </extensions>
      </trkpt>
      <trkpt lat="43.7298924" lon="6.572523">
        <ele>1077.7</ele>
        <time>2026-07-19T12:56:54Z</time>
        <hdop>6.3</hdop>
        <extensions>
          <osmand:speed>0.2</osmand:speed>
        </extensions>
      </trkpt>
      <trkpt lat="43.7298969" lon="6.5725189">
        <ele>1077.7</ele>
        <time>2026-07-19T12:56:59Z</time>
        <hdop>7.1</hdop>
        <extensions>
          <osmand:speed>0.5</osmand:speed>
        </extensions>
      </trkpt>
      <trkpt lat="43.729894" lon="6.5725203">
        <ele>1077.8</ele>
        <time>2026-07-19T12:57:04Z</time>
        <hdop>8.4</hdop>
        <extensions>
          <osmand:speed>0.2</osmand:speed>
        </extensions>
      </trkpt>
      <trkpt lat="43.7298869" lon="6.5725187">
        <ele>1077.7</ele>
        <time>2026-07-19T12:57:10Z</time>
        <hdop>7.4</hdop>
        <extensions>
          <osmand:speed>0.1</osmand:speed>
        </extensions>
      </trkpt>
      <trkpt lat="43.7298853" lon="6.5725189">
        <ele>1077.8</ele>
        <time>2026-07-19T12:57:15Z</time>
        <hdop>5.8</hdop>
        <extensions>
          <osmand:speed>0.5</osmand:speed>
        </extensions>
      </trkpt>
      <trkpt lat="43.7298943" lon="6.5725341">
        <ele>1077.8</ele>
        <time>2026-07-19T12:57:21Z</time>
        <hdop>6.4</hdop>
        <extensions>
          <osmand:speed>0.2</osmand:speed>
        </extensions>
      </trkpt>
      <trkpt lat="43.729892" lon="6.5725358">
        <ele>1077.8</ele>
        <time>2026-07-19T12:57:26Z</time>
        <hdop>7</hdop>
        <extensions>
          <osmand:speed>0.2</osmand:speed>
        </extensions>
      </trkpt>
      <trkpt lat="43.7299072" lon="6.5725496">
        <ele>1077.9</ele>
        <time>2026-07-19T12:57:32Z</time>
        <hdop>7.3</hdop>
        <extensions>
          <osmand:speed>0.5</osmand:speed>
        </extensions>
      </trkpt>
      <trkpt lat="43.7299016" lon="6.5725476">
        <ele>1077.8</ele>
        <time>2026-07-19T12:57:37Z</time>
        <hdop>7.2</hdop>
        <extensions>
          <osmand:speed>0.1</osmand:speed>
        </extensions>
      </trkpt>
      <trkpt lat="43.7298983" lon="6.5725471">
        <ele>1077.8</ele>
        <time>2026-07-19T12:57:43Z</time>
        <hdop>6.9</hdop>
        <extensions>
          <osmand:speed>0</osmand:speed>
        </extensions>
      </trkpt>
      <trkpt lat="43.7298993" lon="6.5725366">
        <ele>1077.8</ele>
        <time>2026-07-19T12:57:48Z</time>
        <hdop>6.4</hdop>
        <extensions>
          <osmand:speed>0.1</osmand:speed>
        </extensions>
      </trkpt>
      <trkpt lat="43.729898" lon="6.5725383">
        <ele>1077.8</ele>
        <time>2026-07-19T12:57:53Z</time>
        <hdop>6.3</hdop>
        <extensions>
          <osmand:speed>0.1</osmand:speed>
        </extensions>
      </trkpt>
      <trkpt lat="43.7298964" lon="6.5725429">
        <ele>1077.8</ele>
        <time>2026-07-19T12:57:59Z</time>
        <hdop>5.8</hdop>
        <extensions>
          <osmand:speed>0.2</osmand:speed>
        </extensions>
      </trkpt>
      <trkpt lat="43.729896" lon="6.5725455">
        <ele>1077.8</ele>
        <time>2026-07-19T12:58:05Z</time>
        <hdop>6.3</hdop>
        <extensions>
          <osmand:speed>0.1</osmand:speed>
        </extensions>
      </trkpt>
      <trkpt lat="43.7298983" lon="6.5725408">
        <ele>1077.8</ele>
        <time>2026-07-19T12:58:10Z</time>
        <hdop>6.3</hdop>
        <extensions>
          <osmand:speed>0.1</osmand:speed>
        </extensions>
      </trkpt>
      <trkpt lat="43.7298978" lon="6.5725425">
        <ele>1077.8</ele>
        <time>2026-07-19T12:58:15Z</time>
        <hdop>6.6</hdop>
        <extensions>
          <osmand:speed>0.1</osmand:speed>
        </extensions>
      </trkpt>
      <trkpt lat="43.7298997" lon="6.5725361">
        <ele>1077.8</ele>
        <time>2026-07-19T12:58:21Z</time>
        <hdop>6.1</hdop>
        <extensions>
          <osmand:speed>0.1</osmand:speed>
        </extensions>
      </trkpt>
      <trkpt lat="43.7299005" lon="6.5725336">
        <ele>1077.8</ele>
        <time>2026-07-19T12:58:27Z</time>
        <hdop>6.1</hdop>
        <extensions>
          <osmand:speed>0.1</osmand:speed>
        </extensions>
      </trkpt>
      <trkpt lat="43.7299002" lon="6.5725341">
        <ele>1077.8</ele>
        <time>2026-07-19T12:58:33Z</time>
        <hdop>6.4</hdop>
        <extensions>
          <osmand:speed>0.1</osmand:speed>
        </extensions>
      </trkpt>
      <trkpt lat="43.7299038" lon="6.5725354">
        <ele>1077.8</ele>
        <time>2026-07-19T12:58:39Z</time>
        <hdop>7</hdop>
        <extensions>
          <osmand:speed>0.1</osmand:speed>
        </extensions>
      </trkpt>
      <trkpt lat="43.7299029" lon="6.572536">
        <ele>1077.8</ele>
        <time>2026-07-19T12:58:45Z</time>
        <hdop>7.9</hdop>
        <extensions>
          <osmand:speed>0.2</osmand:speed>
        </extensions>
      </trkpt>
      <trkpt lat="43.7299028" lon="6.5725323">
        <ele>1077.7</ele>
        <time>2026-07-19T12:58:50Z</time>
        <hdop>7</hdop>
        <extensions>
          <osmand:speed>0.2</osmand:speed>
        </extensions>
      </trkpt>
      <trkpt lat="43.7299028" lon="6.5725341">
        <ele>1077.7</ele>
        <time>2026-07-19T12:58:56Z</time>
        <hdop>7.2</hdop>
        <extensions>
          <osmand:speed>0.2</osmand:speed>
        </extensions>
      </trkpt>
      <trkpt lat="43.7299065" lon="6.5725357">
        <ele>1077.8</ele>
        <time>2026-07-19T12:59:02Z</time>
        <hdop>7.9</hdop>
        <extensions>
          <osmand:speed>0.9</osmand:speed>
        </extensions>
      </trkpt>
      <trkpt lat="43.7299024" lon="6.5725615">
        <ele>1078</ele>
        <time>2026-07-19T12:59:07Z</time>
        <hdop>11</hdop>
        <extensions>
          <osmand:speed>0.6</osmand:speed>
        </extensions>
      </trkpt>
      <trkpt lat="43.7299254" lon="6.5725383">
        <ele>1077.8</ele>
        <time>2026-07-19T12:59:12Z</time>
        <hdop>9.9</hdop>
        <extensions>
          <osmand:speed>0.6</osmand:speed>
        </extensions>
      </trkpt>
      <trkpt lat="43.7299216" lon="6.572527">
        <ele>1077.8</ele>
        <time>2026-07-19T12:59:18Z</time>
        <hdop>9.9</hdop>
        <extensions>
          <osmand:speed>0.1</osmand:speed>
        </extensions>
      </trkpt>
      <trkpt lat="43.7299252" lon="6.5725135">
        <ele>1077.8</ele>
        <time>2026-07-19T12:59:24Z</time>
        <hdop>7.3</hdop>
        <extensions>
          <osmand:speed>0.1</osmand:speed>
        </extensions>
      </trkpt>
      <trkpt lat="43.7299268" lon="6.5725124">
        <ele>1077.8</ele>
        <time>2026-07-19T12:59:30Z</time>
        <hdop>6.5</hdop>
        <extensions>
          <osmand:speed>0.1</osmand:speed>
        </extensions>
      </trkpt>
      <trkpt lat="43.7299176" lon="6.572527">
        <ele>1078</ele>
        <time>2026-07-19T12:59:35Z</time>
        <hdop>6.6</hdop>
        <extensions>
          <osmand:speed>0.3</osmand:speed>
        </extensions>
      </trkpt>
      <trkpt lat="43.7299114" lon="6.5725451">
        <ele>1078</ele>
        <time>2026-07-19T12:59:41Z</time>
        <hdop>7.3</hdop>
        <extensions>
          <osmand:speed>0</osmand:speed>
        </extensions>
      </trkpt>
      <trkpt lat="43.7299145" lon="6.5725426">
        <ele>1077.8</ele>
        <time>2026-07-19T12:59:46Z</time>
        <hdop>6.9</hdop>
        <extensions>
          <osmand:speed>0.3</osmand:speed>
        </extensions>
      </trkpt>
      <trkpt lat="43.7298872" lon="6.5725649">
        <ele>1078.2</ele>
        <time>2026-07-19T12:59:52Z</time>
        <hdop>8.2</hdop>
        <extensions>
          <osmand:speed>0.6</osmand:speed>
        </extensions>
      </trkpt>
      <trkpt lat="43.7298647" lon="6.5725924">
        <ele>1078.2</ele>
        <time>2026-07-19T12:59:57Z</time>
        <hdop>9.6</hdop>
        <extensions>
          <osmand:speed>0.4</osmand:speed>
        </extensions>
      </trkpt>
      <trkpt lat="43.729863" lon="6.5725887">
        <ele>1078.2</ele>
        <time>2026-07-19T13:00:02Z</time>
        <hdop>9</hdop>
        <extensions>
          <osmand:speed>0.1</osmand:speed>
        </extensions>
      </trkpt>
      <trkpt lat="43.7298417" lon="6.5725753">
        <ele>1078.2</ele>
        <time>2026-07-19T13:00:08Z</time>
        <hdop>6.6</hdop>
        <extensions>
          <osmand:speed>0.1</osmand:speed>
        </extensions>
      </trkpt>
      <trkpt lat="43.729834" lon="6.5725805">
        <ele>1078.2</ele>
        <time>2026-07-19T13:00:14Z</time>
        <hdop>6.1</hdop>
        <extensions>
          <osmand:speed>0</osmand:speed>
        </extensions>
      </trkpt>
      <trkpt lat="43.729829" lon="6.5725815">
        <ele>1078.2</ele>
        <time>2026-07-19T13:00:19Z</time>
        <hdop>5.7</hdop>
        <extensions>
          <osmand:speed>0</osmand:speed>
        </extensions>
      </trkpt>
      <trkpt lat="43.7298231" lon="6.5725741">
        <ele>1078.2</ele>
        <time>2026-07-19T13:00:25Z</time>
        <hdop>5.7</hdop>
        <extensions>
          <osmand:speed>0.3</osmand:speed>
        </extensions>
      </trkpt>
      <trkpt lat="43.7298247" lon="6.572566">
        <ele>1078.2</ele>
        <time>2026-07-19T13:00:31Z</time>
        <hdop>6.4</hdop>
        <extensions>
          <osmand:speed>0.2</osmand:speed>
        </extensions>
      </trkpt>
      <trkpt lat="43.7298262" lon="6.5725565">
        <ele>1078.2</ele>
        <time>2026-07-19T13:00:37Z</time>
        <hdop>6.7</hdop>
        <extensions>
          <osmand:speed>1.4</osmand:speed>
        </extensions>
      </trkpt>
      <trkpt lat="43.7298367" lon="6.5725013">
        <ele>1078.2</ele>
        <time>2026-07-19T13:00:42Z</time>
        <hdop>14.5</hdop>
        <extensions>
          <osmand:speed>6.5</osmand:speed>
        </extensions>
      </trkpt>
      <trkpt lat="43.7298632" lon="6.5724304">
        <ele>1078.2</ele>
        <time>2026-07-19T13:00:48Z</time>
        <hdop>31.8</hdop>
        <extensions>
          <osmand:speed>0.7</osmand:speed>
        </extensions>
      </trkpt>
      <trkpt lat="43.7298576" lon="6.5724371">
        <ele>1078.2</ele>
        <time>2026-07-19T13:00:54Z</time>
        <hdop>23.6</hdop>
        <extensions>
          <osmand:speed>0.5</osmand:speed>
        </extensions>
      </trkpt>
      <trkpt lat="43.7298395" lon="6.572453">
        <ele>1078.2</ele>
        <time>2026-07-19T13:01:00Z</time>
        <hdop>15.8</hdop>
        <extensions>
          <osmand:speed>0.2</osmand:speed>
        </extensions>
      </trkpt>
      <trkpt lat="43.7298305" lon="6.5724417">
        <ele>1078.2</ele>
        <time>2026-07-19T13:01:06Z</time>
        <hdop>12.4</hdop>
        <extensions>
          <osmand:speed>0.3</osmand:speed>
        </extensions>
      </trkpt>
      <trkpt lat="43.7298287" lon="6.5724142">
        <ele>1077.8</ele>
        <time>2026-07-19T13:01:12Z</time>
        <hdop>9.6</hdop>
        <extensions>
          <osmand:speed>0.2</osmand:speed>
        </extensions>
      </trkpt>
      <trkpt lat="43.7298254" lon="6.5724045">
        <ele>1077.8</ele>
        <time>2026-07-19T13:01:18Z</time>
        <hdop>10.2</hdop>
        <extensions>
          <osmand:speed>0.2</osmand:speed>
        </extensions>
      </trkpt>
      <trkpt lat="43.7298285" lon="6.5724024">
        <ele>1078.2</ele>
        <time>2026-07-19T13:01:23Z</time>
        <hdop>10.8</hdop>
        <extensions>
          <osmand:speed>0.2</osmand:speed>
        </extensions>
      </trkpt>
      <trkpt lat="43.7298267" lon="6.5724">
        <ele>1078.2</ele>
        <time>2026-07-19T13:01:29Z</time>
        <hdop>9.6</hdop>
        <extensions>
          <osmand:speed>0.2</osmand:speed>
        </extensions>
      </trkpt>
      <trkpt lat="43.7298302" lon="6.5723786">
        <ele>1078.2</ele>
        <time>2026-07-19T13:01:35Z</time>
        <hdop>8.3</hdop>
        <extensions>
          <osmand:speed>0.1</osmand:speed>
        </extensions>
      </trkpt>
      <trkpt lat="43.7298328" lon="6.5723631">
        <ele>1078.2</ele>
        <time>2026-07-19T13:01:41Z</time>
        <hdop>7.8</hdop>
        <extensions>
          <osmand:speed>0.1</osmand:speed>
        </extensions>
      </trkpt>
      <trkpt lat="43.7298364" lon="6.5723625">
        <ele>1078.2</ele>
        <time>2026-07-19T13:01:47Z</time>
        <hdop>7.1</hdop>
        <extensions>
          <osmand:speed>0.1</osmand:speed>
        </extensions>
      </trkpt>
      <trkpt lat="43.7298377" lon="6.5723541">
        <ele>1078.2</ele>
        <time>2026-07-19T13:01:53Z</time>
        <hdop>7.6</hdop>
        <extensions>
          <osmand:speed>0.7</osmand:speed>
        </extensions>
      </trkpt>
      <trkpt lat="43.7298287" lon="6.5723701">
        <ele>1078.2</ele>
        <time>2026-07-19T13:01:58Z</time>
        <hdop>8.9</hdop>
        <extensions>
          <osmand:speed>0.2</osmand:speed>
        </extensions>
      </trkpt>
      <trkpt lat="43.7298206" lon="6.5723892">
        <ele>1078.2</ele>
        <time>2026-07-19T13:02:04Z</time>
        <hdop>8.4</hdop>
        <extensions>
          <osmand:speed>0.2</osmand:speed>
        </extensions>
      </trkpt>
      <trkpt lat="43.7298245" lon="6.5724064">
        <ele>1078.2</ele>
        <time>2026-07-19T13:02:09Z</time>
        <hdop>8.1</hdop>
        <extensions>
          <osmand:speed>0.3</osmand:speed>
        </extensions>
      </trkpt>
      <trkpt lat="43.7298183" lon="6.5724146">
        <ele>1078.2</ele>
        <time>2026-07-19T13:02:14Z</time>
        <hdop>8.7</hdop>
        <extensions>
          <osmand:speed>0.2</osmand:speed>
        </extensions>
      </trkpt>
      <trkpt lat="43.7298178" lon="6.5724242">
        <ele>1077.8</ele>
        <time>2026-07-19T13:02:20Z</time>
        <hdop>8.2</hdop>
        <extensions>
          <osmand:speed>0.1</osmand:speed>
        </extensions>
      </trkpt>
      <trkpt lat="43.7298187" lon="6.5724279">
        <ele>1077.8</ele>
        <time>2026-07-19T13:02:25Z</time>
        <hdop>7.7</hdop>
        <extensions>
          <osmand:speed>0.2</osmand:speed>
        </extensions>
      </trkpt>
      <trkpt lat="43.7298168" lon="6.5724299">
        <ele>1077.8</ele>
        <time>2026-07-19T13:02:31Z</time>
        <hdop>7.2</hdop>
        <extensions>
          <osmand:speed>0.1</osmand:speed>
        </extensions>
      </trkpt>
      <trkpt lat="43.7298131" lon="6.5724308">
        <ele>1077.8</ele>
        <time>2026-07-19T13:02:36Z</time>
        <hdop>7.1</hdop>
        <extensions>
          <osmand:speed>0.1</osmand:speed>
        </extensions>
      </trkpt>
      <trkpt lat="43.7298129" lon="6.5724321">
        <ele>1078.2</ele>
        <time>2026-07-19T13:02:41Z</time>
        <hdop>6.9</hdop>
        <extensions>
          <osmand:speed>0.1</osmand:speed>
        </extensions>
      </trkpt>
      <trkpt lat="43.7298101" lon="6.5724344">
        <ele>1078.2</ele>
        <time>2026-07-19T13:02:47Z</time>
        <hdop>7.5</hdop>
        <extensions>
          <osmand:speed>0.2</osmand:speed>
        </extensions>
      </trkpt>
      <trkpt lat="43.7298048" lon="6.5724542">
        <ele>1078.2</ele>
        <time>2026-07-19T13:02:52Z</time>
        <hdop>8</hdop>
        <extensions>
          <osmand:speed>0.2</osmand:speed>
        </extensions>
      </trkpt>
      <trkpt lat="43.7297936" lon="6.5724891">
        <ele>1077.8</ele>
        <time>2026-07-19T13:02:58Z</time>
        <hdop>7.3</hdop>
        <extensions>
          <osmand:speed>0.2</osmand:speed>
        </extensions>
      </trkpt>
      <trkpt lat="43.7297858" lon="6.572506">
        <ele>1077.8</ele>
        <time>2026-07-19T13:03:03Z</time>
        <hdop>6.4</hdop>
        <extensions>
          <osmand:speed>0.2</osmand:speed>
        </extensions>
      </trkpt>
      <trkpt lat="43.729782" lon="6.5725145">
        <ele>1078.2</ele>
        <time>2026-07-19T13:03:09Z</time>
        <hdop>5.9</hdop>
        <extensions>
          <osmand:speed>0.2</osmand:speed>
        </extensions>
      </trkpt>
      <trkpt lat="43.7297818" lon="6.5725177">
        <ele>1078.2</ele>
        <time>2026-07-19T13:03:15Z</time>
        <hdop>6.3</hdop>
        <extensions>
          <osmand:speed>0.2</osmand:speed>
        </extensions>
      </trkpt>
      <trkpt lat="43.7297862" lon="6.5725186">
        <ele>1078.2</ele>
        <time>2026-07-19T13:03:21Z</time>
        <hdop>6.5</hdop>
        <extensions>
          <osmand:speed>0.2</osmand:speed>
        </extensions>
      </trkpt>
      <trkpt lat="43.7297869" lon="6.572517">
        <ele>1078.2</ele>
        <time>2026-07-19T13:03:27Z</time>
        <hdop>6.5</hdop>
        <extensions>
          <osmand:speed>0.2</osmand:speed>
        </extensions>
      </trkpt>
      <trkpt lat="43.7297909" lon="6.5725151">
        <ele>1078.2</ele>
        <time>2026-07-19T13:03:32Z</time>
        <hdop>6.8</hdop>
        <extensions>
          <osmand:speed>0.2</osmand:speed>
        </extensions>
      </trkpt>
      <trkpt lat="43.7297907" lon="6.5725146">
        <ele>1078.2</ele>
        <time>2026-07-19T13:03:38Z</time>
        <hdop>7.1</hdop>
        <extensions>
          <osmand:speed>0.1</osmand:speed>
        </extensions>
      </trkpt>
      <trkpt lat="43.7297957" lon="6.5725132">
        <ele>1078.2</ele>
        <time>2026-07-19T13:03:43Z</time>
        <hdop>7.4</hdop>
        <extensions>
          <osmand:speed>0.1</osmand:speed>
        </extensions>
      </trkpt>
      <trkpt lat="43.729796" lon="6.572514">
        <ele>1078.2</ele>
        <time>2026-07-19T13:03:49Z</time>
        <hdop>7.6</hdop>
        <extensions>
          <osmand:speed>0.2</osmand:speed>
        </extensions>
      </trkpt>
      <trkpt lat="43.7298016" lon="6.5725139">
        <ele>1078.2</ele>
        <time>2026-07-19T13:03:54Z</time>
        <hdop>8.1</hdop>
        <extensions>
          <osmand:speed>0.3</osmand:speed>
        </extensions>
      </trkpt>
      <trkpt lat="43.7298089" lon="6.5725248">
        <ele>1078.2</ele>
        <time>2026-07-19T13:04:00Z</time>
        <hdop>10.3</hdop>
        <extensions>
          <osmand:speed>1</osmand:speed>
        </extensions>
      </trkpt>
      <trkpt lat="43.7298194" lon="6.5725312">
        <ele>1078.2</ele>
        <time>2026-07-19T13:04:06Z</time>
        <hdop>11.3</hdop>
        <extensions>
          <osmand:speed>0.2</osmand:speed>
        </extensions>
      </trkpt>
      <trkpt lat="43.7298147" lon="6.5725299">
        <ele>1078.2</ele>
        <time>2026-07-19T13:04:11Z</time>
        <hdop>9.5</hdop>
        <extensions>
          <osmand:speed>0.1</osmand:speed>
        </extensions>
      </trkpt>
      <trkpt lat="43.7298194" lon="6.5725376">
        <ele>1078</ele>
        <time>2026-07-19T13:04:16Z</time>
        <hdop>8.9</hdop>
        <extensions>
          <osmand:speed>0.4</osmand:speed>
        </extensions>
      </trkpt>
      <trkpt lat="43.7298292" lon="6.5725427">
        <ele>1077.9</ele>
        <time>2026-07-19T13:04:21Z</time>
        <hdop>7.9</hdop>
        <extensions>
          <osmand:speed>0.4</osmand:speed>
        </extensions>
      </trkpt>
      <trkpt lat="43.7298505" lon="6.572531">
        <ele>1078</ele>
        <time>2026-07-19T13:04:26Z</time>
        <hdop>7.5</hdop>
        <extensions>
          <osmand:speed>0.1</osmand:speed>
        </extensions>
      </trkpt>
      <trkpt lat="43.7298533" lon="6.5725256">
        <ele>1078</ele>
        <time>2026-07-19T13:04:32Z</time>
        <hdop>7</hdop>
        <extensions>
          <osmand:speed>0.1</osmand:speed>
        </extensions>
      </trkpt>
      <trkpt lat="43.7298607" lon="6.5725153">
        <ele>1078</ele>
        <time>2026-07-19T13:04:37Z</time>
        <hdop>6.4</hdop>
        <extensions>
          <osmand:speed>0</osmand:speed>
        </extensions>
      </trkpt>
      <trkpt lat="43.7298608" lon="6.5725177">
        <ele>1078.2</ele>
        <time>2026-07-19T13:04:43Z</time>
        <hdop>6</hdop>
        <extensions>
          <osmand:speed>0.1</osmand:speed>
        </extensions>
      </trkpt>
      <trkpt lat="43.7298657" lon="6.5725193">
        <ele>1078</ele>
        <time>2026-07-19T13:04:48Z</time>
        <hdop>5.8</hdop>
        <extensions>
          <osmand:speed>0.1</osmand:speed>
        </extensions>
      </trkpt>
      <trkpt lat="43.7298639" lon="6.572522">
        <ele>1078</ele>
        <time>2026-07-19T13:04:54Z</time>
        <hdop>5.6</hdop>
        <extensions>
          <osmand:speed>0.1</osmand:speed>
        </extensions>
      </trkpt>
      <trkpt lat="43.7298684" lon="6.5725225">
        <ele>1078</ele>
        <time>2026-07-19T13:05:00Z</time>
        <hdop>5.5</hdop>
        <extensions>
          <osmand:speed>0.1</osmand:speed>
        </extensions>
      </trkpt>
      <trkpt lat="43.7298704" lon="6.5725237">
        <ele>1078</ele>
        <time>2026-07-19T13:05:06Z</time>
        <hdop>5.6</hdop>
        <extensions>
          <osmand:speed>0.2</osmand:speed>
        </extensions>
      </trkpt>
      <trkpt lat="43.7298732" lon="6.5725225">
        <ele>1078</ele>
        <time>2026-07-19T13:05:11Z</time>
        <hdop>6.1</hdop>
        <extensions>
          <osmand:speed>0.1</osmand:speed>
        </extensions>
      </trkpt>
      <trkpt lat="43.7298693" lon="6.5725223">
        <ele>1078</ele>
        <time>2026-07-19T13:05:17Z</time>
        <hdop>6.7</hdop>
        <extensions>
          <osmand:speed>0.2</osmand:speed>
        </extensions>
      </trkpt>
      <trkpt lat="43.729874" lon="6.5725205">
        <ele>1078</ele>
        <time>2026-07-19T13:05:23Z</time>
        <hdop>7.6</hdop>
        <extensions>
          <osmand:speed>0.2</osmand:speed>
        </extensions>
      </trkpt>
      <trkpt lat="43.7298664" lon="6.5725104">
        <ele>1078.2</ele>
        <time>2026-07-19T13:05:29Z</time>
        <hdop>8.7</hdop>
        <extensions>
          <osmand:speed>0.4</osmand:speed>
        </extensions>
      </trkpt>
      <trkpt lat="43.7298644" lon="6.5725104">
        <ele>1078.2</ele>
        <time>2026-07-19T13:05:34Z</time>
        <hdop>8.6</hdop>
        <extensions>
          <osmand:speed>0.2</osmand:speed>
        </extensions>
      </trkpt>
      <trkpt lat="43.7298611" lon="6.5725107">
        <ele>1078.2</ele>
        <time>2026-07-19T13:05:40Z</time>
        <hdop>7.9</hdop>
        <extensions>
          <osmand:speed>0.1</osmand:speed>
        </extensions>
      </trkpt>
      <trkpt lat="43.7298593" lon="6.5725096">
        <ele>1078.2</ele>
        <time>2026-07-19T13:05:45Z</time>
        <hdop>7.7</hdop>
        <extensions>
          <osmand:speed>0.1</osmand:speed>
        </extensions>
      </trkpt>
      <trkpt lat="43.7298575" lon="6.5725077">
        <ele>1078.2</ele>
        <time>2026-07-19T13:05:51Z</time>
        <hdop>7.5</hdop>
        <extensions>
          <osmand:speed>0.1</osmand:speed>
        </extensions>
      </trkpt>
      <trkpt lat="43.7298541" lon="6.5725068">
        <ele>1078.2</ele>
        <time>2026-07-19T13:05:57Z</time>
        <hdop>7.7</hdop>
        <extensions>
          <osmand:speed>0.3</osmand:speed>
        </extensions>
      </trkpt>
      <trkpt lat="43.7298483" lon="6.5725076">
        <ele>1078.2</ele>
        <time>2026-07-19T13:06:04Z</time>
        <hdop>9.1</hdop>
        <extensions>
          <osmand:speed>0.3</osmand:speed>
        </extensions>
      </trkpt>
      <trkpt lat="43.729848" lon="6.5725054">
        <ele>1078.2</ele>
        <time>2026-07-19T13:06:09Z</time>
        <hdop>10.8</hdop>
        <extensions>
          <osmand:speed>0.3</osmand:speed>
        </extensions>
      </trkpt>
      <trkpt lat="43.7298479" lon="6.5725">
        <ele>1078.2</ele>
        <time>2026-07-19T13:06:15Z</time>
        <hdop>11</hdop>
        <extensions>
          <osmand:speed>1.1</osmand:speed>
        </extensions>
      </trkpt>
      <trkpt lat="43.7298564" lon="6.5724955">
        <ele>1078.2</ele>
        <time>2026-07-19T13:06:22Z</time>
        <hdop>13.7</hdop>
        <extensions>
          <osmand:speed>0.2</osmand:speed>
        </extensions>
      </trkpt>
      <trkpt lat="43.7298415" lon="6.5725289">
        <ele>1078.2</ele>
        <time>2026-07-19T13:06:27Z</time>
        <hdop>8.1</hdop>
        <extensions>
          <osmand:speed>0.1</osmand:speed>
        </extensions>
      </trkpt>
      <trkpt lat="43.7298358" lon="6.5725613">
        <ele>1078.2</ele>
        <time>2026-07-19T13:06:33Z</time>
        <hdop>7.3</hdop>
        <extensions>
          <osmand:speed>0.1</osmand:speed>
        </extensions>
      </trkpt>
      <trkpt lat="43.7298326" lon="6.5725769">
        <ele>1078.2</ele>
        <time>2026-07-19T13:06:38Z</time>
        <hdop>6.6</hdop>
        <extensions>
          <osmand:speed>0</osmand:speed>
        </extensions>
      </trkpt>
      <trkpt lat="43.7298303" lon="6.572584">
        <ele>1078.2</ele>
        <time>2026-07-19T13:06:44Z</time>
        <hdop>5.7</hdop>
        <extensions>
          <osmand:speed>0.1</osmand:speed>
        </extensions>
      </trkpt>
      <trkpt lat="43.7298264" lon="6.5725911">
        <ele>1078.2</ele>
        <time>2026-07-19T13:06:50Z</time>
        <hdop>5.4</hdop>
        <extensions>
          <osmand:speed>0.1</osmand:speed>
        </extensions>
      </trkpt>
      <trkpt lat="43.7298256" lon="6.5725937">
        <ele>1078.2</ele>
        <time>2026-07-19T13:06:56Z</time>
        <hdop>5.3</hdop>
        <extensions>
          <osmand:speed>0.1</osmand:speed>
        </extensions>
      </trkpt>
      <trkpt lat="43.7298273" lon="6.5725915">
        <ele>1078.2</ele>
        <time>2026-07-19T13:07:01Z</time>
        <hdop>5.4</hdop>
        <extensions>
          <osmand:speed>0.3</osmand:speed>
        </extensions>
      </trkpt>
      <trkpt lat="43.7298271" lon="6.5725921">
        <ele>1078.2</ele>
        <time>2026-07-19T13:07:07Z</time>
        <hdop>6</hdop>
        <extensions>
          <osmand:speed>0.2</osmand:speed>
        </extensions>
      </trkpt>
      <trkpt lat="43.7298258" lon="6.5726025">
        <ele>1078.2</ele>
        <time>2026-07-19T13:07:13Z</time>
        <hdop>6</hdop>
        <extensions>
          <osmand:speed>0.4</osmand:speed>
        </extensions>
      </trkpt>
    </trkseg>
    <trkseg>
      <trkpt lat="43.7304922" lon="6.5708591">
        <ele>1083.4</ele>
        <time>2026-07-19T14:14:03Z</time>
        <hdop>4</hdop>
        <extensions>
          <osmand:speed>1.7</osmand:speed>
        </extensions>
      </trkpt>
      <trkpt lat="43.7305379" lon="6.5708212">
        <ele>1086.8</ele>
        <time>2026-07-19T14:14:08Z</time>
        <hdop>3.9</hdop>
        <extensions>
          <osmand:speed>1.7</osmand:speed>
        </extensions>
      </trkpt>
      <trkpt lat="43.7305814" lon="6.5707431">
        <ele>1086.9</ele>
        <time>2026-07-19T14:14:14Z</time>
        <hdop>3.9</hdop>
        <extensions>
          <osmand:speed>1.4</osmand:speed>
        </extensions>
      </trkpt>
      <trkpt lat="43.7306275" lon="6.5706567">
        <ele>1086.9</ele>
        <time>2026-07-19T14:14:19Z</time>
        <hdop>3.6</hdop>
        <extensions>
          <osmand:speed>1.4</osmand:speed>
        </extensions>
      </trkpt>
      <trkpt lat="43.7306672" lon="6.570592">
        <ele>1087</ele>
        <time>2026-07-19T14:14:24Z</time>
        <hdop>3.1</hdop>
        <extensions>
          <osmand:speed>1.4</osmand:speed>
        </extensions>
      </trkpt>
      <trkpt lat="43.7307033" lon="6.5705326">
        <ele>1087.2</ele>
        <time>2026-07-19T14:14:29Z</time>
        <hdop>3.1</hdop>
        <extensions>
          <osmand:speed>1.3</osmand:speed>
        </extensions>
      </trkpt>
      <trkpt lat="43.7307482" lon="6.5704473">
        <ele>1087</ele>
        <time>2026-07-19T14:14:35Z</time>
        <hdop>3</hdop>
        <extensions>
          <osmand:speed>1.5</osmand:speed>
        </extensions>
      </trkpt>
      <trkpt lat="43.7308017" lon="6.5703713">
        <ele>1087.5</ele>
        <time>2026-07-19T14:14:40Z</time>
        <hdop>3.1</hdop>
        <extensions>
          <osmand:speed>1.3</osmand:speed>
        </extensions>
      </trkpt>
      <trkpt lat="43.7308373" lon="6.5702948">
        <ele>1088.5</ele>
        <time>2026-07-19T14:14:45Z</time>
        <hdop>3.2</hdop>
        <extensions>
          <osmand:speed>1.3</osmand:speed>
        </extensions>
      </trkpt>
      <trkpt lat="43.7308694" lon="6.5702097">
        <ele>1089.4</ele>
        <time>2026-07-19T14:14:51Z</time>
        <hdop>3</hdop>
        <extensions>
          <osmand:speed>1.4</osmand:speed>
        </extensions>
      </trkpt>
      <trkpt lat="43.7309112" lon="6.5701299">
        <ele>1089.9</ele>
        <time>2026-07-19T14:14:56Z</time>
        <hdop>3</hdop>
        <extensions>
          <osmand:speed>1.4</osmand:speed>
        </extensions>
      </trkpt>
      <trkpt lat="43.7309509" lon="6.5700638">
        <ele>1090.3</ele>
        <time>2026-07-19T14:15:01Z</time>
        <hdop>3.1</hdop>
        <extensions>
          <osmand:speed>1.3</osmand:speed>
        </extensions>
      </trkpt>
      <trkpt lat="43.7309951" lon="6.5699922">
        <ele>1090.7</ele>
        <time>2026-07-19T14:15:07Z</time>
        <hdop>3</hdop>
        <extensions>
          <osmand:speed>1.3</osmand:speed>
        </extensions>
      </trkpt>
      <trkpt lat="43.7310363" lon="6.5699181">
        <ele>1091</ele>
        <time>2026-07-19T14:15:12Z</time>
        <hdop>3</hdop>
        <extensions>
          <osmand:speed>1.3</osmand:speed>
        </extensions>
      </trkpt>
      <trkpt lat="43.7310754" lon="6.5698383">
        <ele>1091.3</ele>
        <time>2026-07-19T14:15:17Z</time>
        <hdop>3</hdop>
        <extensions>
          <osmand:speed>1.5</osmand:speed>
        </extensions>
      </trkpt>
      <trkpt lat="43.7311116" lon="6.5697686">
        <ele>1091.8</ele>
        <time>2026-07-19T14:15:22Z</time>
        <hdop>3</hdop>
        <extensions>
          <osmand:speed>1.3</osmand:speed>
        </extensions>
      </trkpt>
      <trkpt lat="43.7311522" lon="6.5696898">
        <ele>1089.8</ele>
        <time>2026-07-19T14:15:28Z</time>
        <hdop>3</hdop>
        <extensions>
          <osmand:speed>1.3</osmand:speed>
        </extensions>
      </trkpt>
      <trkpt lat="43.7311906" lon="6.5696181">
        <ele>1089.9</ele>
        <time>2026-07-19T14:15:33Z</time>
        <hdop>3</hdop>
        <extensions>
          <osmand:speed>1.3</osmand:speed>
        </extensions>
      </trkpt>
      <trkpt lat="43.7312519" lon="6.5695382">
        <ele>1090.2</ele>
        <time>2026-07-19T14:15:38Z</time>
        <hdop>3</hdop>
        <extensions>
          <osmand:speed>1.5</osmand:speed>
        </extensions>
      </trkpt>
      <trkpt lat="43.7313114" lon="6.569454">
        <ele>1090</ele>
        <time>2026-07-19T14:15:44Z</time>
        <hdop>3.1</hdop>
        <extensions>
          <osmand:speed>1.4</osmand:speed>
        </extensions>
      </trkpt>
      <trkpt lat="43.731339" lon="6.5693741">
        <ele>1089.1</ele>
        <time>2026-07-19T14:15:49Z</time>
        <hdop>3</hdop>
        <extensions>
          <osmand:speed>1.3</osmand:speed>
        </extensions>
      </trkpt>
      <trkpt lat="43.7313709" lon="6.5692889">
        <ele>1087.9</ele>
        <time>2026-07-19T14:15:54Z</time>
        <hdop>3</hdop>
        <extensions>
          <osmand:speed>1.4</osmand:speed>
        </extensions>
      </trkpt>
      <trkpt lat="43.7314063" lon="6.5692118">
        <ele>1087.7</ele>
        <time>2026-07-19T14:16:00Z</time>
        <hdop>3.1</hdop>
        <extensions>
          <osmand:speed>1.4</osmand:speed>
        </extensions>
      </trkpt>
      <trkpt lat="43.7314359" lon="6.5691297">
        <ele>1087.4</ele>
        <time>2026-07-19T14:16:05Z</time>
        <hdop>3.1</hdop>
        <extensions>
          <osmand:speed>1.3</osmand:speed>
        </extensions>
      </trkpt>
      <trkpt lat="43.7314735" lon="6.5690372">
        <ele>1086.3</ele>
        <time>2026-07-19T14:16:10Z</time>
        <hdop>3.1</hdop>
        <extensions>
          <osmand:speed>1.3</osmand:speed>
        </extensions>
      </trkpt>
      <trkpt lat="43.7315103" lon="6.5689443">
        <ele>1085.6</ele>
        <time>2026-07-19T14:16:16Z</time>
        <hdop>3</hdop>
        <extensions>
          <osmand:speed>1.4</osmand:speed>
        </extensions>
      </trkpt>
      <trkpt lat="43.7315449" lon="6.5688549">
        <ele>1084.8</ele>
        <time>2026-07-19T14:16:21Z</time>
        <hdop>3.2</hdop>
        <extensions>
          <osmand:speed>1.3</osmand:speed>
        </extensions>
      </trkpt>
      <trkpt lat="43.7315776" lon="6.568768">
        <ele>1083.2</ele>
        <time>2026-07-19T14:16:26Z</time>
        <hdop>3.4</hdop>
        <extensions>
          <osmand:speed>1.4</osmand:speed>
        </extensions>
      </trkpt>
      <trkpt lat="43.731606" lon="6.5686852">
        <ele>1082.3</ele>
        <time>2026-07-19T14:16:32Z</time>
        <hdop>3.3</hdop>
        <extensions>
          <osmand:speed>1.4</osmand:speed>
        </extensions>
      </trkpt>
      <trkpt lat="43.7316488" lon="6.5686093">
        <ele>1081.7</ele>
        <time>2026-07-19T14:16:37Z</time>
        <hdop>3</hdop>
        <extensions>
          <osmand:speed>1.3</osmand:speed>
        </extensions>
      </trkpt>
      <trkpt lat="43.7317136" lon="6.5685357">
        <ele>1080.9</ele>
        <time>2026-07-19T14:16:42Z</time>
        <hdop>3</hdop>
        <extensions>
          <osmand:speed>1.4</osmand:speed>
        </extensions>
      </trkpt>
      <trkpt lat="43.7317692" lon="6.5684814">
        <ele>1080.2</ele>
        <time>2026-07-19T14:16:47Z</time>
        <hdop>3</hdop>
        <extensions>
          <osmand:speed>1.4</osmand:speed>
        </extensions>
      </trkpt>
      <trkpt lat="43.7318285" lon="6.5684466">
        <ele>1081.1</ele>
        <time>2026-07-19T14:16:52Z</time>
        <hdop>3.1</hdop>
        <extensions>
          <osmand:speed>1.3</osmand:speed>
        </extensions>
      </trkpt>
      <trkpt lat="43.7319026" lon="6.5683838">
        <ele>1081.1</ele>
        <time>2026-07-19T14:16:58Z</time>
        <hdop>3.1</hdop>
        <extensions>
          <osmand:speed>1.2</osmand:speed>
        </extensions>
      </trkpt>
      <trkpt lat="43.7319693" lon="6.568325">
        <ele>1081</ele>
        <time>2026-07-19T14:17:03Z</time>
        <hdop>3</hdop>
        <extensions>
          <osmand:speed>1.4</osmand:speed>
        </extensions>
      </trkpt>
      <trkpt lat="43.7320435" lon="6.5682906">
        <ele>1080.9</ele>
        <time>2026-07-19T14:17:09Z</time>
        <hdop>3.1</hdop>
        <extensions>
          <osmand:speed>1.4</osmand:speed>
        </extensions>
      </trkpt>
      <trkpt lat="43.7321124" lon="6.5682653">
        <ele>1081.7</ele>
        <time>2026-07-19T14:17:14Z</time>
        <hdop>3.2</hdop>
        <extensions>
          <osmand:speed>1.4</osmand:speed>
        </extensions>
      </trkpt>
      <trkpt lat="43.7321759" lon="6.5682227">
        <ele>1082</ele>
        <time>2026-07-19T14:17:19Z</time>
        <hdop>3</hdop>
        <extensions>
          <osmand:speed>1.2</osmand:speed>
        </extensions>
      </trkpt>
      <trkpt lat="43.7322351" lon="6.5681612">
        <ele>1082.9</ele>
        <time>2026-07-19T14:17:24Z</time>
        <hdop>3.2</hdop>
        <extensions>
          <osmand:speed>1.4</osmand:speed>
        </extensions>
      </trkpt>
      <trkpt lat="43.7322994" lon="6.5681124">
        <ele>1083.7</ele>
        <time>2026-07-19T14:17:30Z</time>
        <hdop>3.2</hdop>
        <extensions>
          <osmand:speed>1.4</osmand:speed>
        </extensions>
      </trkpt>
      <trkpt lat="43.7323855" lon="6.5680853">
        <ele>1084.5</ele>
        <time>2026-07-19T14:17:35Z</time>
        <hdop>3.1</hdop>
        <extensions>
          <osmand:speed>1.4</osmand:speed>
        </extensions>
      </trkpt>
      <trkpt lat="43.7324556" lon="6.5680532">
        <ele>1085.4</ele>
        <time>2026-07-19T14:17:40Z</time>
        <hdop>3</hdop>
        <extensions>
          <osmand:speed>1.5</osmand:speed>
        </extensions>
      </trkpt>
      <trkpt lat="43.7325186" lon="6.5680196">
        <ele>1086.1</ele>
        <time>2026-07-19T14:17:45Z</time>
        <hdop>3</hdop>
        <extensions>
          <osmand:speed>1.5</osmand:speed>
        </extensions>
      </trkpt>
      <trkpt lat="43.7325863" lon="6.5679755">
        <ele>1087.2</ele>
        <time>2026-07-19T14:17:51Z</time>
        <hdop>3.1</hdop>
        <extensions>
          <osmand:speed>1.3</osmand:speed>
        </extensions>
      </trkpt>
      <trkpt lat="43.732655" lon="6.5679402">
        <ele>1088</ele>
        <time>2026-07-19T14:17:56Z</time>
        <hdop>3.1</hdop>
        <extensions>
          <osmand:speed>1.4</osmand:speed>
        </extensions>
      </trkpt>
      <trkpt lat="43.7327149" lon="6.5678994">
        <ele>1088.8</ele>
        <time>2026-07-19T14:18:01Z</time>
        <hdop>3.4</hdop>
        <extensions>
          <osmand:speed>1.1</osmand:speed>
        </extensions>
      </trkpt>
      <trkpt lat="43.7327744" lon="6.5678379">
        <ele>1089.8</ele>
        <time>2026-07-19T14:18:06Z</time>
        <hdop>4.6</hdop>
        <extensions>
          <osmand:speed>1.5</osmand:speed>
        </extensions>
      </trkpt>
      <trkpt lat="43.7328332" lon="6.5677684">
        <ele>1090.6</ele>
        <time>2026-07-19T14:18:11Z</time>
        <hdop>5.1</hdop>
        <extensions>
          <osmand:speed>1.3</osmand:speed>
        </extensions>
      </trkpt>
      <trkpt lat="43.7328758" lon="6.5677083">
        <ele>1091.3</ele>
        <time>2026-07-19T14:18:17Z</time>
        <hdop>5.3</hdop>
        <extensions>
          <osmand:speed>1.2</osmand:speed>
        </extensions>
      </trkpt>
      <trkpt lat="43.7329322" lon="6.5676364">
        <ele>1092</ele>
        <time>2026-07-19T14:18:22Z</time>
        <hdop>5.1</hdop>
        <extensions>
          <osmand:speed>1.3</osmand:speed>
        </extensions>
      </trkpt>
      <trkpt lat="43.7329855" lon="6.5675481">
        <ele>1092.7</ele>
        <time>2026-07-19T14:18:27Z</time>
        <hdop>3.2</hdop>
        <extensions>
          <osmand:speed>1.5</osmand:speed>
        </extensions>
      </trkpt>
      <trkpt lat="43.7330308" lon="6.5674788">
        <ele>1093.1</ele>
        <time>2026-07-19T14:18:32Z</time>
        <hdop>3.1</hdop>
        <extensions>
          <osmand:speed>1.4</osmand:speed>
        </extensions>
      </trkpt>
      <trkpt lat="43.7330581" lon="6.5673936">
        <ele>1093.7</ele>
        <time>2026-07-19T14:18:37Z</time>
        <hdop>3.4</hdop>
        <extensions>
          <osmand:speed>1.4</osmand:speed>
        </extensions>
      </trkpt>
      <trkpt lat="43.7330963" lon="6.5673129">
        <ele>1094.6</ele>
        <time>2026-07-19T14:18:42Z</time>
        <hdop>3</hdop>
        <extensions>
          <osmand:speed>1.5</osmand:speed>
        </extensions>
      </trkpt>
      <trkpt lat="43.73315" lon="6.5672405">
        <ele>1095.2</ele>
        <time>2026-07-19T14:18:48Z</time>
        <hdop>3</hdop>
        <extensions>
          <osmand:speed>1.3</osmand:speed>
        </extensions>
      </trkpt>
      <trkpt lat="43.7331939" lon="6.5671684">
        <ele>1095.4</ele>
        <time>2026-07-19T14:18:53Z</time>
        <hdop>3</hdop>
        <extensions>
          <osmand:speed>1.3</osmand:speed>
        </extensions>
      </trkpt>
      <trkpt lat="43.7332461" lon="6.5671083">
        <ele>1095.8</ele>
        <time>2026-07-19T14:18:58Z</time>
        <hdop>3.1</hdop>
        <extensions>
          <osmand:speed>1.3</osmand:speed>
        </extensions>
      </trkpt>
      <trkpt lat="43.7332927" lon="6.5670284">
        <ele>1097</ele>
        <time>2026-07-19T14:19:03Z</time>
        <hdop>3.1</hdop>
        <extensions>
          <osmand:speed>1.3</osmand:speed>
        </extensions>
      </trkpt>
      <trkpt lat="43.7333497" lon="6.5669613">
        <ele>1097.9</ele>
        <time>2026-07-19T14:19:09Z</time>
        <hdop>3.1</hdop>
        <extensions>
          <osmand:speed>1.4</osmand:speed>
        </extensions>
      </trkpt>
      <trkpt lat="43.7334016" lon="6.5668714">
        <ele>1098.3</ele>
        <time>2026-07-19T14:19:14Z</time>
        <hdop>3.2</hdop>
        <extensions>
          <osmand:speed>1.4</osmand:speed>
        </extensions>
      </trkpt>
      <trkpt lat="43.7334463" lon="6.5667967">
        <ele>1098.2</ele>
        <time>2026-07-19T14:19:20Z</time>
        <hdop>3.8</hdop>
        <extensions>
          <osmand:speed>1.4</osmand:speed>
        </extensions>
      </trkpt>
      <trkpt lat="43.7335111" lon="6.5667394">
        <ele>1098.9</ele>
        <time>2026-07-19T14:19:25Z</time>
        <hdop>3.3</hdop>
        <extensions>
          <osmand:speed>1.4</osmand:speed>
        </extensions>
      </trkpt>
      <trkpt lat="43.733555" lon="6.5666468">
        <ele>1099.9</ele>
        <time>2026-07-19T14:19:30Z</time>
        <hdop>3.2</hdop>
        <extensions>
          <osmand:speed>1.3</osmand:speed>
        </extensions>
      </trkpt>
      <trkpt lat="43.733575" lon="6.5665436">
        <ele>1100.2</ele>
        <time>2026-07-19T14:19:36Z</time>
        <hdop>3.2</hdop>
        <extensions>
          <osmand:speed>1.5</osmand:speed>
        </extensions>
      </trkpt>
      <trkpt lat="43.7336032" lon="6.5664662">
        <ele>1100.8</ele>
        <time>2026-07-19T14:19:41Z</time>
        <hdop>3</hdop>
        <extensions>
          <osmand:speed>1.3</osmand:speed>
        </extensions>
      </trkpt>
      <trkpt lat="43.733635" lon="6.5664076">
        <ele>1101.6</ele>
        <time>2026-07-19T14:19:46Z</time>
        <hdop>3</hdop>
        <extensions>
          <osmand:speed>1.3</osmand:speed>
        </extensions>
      </trkpt>
      <trkpt lat="43.7336766" lon="6.5663243">
        <ele>1102.3</ele>
        <time>2026-07-19T14:19:51Z</time>
        <hdop>3.1</hdop>
        <extensions>
          <osmand:speed>1.3</osmand:speed>
        </extensions>
      </trkpt>
      <trkpt lat="43.733726" lon="6.5662425">
        <ele>1103.2</ele>
        <time>2026-07-19T14:19:57Z</time>
        <hdop>3.1</hdop>
        <extensions>
          <osmand:speed>1.3</osmand:speed>
        </extensions>
      </trkpt>
      <trkpt lat="43.7337675" lon="6.5661687">
        <ele>1104.4</ele>
        <time>2026-07-19T14:20:02Z</time>
        <hdop>3</hdop>
        <extensions>
          <osmand:speed>1.3</osmand:speed>
        </extensions>
      </trkpt>
      <trkpt lat="43.7338006" lon="6.566117">
        <ele>1105.2</ele>
        <time>2026-07-19T14:20:07Z</time>
        <hdop>3.1</hdop>
        <extensions>
          <osmand:speed>1.2</osmand:speed>
        </extensions>
      </trkpt>
      <trkpt lat="43.7338351" lon="6.5660778">
        <ele>1106.5</ele>
        <time>2026-07-19T14:20:13Z</time>
        <hdop>3</hdop>
        <extensions>
          <osmand:speed>0.9</osmand:speed>
        </extensions>
      </trkpt>
      <trkpt lat="43.7338897" lon="6.566037">
        <ele>1107.9</ele>
        <time>2026-07-19T14:20:18Z</time>
        <hdop>3</hdop>
        <extensions>
          <osmand:speed>1.1</osmand:speed>
        </extensions>
      </trkpt>
      <trkpt lat="43.7339409" lon="6.5659687">
        <ele>1108.9</ele>
        <time>2026-07-19T14:20:24Z</time>
        <hdop>3</hdop>
        <extensions>
          <osmand:speed>1</osmand:speed>
        </extensions>
      </trkpt>
      <trkpt lat="43.7339781" lon="6.5659201">
        <ele>1109.8</ele>
        <time>2026-07-19T14:20:30Z</time>
        <hdop>3</hdop>
        <extensions>
          <osmand:speed>1</osmand:speed>
        </extensions>
      </trkpt>
      <trkpt lat="43.733996" lon="6.5658584">
        <ele>1110.7</ele>
        <time>2026-07-19T14:20:35Z</time>
        <hdop>3.3</hdop>
        <extensions>
          <osmand:speed>1.1</osmand:speed>
        </extensions>
      </trkpt>
      <trkpt lat="43.7340176" lon="6.5657918">
        <ele>1111.4</ele>
        <time>2026-07-19T14:20:40Z</time>
        <hdop>4.6</hdop>
        <extensions>
          <osmand:speed>1.2</osmand:speed>
        </extensions>
      </trkpt>
      <trkpt lat="43.7340489" lon="6.5657302">
        <ele>1112.9</ele>
        <time>2026-07-19T14:20:45Z</time>
        <hdop>5.1</hdop>
        <extensions>
          <osmand:speed>1.2</osmand:speed>
        </extensions>
      </trkpt>
      <trkpt lat="43.734043" lon="6.5657498">
        <ele>1114.1</ele>
        <time>2026-07-19T14:20:50Z</time>
        <hdop>4.7</hdop>
        <extensions>
          <osmand:speed>0.1</osmand:speed>
        </extensions>
      </trkpt>
      <trkpt lat="43.7340366" lon="6.5657582">
        <ele>1114</ele>
        <time>2026-07-19T14:20:56Z</time>
        <hdop>3.7</hdop>
        <extensions>
          <osmand:speed>0.1</osmand:speed>
        </extensions>
      </trkpt>
      <trkpt lat="43.7340439" lon="6.5657516">
        <ele>1113.8</ele>
        <time>2026-07-19T14:21:02Z</time>
        <hdop>3.7</hdop>
        <extensions>
          <osmand:speed>0.2</osmand:speed>
        </extensions>
      </trkpt>
      <trkpt lat="43.7341183" lon="6.5656661">
        <ele>1114.6</ele>
        <time>2026-07-19T14:21:07Z</time>
        <hdop>5.1</hdop>
        <extensions>
          <osmand:speed>1.3</osmand:speed>
        </extensions>
      </trkpt>
      <trkpt lat="43.734147" lon="6.5655647">
        <ele>1115.4</ele>
        <time>2026-07-19T14:21:12Z</time>
        <hdop>4.8</hdop>
        <extensions>
          <osmand:speed>1.4</osmand:speed>
        </extensions>
      </trkpt>
      <trkpt lat="43.7341778" lon="6.5654651">
        <ele>1115.9</ele>
        <time>2026-07-19T14:21:18Z</time>
        <hdop>5.2</hdop>
        <extensions>
          <osmand:speed>1.3</osmand:speed>
        </extensions>
      </trkpt>
      <trkpt lat="43.7342061" lon="6.5654512">
        <ele>1116.3</ele>
        <time>2026-07-19T14:21:23Z</time>
        <hdop>5</hdop>
        <extensions>
          <osmand:speed>0.5</osmand:speed>
        </extensions>
      </trkpt>
      <trkpt lat="43.7341753" lon="6.5654554">
        <ele>1116.1</ele>
        <time>2026-07-19T14:21:28Z</time>
        <hdop>4.8</hdop>
        <extensions>
          <osmand:speed>0.1</osmand:speed>
        </extensions>
      </trkpt>
      <trkpt lat="43.7341703" lon="6.5654572">
        <ele>1116.4</ele>
        <time>2026-07-19T14:21:34Z</time>
        <hdop>4</hdop>
        <extensions>
          <osmand:speed>0.1</osmand:speed>
        </extensions>
      </trkpt>
      <trkpt lat="43.7341691" lon="6.5654595">
        <ele>1115.7</ele>
        <time>2026-07-19T14:21:40Z</time>
        <hdop>3.9</hdop>
        <extensions>
          <osmand:speed>0</osmand:speed>
        </extensions>
      </trkpt>
      <trkpt lat="43.7341698" lon="6.5654599">
        <ele>1116.4</ele>
        <time>2026-07-19T14:21:45Z</time>
        <hdop>3.6</hdop>
        <extensions>
          <osmand:speed>0.1</osmand:speed>
        </extensions>
      </trkpt>
      <trkpt lat="43.7341717" lon="6.5654597">
        <ele>1115.7</ele>
        <time>2026-07-19T14:21:51Z</time>
        <hdop>3.4</hdop>
        <extensions>
          <osmand:speed>0.1</osmand:speed>
        </extensions>
      </trkpt>
      <trkpt lat="43.7341737" lon="6.5654594">
        <ele>1115.7</ele>
        <time>2026-07-19T14:21:56Z</time>
        <hdop>3.4</hdop>
        <extensions>
          <osmand:speed>0.1</osmand:speed>
        </extensions>
      </trkpt>
      <trkpt lat="43.7341747" lon="6.5654602">
        <ele>1115.7</ele>
        <time>2026-07-19T14:22:02Z</time>
        <hdop>3.5</hdop>
        <extensions>
          <osmand:speed>0.1</osmand:speed>
        </extensions>
      </trkpt>
      <trkpt lat="43.7341755" lon="6.5654618">
        <ele>1115.3</ele>
        <time>2026-07-19T14:22:08Z</time>
        <hdop>3.6</hdop>
        <extensions>
          <osmand:speed>0.1</osmand:speed>
        </extensions>
      </trkpt>
      <trkpt lat="43.7341757" lon="6.5654624">
        <ele>1115.5</ele>
        <time>2026-07-19T14:22:13Z</time>
        <hdop>3.7</hdop>
        <extensions>
          <osmand:speed>0.1</osmand:speed>
        </extensions>
      </trkpt>
      <trkpt lat="43.7341751" lon="6.5654631">
        <ele>1115.1</ele>
        <time>2026-07-19T14:22:19Z</time>
        <hdop>3.9</hdop>
        <extensions>
          <osmand:speed>0.1</osmand:speed>
        </extensions>
      </trkpt>
      <trkpt lat="43.7341742" lon="6.5654637">
        <ele>1115.2</ele>
        <time>2026-07-19T14:22:24Z</time>
        <hdop>4.1</hdop>
        <extensions>
          <osmand:speed>0.1</osmand:speed>
        </extensions>
      </trkpt>
      <trkpt lat="43.7341738" lon="6.5654636">
        <ele>1114.7</ele>
        <time>2026-07-19T14:22:29Z</time>
        <hdop>4.3</hdop>
        <extensions>
          <osmand:speed>0.1</osmand:speed>
        </extensions>
      </trkpt>
      <trkpt lat="43.7341728" lon="6.565464">
        <ele>1115</ele>
        <time>2026-07-19T14:22:35Z</time>
        <hdop>4.3</hdop>
        <extensions>
          <osmand:speed>0.1</osmand:speed>
        </extensions>
      </trkpt>
      <trkpt lat="43.7341712" lon="6.5654652">
        <ele>1115</ele>
        <time>2026-07-19T14:22:41Z</time>
        <hdop>4.3</hdop>
        <extensions>
          <osmand:speed>0.1</osmand:speed>
        </extensions>
      </trkpt>
      <trkpt lat="43.7341707" lon="6.5654655">
        <ele>1114.7</ele>
        <time>2026-07-19T14:22:47Z</time>
        <hdop>4.4</hdop>
        <extensions>
          <osmand:speed>0.1</osmand:speed>
        </extensions>
      </trkpt>
      <trkpt lat="43.7341702" lon="6.5654657">
        <ele>1114.9</ele>
        <time>2026-07-19T14:22:53Z</time>
        <hdop>4.5</hdop>
        <extensions>
          <osmand:speed>0.1</osmand:speed>
        </extensions>
      </trkpt>
      <trkpt lat="43.7341695" lon="6.5654658">
        <ele>1114.8</ele>
        <time>2026-07-19T14:22:58Z</time>
        <hdop>4.6</hdop>
        <extensions>
          <osmand:speed>0.1</osmand:speed>
        </extensions>
      </trkpt>
      <trkpt lat="43.7341684" lon="6.5654658">
        <ele>1114.7</ele>
        <time>2026-07-19T14:23:04Z</time>
        <hdop>4.6</hdop>
        <extensions>
          <osmand:speed>0.1</osmand:speed>
        </extensions>
      </trkpt>
      <trkpt lat="43.734168" lon="6.5654662">
        <ele>1114.7</ele>
        <time>2026-07-19T14:23:10Z</time>
        <hdop>4.6</hdop>
        <extensions>
          <osmand:speed>0.1</osmand:speed>
        </extensions>
      </trkpt>
      <trkpt lat="43.7341679" lon="6.5654671">
        <ele>1114.9</ele>
        <time>2026-07-19T14:23:15Z</time>
        <hdop>4.7</hdop>
        <extensions>
          <osmand:speed>0.1</osmand:speed>
        </extensions>
      </trkpt>
      <trkpt lat="43.7341677" lon="6.5654678">
        <ele>1114.7</ele>
        <time>2026-07-19T14:23:21Z</time>
        <hdop>4.7</hdop>
        <extensions>
          <osmand:speed>0.1</osmand:speed>
        </extensions>
      </trkpt>
      <trkpt lat="43.7341674" lon="6.5654686">
        <ele>1114.8</ele>
        <time>2026-07-19T14:23:26Z</time>
        <hdop>4.8</hdop>
        <extensions>
          <osmand:speed>0.1</osmand:speed>
        </extensions>
      </trkpt>
      <trkpt lat="43.7341671" lon="6.5654689">
        <ele>1114.7</ele>
        <time>2026-07-19T14:23:32Z</time>
        <hdop>4.9</hdop>
        <extensions>
          <osmand:speed>0.1</osmand:speed>
        </extensions>
      </trkpt>
      <trkpt lat="43.7341668" lon="6.5654691">
        <ele>1114.8</ele>
        <time>2026-07-19T14:23:38Z</time>
        <hdop>4.8</hdop>
        <extensions>
          <osmand:speed>0.1</osmand:speed>
        </extensions>
      </trkpt>
      <trkpt lat="43.7341664" lon="6.5654694">
        <ele>1114.9</ele>
        <time>2026-07-19T14:23:44Z</time>
        <hdop>4.9</hdop>
        <extensions>
          <osmand:speed>0.1</osmand:speed>
        </extensions>
      </trkpt>
      <trkpt lat="43.7341661" lon="6.5654694">
        <ele>1114.8</ele>
        <time>2026-07-19T14:23:50Z</time>
        <hdop>4.8</hdop>
        <extensions>
          <osmand:speed>0.1</osmand:speed>
        </extensions>
      </trkpt>
      <trkpt lat="43.734166" lon="6.5654698">
        <ele>1114.8</ele>
        <time>2026-07-19T14:23:56Z</time>
        <hdop>4.8</hdop>
        <extensions>
          <osmand:speed>0.1</osmand:speed>
        </extensions>
      </trkpt>
      <trkpt lat="43.7341665" lon="6.5654702">
        <ele>1114.7</ele>
        <time>2026-07-19T14:24:02Z</time>
        <hdop>4.8</hdop>
        <extensions>
          <osmand:speed>0.1</osmand:speed>
        </extensions>
      </trkpt>
      <trkpt lat="43.7341666" lon="6.5654716">
        <ele>1114.7</ele>
        <time>2026-07-19T14:24:08Z</time>
        <hdop>4.9</hdop>
        <extensions>
          <osmand:speed>0.1</osmand:speed>
        </extensions>
      </trkpt>
      <trkpt lat="43.734201" lon="6.5653939">
        <ele>1114.7</ele>
        <time>2026-07-19T14:24:14Z</time>
        <hdop>4.6</hdop>
        <extensions>
          <osmand:speed>1.3</osmand:speed>
        </extensions>
      </trkpt>
      <trkpt lat="43.7342373" lon="6.5652988">
        <ele>1114.3</ele>
        <time>2026-07-19T14:24:19Z</time>
        <hdop>3.3</hdop>
        <extensions>
          <osmand:speed>1.4</osmand:speed>
        </extensions>
      </trkpt>
      <trkpt lat="43.7342867" lon="6.5652388">
        <ele>1114.3</ele>
        <time>2026-07-19T14:24:24Z</time>
        <hdop>3</hdop>
        <extensions>
          <osmand:speed>1.2</osmand:speed>
        </extensions>
      </trkpt>
      <trkpt lat="43.7342952" lon="6.56526">
        <ele>1114.4</ele>
        <time>2026-07-19T14:24:30Z</time>
        <hdop>3</hdop>
        <extensions>
          <osmand:speed>0.3</osmand:speed>
        </extensions>
      </trkpt>
      <trkpt lat="43.734367" lon="6.5652472">
        <ele>1114.5</ele>
        <time>2026-07-19T14:24:35Z</time>
        <hdop>3.2</hdop>
        <extensions>
          <osmand:speed>1.3</osmand:speed>
        </extensions>
      </trkpt>
      <trkpt lat="43.7344306" lon="6.565214">
        <ele>1115.3</ele>
        <time>2026-07-19T14:24:41Z</time>
        <hdop>3</hdop>
        <extensions>
          <osmand:speed>1.3</osmand:speed>
        </extensions>
      </trkpt>
      <trkpt lat="43.7345003" lon="6.5651569">
        <ele>1116.4</ele>
        <time>2026-07-19T14:24:46Z</time>
        <hdop>3</hdop>
        <extensions>
          <osmand:speed>1.2</osmand:speed>
        </extensions>
      </trkpt>
      <trkpt lat="43.7345571" lon="6.5650898">
        <ele>1116.6</ele>
        <time>2026-07-19T14:24:51Z</time>
        <hdop>3</hdop>
        <extensions>
          <osmand:speed>1.4</osmand:speed>
        </extensions>
      </trkpt>
      <trkpt lat="43.7346209" lon="6.5650468">
        <ele>1117.4</ele>
        <time>2026-07-19T14:24:56Z</time>
        <hdop>3</hdop>
        <extensions>
          <osmand:speed>1.4</osmand:speed>
        </extensions>
      </trkpt>
      <trkpt lat="43.7346877" lon="6.5650061">
        <ele>1117.7</ele>
        <time>2026-07-19T14:25:02Z</time>
        <hdop>3.1</hdop>
        <extensions>
          <osmand:speed>1.3</osmand:speed>
        </extensions>
      </trkpt>
      <trkpt lat="43.7347466" lon="6.5649537">
        <ele>1118.1</ele>
        <time>2026-07-19T14:25:07Z</time>
        <hdop>3.1</hdop>
        <extensions>
          <osmand:speed>1.4</osmand:speed>
        </extensions>
      </trkpt>
      <trkpt lat="43.7348127" lon="6.5649092">
        <ele>1118.2</ele>
        <time>2026-07-19T14:25:13Z</time>
        <hdop>3.1</hdop>
        <extensions>
          <osmand:speed>1.4</osmand:speed>
        </extensions>
      </trkpt>
      <trkpt lat="43.7348679" lon="6.5648541">
        <ele>1118.5</ele>
        <time>2026-07-19T14:25:18Z</time>
        <hdop>3.1</hdop>
        <extensions>
          <osmand:speed>1.4</osmand:speed>
        </extensions>
      </trkpt>
      <trkpt lat="43.7349374" lon="6.5647797">
        <ele>1118.4</ele>
        <time>2026-07-19T14:25:23Z</time>
        <hdop>3.1</hdop>
        <extensions>
          <osmand:speed>1.6</osmand:speed>
        </extensions>
      </trkpt>
      <trkpt lat="43.7350096" lon="6.5647383">
        <ele>1118.3</ele>
        <time>2026-07-19T14:25:28Z</time>
        <hdop>3</hdop>
        <extensions>
          <osmand:speed>1.4</osmand:speed>
        </extensions>
      </trkpt>
      <trkpt lat="43.735077" lon="6.5646943">
        <ele>1118.2</ele>
        <time>2026-07-19T14:25:33Z</time>
        <hdop>3</hdop>
        <extensions>
          <osmand:speed>1.5</osmand:speed>
        </extensions>
      </trkpt>
      <trkpt lat="43.7351394" lon="6.564657">
        <ele>1117.9</ele>
        <time>2026-07-19T14:25:39Z</time>
        <hdop>3</hdop>
        <extensions>
          <osmand:speed>1.2</osmand:speed>
        </extensions>
      </trkpt>
      <trkpt lat="43.7351959" lon="6.5646087">
        <ele>1117.5</ele>
        <time>2026-07-19T14:25:44Z</time>
        <hdop>3.1</hdop>
        <extensions>
          <osmand:speed>1.3</osmand:speed>
        </extensions>
      </trkpt>
      <trkpt lat="43.7352517" lon="6.5645584">
        <ele>1117.7</ele>
        <time>2026-07-19T14:25:50Z</time>
        <hdop>3.1</hdop>
        <extensions>
          <osmand:speed>1.4</osmand:speed>
        </extensions>
      </trkpt>
      <trkpt lat="43.7353142" lon="6.5645117">
        <ele>1117.5</ele>
        <time>2026-07-19T14:25:55Z</time>
        <hdop>3</hdop>
        <extensions>
          <osmand:speed>1.3</osmand:speed>
        </extensions>
      </trkpt>
      <trkpt lat="43.7353819" lon="6.5644708">
        <ele>1117.5</ele>
        <time>2026-07-19T14:26:00Z</time>
        <hdop>3.7</hdop>
        <extensions>
          <osmand:speed>1.4</osmand:speed>
        </extensions>
      </trkpt>
      <trkpt lat="43.7354494" lon="6.5644341">
        <ele>1117.5</ele>
        <time>2026-07-19T14:26:06Z</time>
        <hdop>4.9</hdop>
        <extensions>
          <osmand:speed>1.4</osmand:speed>
        </extensions>
      </trkpt>
      <trkpt lat="43.7355137" lon="6.5644155">
        <ele>1117.8</ele>
        <time>2026-07-19T14:26:11Z</time>
        <hdop>5.2</hdop>
        <extensions>
          <osmand:speed>1.3</osmand:speed>
        </extensions>
      </trkpt>
      <trkpt lat="43.7355809" lon="6.5643762">
        <ele>1118.5</ele>
        <time>2026-07-19T14:26:16Z</time>
        <hdop>5.3</hdop>
        <extensions>
          <osmand:speed>1.4</osmand:speed>
        </extensions>
      </trkpt>
      <trkpt lat="43.7356529" lon="6.564331">
        <ele>1120.1</ele>
        <time>2026-07-19T14:26:21Z</time>
        <hdop>5.3</hdop>
        <extensions>
          <osmand:speed>1.4</osmand:speed>
        </extensions>
      </trkpt>
      <trkpt lat="43.7357202" lon="6.564288">
        <ele>1120.7</ele>
        <time>2026-07-19T14:26:26Z</time>
        <hdop>5.2</hdop>
        <extensions>
          <osmand:speed>1.4</osmand:speed>
        </extensions>
      </trkpt>
      <trkpt lat="43.735797" lon="6.564259">
        <ele>1121.9</ele>
        <time>2026-07-19T14:26:32Z</time>
        <hdop>5.2</hdop>
        <extensions>
          <osmand:speed>1.3</osmand:speed>
        </extensions>
      </trkpt>
      <trkpt lat="43.7358506" lon="6.5642096">
        <ele>1124.2</ele>
        <time>2026-07-19T14:26:37Z</time>
        <hdop>5.3</hdop>
        <extensions>
          <osmand:speed>1.4</osmand:speed>
        </extensions>
      </trkpt>
      <trkpt lat="43.7358929" lon="6.5641551">
        <ele>1124.9</ele>
        <time>2026-07-19T14:26:43Z</time>
        <hdop>5.3</hdop>
        <extensions>
          <osmand:speed>1.1</osmand:speed>
        </extensions>
      </trkpt>
      <trkpt lat="43.735938" lon="6.564073">
        <ele>1125.3</ele>
        <time>2026-07-19T14:26:48Z</time>
        <hdop>5.2</hdop>
        <extensions>
          <osmand:speed>1.3</osmand:speed>
        </extensions>
      </trkpt>
      <trkpt lat="43.7359898" lon="6.5640018">
        <ele>1125.9</ele>
        <time>2026-07-19T14:26:53Z</time>
        <hdop>5</hdop>
        <extensions>
          <osmand:speed>1.3</osmand:speed>
        </extensions>
      </trkpt>
      <trkpt lat="43.7360286" lon="6.5639464">
        <ele>1126.5</ele>
        <time>2026-07-19T14:26:58Z</time>
        <hdop>5.3</hdop>
        <extensions>
          <osmand:speed>1.1</osmand:speed>
        </extensions>
      </trkpt>
      <trkpt lat="43.7360926" lon="6.5638982">
        <ele>1127.6</ele>
        <time>2026-07-19T14:27:03Z</time>
        <hdop>5.5</hdop>
        <extensions>
          <osmand:speed>1.4</osmand:speed>
        </extensions>
      </trkpt>
      <trkpt lat="43.7361543" lon="6.5638224">
        <ele>1127.9</ele>
        <time>2026-07-19T14:27:09Z</time>
        <hdop>5.1</hdop>
        <extensions>
          <osmand:speed>1.4</osmand:speed>
        </extensions>
      </trkpt>
      <trkpt lat="43.7362237" lon="6.5637945">
        <ele>1128.5</ele>
        <time>2026-07-19T14:27:14Z</time>
        <hdop>5.6</hdop>
        <extensions>
          <osmand:speed>1.2</osmand:speed>
        </extensions>
      </trkpt>
      <trkpt lat="43.7363055" lon="6.5637923">
        <ele>1129.1</ele>
        <time>2026-07-19T14:27:20Z</time>
        <hdop>5.6</hdop>
        <extensions>
          <osmand:speed>1.3</osmand:speed>
        </extensions>
      </trkpt>
      <trkpt lat="43.7363806" lon="6.5637932">
        <ele>1129.3</ele>
        <time>2026-07-19T14:27:25Z</time>
        <hdop>5.3</hdop>
        <extensions>
          <osmand:speed>1.2</osmand:speed>
        </extensions>
      </trkpt>
      <trkpt lat="43.7364529" lon="6.5637933">
        <ele>1129.3</ele>
        <time>2026-07-19T14:27:30Z</time>
        <hdop>5.2</hdop>
        <extensions>
          <osmand:speed>1.3</osmand:speed>
        </extensions>
      </trkpt>
      <trkpt lat="43.7365331" lon="6.5637938">
        <ele>1129.6</ele>
        <time>2026-07-19T14:27:36Z</time>
        <hdop>5.1</hdop>
        <extensions>
          <osmand:speed>1.1</osmand:speed>
        </extensions>
      </trkpt>
      <trkpt lat="43.7366156" lon="6.5637808">
        <ele>1129.6</ele>
        <time>2026-07-19T14:27:42Z</time>
        <hdop>5.2</hdop>
        <extensions>
          <osmand:speed>1.3</osmand:speed>
        </extensions>
      </trkpt>
      <trkpt lat="43.7366929" lon="6.5637633">
        <ele>1129.8</ele>
        <time>2026-07-19T14:27:47Z</time>
        <hdop>4.3</hdop>
        <extensions>
          <osmand:speed>1.4</osmand:speed>
        </extensions>
      </trkpt>
      <trkpt lat="43.7367783" lon="6.5637434">
        <ele>1130.3</ele>
        <time>2026-07-19T14:27:53Z</time>
        <hdop>3.1</hdop>
        <extensions>
          <osmand:speed>1.4</osmand:speed>
        </extensions>
      </trkpt>
      <trkpt lat="43.7368602" lon="6.5637239">
        <ele>1130.8</ele>
        <time>2026-07-19T14:27:59Z</time>
        <hdop>3.1</hdop>
        <extensions>
          <osmand:speed>1.4</osmand:speed>
        </extensions>
      </trkpt>
      <trkpt lat="43.7369312" lon="6.5636986">
        <ele>1131.4</ele>
        <time>2026-07-19T14:28:04Z</time>
        <hdop>3</hdop>
        <extensions>
          <osmand:speed>1.5</osmand:speed>
        </extensions>
      </trkpt>
      <trkpt lat="43.7369764" lon="6.5636776">
        <ele>1132.1</ele>
        <time>2026-07-19T14:28:09Z</time>
        <hdop>3</hdop>
        <extensions>
          <osmand:speed>1.2</osmand:speed>
        </extensions>
      </trkpt>
      <trkpt lat="43.7370367" lon="6.5636384">
        <ele>1133</ele>
        <time>2026-07-19T14:28:14Z</time>
        <hdop>3.1</hdop>
        <extensions>
          <osmand:speed>1.4</osmand:speed>
        </extensions>
      </trkpt>
      <trkpt lat="43.737091" lon="6.5636008">
        <ele>1133.6</ele>
        <time>2026-07-19T14:28:20Z</time>
        <hdop>3</hdop>
        <extensions>
          <osmand:speed>1.3</osmand:speed>
        </extensions>
      </trkpt>
      <trkpt lat="43.7371602" lon="6.5635612">
        <ele>1134.7</ele>
        <time>2026-07-19T14:28:25Z</time>
        <hdop>3.2</hdop>
        <extensions>
          <osmand:speed>1.4</osmand:speed>
        </extensions>
      </trkpt>
      <trkpt lat="43.7372231" lon="6.5635204">
        <ele>1136.1</ele>
        <time>2026-07-19T14:28:31Z</time>
        <hdop>3</hdop>
        <extensions>
          <osmand:speed>1.3</osmand:speed>
        </extensions>
      </trkpt>
      <trkpt lat="43.7372781" lon="6.5634528">
        <ele>1136.9</ele>
        <time>2026-07-19T14:28:37Z</time>
        <hdop>3</hdop>
        <extensions>
          <osmand:speed>1.4</osmand:speed>
        </extensions>
      </trkpt>
      <trkpt lat="43.7373314" lon="6.5634035">
        <ele>1137.9</ele>
        <time>2026-07-19T14:28:42Z</time>
        <hdop>3</hdop>
        <extensions>
          <osmand:speed>1.4</osmand:speed>
        </extensions>
      </trkpt>
      <trkpt lat="43.7373849" lon="6.5633745">
        <ele>1138.8</ele>
        <time>2026-07-19T14:28:48Z</time>
        <hdop>3</hdop>
        <extensions>
          <osmand:speed>1.3</osmand:speed>
        </extensions>
      </trkpt>
      <trkpt lat="43.7374443" lon="6.5633296">
        <ele>1139.9</ele>
        <time>2026-07-19T14:28:53Z</time>
        <hdop>3</hdop>
        <extensions>
          <osmand:speed>1.2</osmand:speed>
        </extensions>
      </trkpt>
      <trkpt lat="43.7375063" lon="6.5632892">
        <ele>1140.8</ele>
        <time>2026-07-19T14:28:59Z</time>
        <hdop>3.2</hdop>
        <extensions>
          <osmand:speed>1.4</osmand:speed>
        </extensions>
      </trkpt>
      <trkpt lat="43.7375759" lon="6.5632764">
        <ele>1141.8</ele>
        <time>2026-07-19T14:29:04Z</time>
        <hdop>4.6</hdop>
        <extensions>
          <osmand:speed>1.4</osmand:speed>
        </extensions>
      </trkpt>
      <trkpt lat="43.7376307" lon="6.5632903">
        <ele>1142.6</ele>
        <time>2026-07-19T14:29:09Z</time>
        <hdop>5.6</hdop>
        <extensions>
          <osmand:speed>1</osmand:speed>
        </extensions>
      </trkpt>
      <trkpt lat="43.7376769" lon="6.5632752">
        <ele>1143.9</ele>
        <time>2026-07-19T14:29:14Z</time>
        <hdop>5.5</hdop>
        <extensions>
          <osmand:speed>1.2</osmand:speed>
        </extensions>
      </trkpt>
      <trkpt lat="43.7377259" lon="6.5632117">
        <ele>1144.4</ele>
        <time>2026-07-19T14:29:20Z</time>
        <hdop>4.2</hdop>
        <extensions>
          <osmand:speed>1.3</osmand:speed>
        </extensions>
      </trkpt>
      <trkpt lat="43.7377792" lon="6.5631872">
        <ele>1145.5</ele>
        <time>2026-07-19T14:29:25Z</time>
        <hdop>3</hdop>
        <extensions>
          <osmand:speed>1</osmand:speed>
        </extensions>
      </trkpt>
      <trkpt lat="43.7378166" lon="6.5631365">
        <ele>1147</ele>
        <time>2026-07-19T14:29:30Z</time>
        <hdop>3.2</hdop>
        <extensions>
          <osmand:speed>1</osmand:speed>
        </extensions>
      </trkpt>
      <trkpt lat="43.7378521" lon="6.5630589">
        <ele>1147.6</ele>
        <time>2026-07-19T14:29:36Z</time>
        <hdop>3.1</hdop>
        <extensions>
          <osmand:speed>1.2</osmand:speed>
        </extensions>
      </trkpt>
      <trkpt lat="43.7378829" lon="6.5630052">
        <ele>1148.4</ele>
        <time>2026-07-19T14:29:41Z</time>
        <hdop>3</hdop>
        <extensions>
          <osmand:speed>1</osmand:speed>
        </extensions>
      </trkpt>
      <trkpt lat="43.7379194" lon="6.5629477">
        <ele>1149.1</ele>
        <time>2026-07-19T14:29:46Z</time>
        <hdop>3</hdop>
        <extensions>
          <osmand:speed>1.2</osmand:speed>
        </extensions>
      </trkpt>
      <trkpt lat="43.7379567" lon="6.5628925">
        <ele>1149.9</ele>
        <time>2026-07-19T14:29:52Z</time>
        <hdop>3</hdop>
        <extensions>
          <osmand:speed>1.2</osmand:speed>
        </extensions>
      </trkpt>
      <trkpt lat="43.7380041" lon="6.5628292">
        <ele>1150.8</ele>
        <time>2026-07-19T14:29:57Z</time>
        <hdop>3.2</hdop>
        <extensions>
          <osmand:speed>1.4</osmand:speed>
        </extensions>
      </trkpt>
      <trkpt lat="43.738055" lon="6.5627822">
        <ele>1151.6</ele>
        <time>2026-07-19T14:30:02Z</time>
        <hdop>3</hdop>
        <extensions>
          <osmand:speed>1.3</osmand:speed>
        </extensions>
      </trkpt>
      <trkpt lat="43.738114" lon="6.5627339">
        <ele>1153.3</ele>
        <time>2026-07-19T14:30:08Z</time>
        <hdop>3.1</hdop>
        <extensions>
          <osmand:speed>1.4</osmand:speed>
        </extensions>
      </trkpt>
      <trkpt lat="43.7381609" lon="6.562692">
        <ele>1154.1</ele>
        <time>2026-07-19T14:30:13Z</time>
        <hdop>3</hdop>
        <extensions>
          <osmand:speed>1.2</osmand:speed>
        </extensions>
      </trkpt>
      <trkpt lat="43.7381936" lon="6.5626348">
        <ele>1155.2</ele>
        <time>2026-07-19T14:30:18Z</time>
        <hdop>3</hdop>
        <extensions>
          <osmand:speed>1.2</osmand:speed>
        </extensions>
      </trkpt>
      <trkpt lat="43.7382298" lon="6.5625923">
        <ele>1156</ele>
        <time>2026-07-19T14:30:24Z</time>
        <hdop>3</hdop>
        <extensions>
          <osmand:speed>1.3</osmand:speed>
        </extensions>
      </trkpt>
      <trkpt lat="43.7382782" lon="6.5625407">
        <ele>1156.3</ele>
        <time>2026-07-19T14:30:29Z</time>
        <hdop>3</hdop>
        <extensions>
          <osmand:speed>1.3</osmand:speed>
        </extensions>
      </trkpt>
      <trkpt lat="43.7383159" lon="6.5625327">
        <ele>1157.2</ele>
        <time>2026-07-19T14:30:34Z</time>
        <hdop>3</hdop>
        <extensions>
          <osmand:speed>0.8</osmand:speed>
        </extensions>
      </trkpt>
      <trkpt lat="43.7383156" lon="6.562537">
        <ele>1158.1</ele>
        <time>2026-07-19T14:30:39Z</time>
        <hdop>3</hdop>
        <extensions>
          <osmand:speed>0.2</osmand:speed>
        </extensions>
      </trkpt>
      <trkpt lat="43.7383603" lon="6.5625314">
        <ele>1158.2</ele>
        <time>2026-07-19T14:30:44Z</time>
        <hdop>3</hdop>
        <extensions>
          <osmand:speed>1.1</osmand:speed>
        </extensions>
      </trkpt>
      <trkpt lat="43.7384291" lon="6.5624773">
        <ele>1159.5</ele>
        <time>2026-07-19T14:30:50Z</time>
        <hdop>3</hdop>
        <extensions>
          <osmand:speed>1.2</osmand:speed>
        </extensions>
      </trkpt>
      <trkpt lat="43.7384861" lon="6.5624733">
        <ele>1160</ele>
        <time>2026-07-19T14:30:55Z</time>
        <hdop>3.1</hdop>
        <extensions>
          <osmand:speed>1.3</osmand:speed>
        </extensions>
      </trkpt>
      <trkpt lat="43.7385445" lon="6.5625366">
        <ele>1160.2</ele>
        <time>2026-07-19T14:31:01Z</time>
        <hdop>3</hdop>
        <extensions>
          <osmand:speed>1.2</osmand:speed>
        </extensions>
      </trkpt>
      <trkpt lat="43.7385703" lon="6.5626239">
        <ele>1160.8</ele>
        <time>2026-07-19T14:31:06Z</time>
        <hdop>3</hdop>
        <extensions>
          <osmand:speed>1.2</osmand:speed>
        </extensions>
      </trkpt>
      <trkpt lat="43.7385914" lon="6.5626944">
        <ele>1161.7</ele>
        <time>2026-07-19T14:31:11Z</time>
        <hdop>3</hdop>
        <extensions>
          <osmand:speed>1.3</osmand:speed>
        </extensions>
      </trkpt>
      <trkpt lat="43.7386316" lon="6.5627088">
        <ele>1162.2</ele>
        <time>2026-07-19T14:31:17Z</time>
        <hdop>3.1</hdop>
        <extensions>
          <osmand:speed>1</osmand:speed>
        </extensions>
      </trkpt>
      <trkpt lat="43.7386729" lon="6.5627084">
        <ele>1162.6</ele>
        <time>2026-07-19T14:31:22Z</time>
        <hdop>3</hdop>
        <extensions>
          <osmand:speed>0.8</osmand:speed>
        </extensions>
      </trkpt>
      <trkpt lat="43.7387123" lon="6.562687">
        <ele>1163.7</ele>
        <time>2026-07-19T14:31:27Z</time>
        <hdop>3</hdop>
        <extensions>
          <osmand:speed>0.4</osmand:speed>
        </extensions>
      </trkpt>
      <trkpt lat="43.7387278" lon="6.5626927">
        <ele>1163.7</ele>
        <time>2026-07-19T14:31:33Z</time>
        <hdop>3</hdop>
        <extensions>
          <osmand:speed>0.2</osmand:speed>
        </extensions>
      </trkpt>
      <trkpt lat="43.7387711" lon="6.5626739">
        <ele>1164.1</ele>
        <time>2026-07-19T14:31:38Z</time>
        <hdop>3.6</hdop>
        <extensions>
          <osmand:speed>0.6</osmand:speed>
        </extensions>
      </trkpt>
      <trkpt lat="43.7387859" lon="6.5627047">
        <ele>1164.6</ele>
        <time>2026-07-19T14:31:44Z</time>
        <hdop>4</hdop>
        <extensions>
          <osmand:speed>0.1</osmand:speed>
        </extensions>
      </trkpt>
      <trkpt lat="43.7387883" lon="6.5627187">
        <ele>1164.5</ele>
        <time>2026-07-19T14:31:50Z</time>
        <hdop>4</hdop>
        <extensions>
          <osmand:speed>0.1</osmand:speed>
        </extensions>
      </trkpt>
      <trkpt lat="43.7387908" lon="6.5627291">
        <ele>1164.5</ele>
        <time>2026-07-19T14:31:55Z</time>
        <hdop>3.8</hdop>
        <extensions>
          <osmand:speed>0.1</osmand:speed>
        </extensions>
      </trkpt>
      <trkpt lat="43.7387915" lon="6.56273">
        <ele>1164.7</ele>
        <time>2026-07-19T14:32:01Z</time>
        <hdop>3.8</hdop>
        <extensions>
          <osmand:speed>0</osmand:speed>
        </extensions>
      </trkpt>
      <trkpt lat="43.7387925" lon="6.562732">
        <ele>1164.9</ele>
        <time>2026-07-19T14:32:07Z</time>
        <hdop>3.5</hdop>
        <extensions>
          <osmand:speed>0.1</osmand:speed>
        </extensions>
      </trkpt>
      <trkpt lat="43.7387936" lon="6.5627348">
        <ele>1165.1</ele>
        <time>2026-07-19T14:32:13Z</time>
        <hdop>3.3</hdop>
        <extensions>
          <osmand:speed>0.1</osmand:speed>
        </extensions>
      </trkpt>
      <trkpt lat="43.7387945" lon="6.5627367">
        <ele>1165.5</ele>
        <time>2026-07-19T14:32:18Z</time>
        <hdop>3.4</hdop>
        <extensions>
          <osmand:speed>0.1</osmand:speed>
        </extensions>
      </trkpt>
      <trkpt lat="43.7387958" lon="6.5627394">
        <ele>1164.6</ele>
        <time>2026-07-19T14:32:24Z</time>
        <hdop>3.7</hdop>
        <extensions>
          <osmand:speed>0.2</osmand:speed>
        </extensions>
      </trkpt>
      <trkpt lat="43.7387959" lon="6.5627387">
        <ele>1164.5</ele>
        <time>2026-07-19T14:32:30Z</time>
        <hdop>4.1</hdop>
        <extensions>
          <osmand:speed>0.1</osmand:speed>
        </extensions>
      </trkpt>
      <trkpt lat="43.7387954" lon="6.5627388">
        <ele>1164.7</ele>
        <time>2026-07-19T14:32:35Z</time>
        <hdop>4</hdop>
        <extensions>
          <osmand:speed>0.1</osmand:speed>
        </extensions>
      </trkpt>
      <trkpt lat="43.7387948" lon="6.5627391">
        <ele>1164.9</ele>
        <time>2026-07-19T14:32:40Z</time>
        <hdop>4</hdop>
        <extensions>
          <osmand:speed>0.1</osmand:speed>
        </extensions>
      </trkpt>
      <trkpt lat="43.7387945" lon="6.5627379">
        <ele>1164.9</ele>
        <time>2026-07-19T14:32:45Z</time>
        <hdop>3.9</hdop>
        <extensions>
          <osmand:speed>0.1</osmand:speed>
        </extensions>
      </trkpt>
      <trkpt lat="43.7387941" lon="6.562736">
        <ele>1165</ele>
        <time>2026-07-19T14:32:51Z</time>
        <hdop>4.1</hdop>
        <extensions>
          <osmand:speed>0.1</osmand:speed>
        </extensions>
      </trkpt>
      <trkpt lat="43.738794" lon="6.5627339">
        <ele>1164.9</ele>
        <time>2026-07-19T14:32:56Z</time>
        <hdop>4.3</hdop>
        <extensions>
          <osmand:speed>0.1</osmand:speed>
        </extensions>
      </trkpt>
      <trkpt lat="43.7387933" lon="6.5627313">
        <ele>1165</ele>
        <time>2026-07-19T14:33:02Z</time>
        <hdop>4.4</hdop>
        <extensions>
          <osmand:speed>0.1</osmand:speed>
        </extensions>
      </trkpt>
      <trkpt lat="43.7387925" lon="6.56273">
        <ele>1164.8</ele>
        <time>2026-07-19T14:33:07Z</time>
        <hdop>4.5</hdop>
        <extensions>
          <osmand:speed>0.2</osmand:speed>
        </extensions>
      </trkpt>
      <trkpt lat="43.738792" lon="6.5627296">
        <ele>1165.7</ele>
        <time>2026-07-19T14:33:12Z</time>
        <hdop>5</hdop>
        <extensions>
          <osmand:speed>0.1</osmand:speed>
        </extensions>
      </trkpt>
      <trkpt lat="43.7387916" lon="6.5627289">
        <ele>1165.8</ele>
        <time>2026-07-19T14:33:18Z</time>
        <hdop>4.9</hdop>
        <extensions>
          <osmand:speed>0.1</osmand:speed>
        </extensions>
      </trkpt>
      <trkpt lat="43.7387915" lon="6.5627286">
        <ele>1165.8</ele>
        <time>2026-07-19T14:33:23Z</time>
        <hdop>4.8</hdop>
        <extensions>
          <osmand:speed>0.1</osmand:speed>
        </extensions>
      </trkpt>
      <trkpt lat="43.7387909" lon="6.5627281">
        <ele>1165.3</ele>
        <time>2026-07-19T14:33:29Z</time>
        <hdop>4.8</hdop>
        <extensions>
          <osmand:speed>0.1</osmand:speed>
        </extensions>
      </trkpt>
      <trkpt lat="43.7387908" lon="6.562727">
        <ele>1166.2</ele>
        <time>2026-07-19T14:33:35Z</time>
        <hdop>4.6</hdop>
        <extensions>
          <osmand:speed>0.1</osmand:speed>
        </extensions>
      </trkpt>
      <trkpt lat="43.73879" lon="6.5627263">
        <ele>1165.7</ele>
        <time>2026-07-19T14:33:41Z</time>
        <hdop>4.8</hdop>
        <extensions>
          <osmand:speed>0.1</osmand:speed>
        </extensions>
      </trkpt>
      <trkpt lat="43.7387893" lon="6.5627242">
        <ele>1166</ele>
        <time>2026-07-19T14:33:46Z</time>
        <hdop>5.3</hdop>
        <extensions>
          <osmand:speed>0.1</osmand:speed>
        </extensions>
      </trkpt>
      <trkpt lat="43.7387882" lon="6.5627202">
        <ele>1165</ele>
        <time>2026-07-19T14:33:52Z</time>
        <hdop>5</hdop>
        <extensions>
          <osmand:speed>0.1</osmand:speed>
        </extensions>
      </trkpt>
      <trkpt lat="43.7387877" lon="6.5627186">
        <ele>1165</ele>
        <time>2026-07-19T14:33:58Z</time>
        <hdop>4.6</hdop>
        <extensions>
          <osmand:speed>0.1</osmand:speed>
        </extensions>
      </trkpt>
      <trkpt lat="43.7387866" lon="6.5627166">
        <ele>1165.1</ele>
        <time>2026-07-19T14:34:03Z</time>
        <hdop>4.3</hdop>
        <extensions>
          <osmand:speed>0.1</osmand:speed>
        </extensions>
      </trkpt>
      <trkpt lat="43.7387853" lon="6.562716">
        <ele>1165.4</ele>
        <time>2026-07-19T14:34:09Z</time>
        <hdop>4.3</hdop>
        <extensions>
          <osmand:speed>0.1</osmand:speed>
        </extensions>
      </trkpt>
      <trkpt lat="43.7387843" lon="6.5627148">
        <ele>1165.9</ele>
        <time>2026-07-19T14:34:15Z</time>
        <hdop>4.6</hdop>
        <extensions>
          <osmand:speed>0.1</osmand:speed>
        </extensions>
      </trkpt>
      <trkpt lat="43.7387834" lon="6.5627145">
        <ele>1166.1</ele>
        <time>2026-07-19T14:34:21Z</time>
        <hdop>4.9</hdop>
        <extensions>
          <osmand:speed>0.1</osmand:speed>
        </extensions>
      </trkpt>
      <trkpt lat="43.7387827" lon="6.5627139">
        <ele>1165.5</ele>
        <time>2026-07-19T14:34:27Z</time>
        <hdop>5.1</hdop>
        <extensions>
          <osmand:speed>0.1</osmand:speed>
        </extensions>
      </trkpt>
      <trkpt lat="43.7387816" lon="6.5627136">
        <ele>1165.9</ele>
        <time>2026-07-19T14:34:33Z</time>
        <hdop>5.1</hdop>
        <extensions>
          <osmand:speed>0.1</osmand:speed>
        </extensions>
      </trkpt>
      <trkpt lat="43.7387819" lon="6.562715">
        <ele>1165.8</ele>
        <time>2026-07-19T14:34:39Z</time>
        <hdop>4.9</hdop>
        <extensions>
          <osmand:speed>0.1</osmand:speed>
        </extensions>
      </trkpt>
      <trkpt lat="43.7387831" lon="6.5627152">
        <ele>1166</ele>
        <time>2026-07-19T14:34:45Z</time>
        <hdop>4.9</hdop>
        <extensions>
          <osmand:speed>0.1</osmand:speed>
        </extensions>
      </trkpt>
      <trkpt lat="43.7387847" lon="6.562715">
        <ele>1164.9</ele>
        <time>2026-07-19T14:34:51Z</time>
        <hdop>4.5</hdop>
        <extensions>
          <osmand:speed>0.1</osmand:speed>
        </extensions>
      </trkpt>
      <trkpt lat="43.7387852" lon="6.5627148">
        <ele>1165.5</ele>
        <time>2026-07-19T14:34:56Z</time>
        <hdop>4.5</hdop>
        <extensions>
          <osmand:speed>0.1</osmand:speed>
        </extensions>
      </trkpt>
      <trkpt lat="43.7387855" lon="6.5627141">
        <ele>1165.5</ele>
        <time>2026-07-19T14:35:01Z</time>
        <hdop>4.4</hdop>
        <extensions>
          <osmand:speed>0.1</osmand:speed>
        </extensions>
      </trkpt>
      <trkpt lat="43.738786" lon="6.5627129">
        <ele>1165.5</ele>
        <time>2026-07-19T14:35:07Z</time>
        <hdop>4.5</hdop>
        <extensions>
          <osmand:speed>0.1</osmand:speed>
        </extensions>
      </trkpt>
      <trkpt lat="43.7387867" lon="6.5627096">
        <ele>1165.6</ele>
        <time>2026-07-19T14:35:13Z</time>
        <hdop>4.5</hdop>
        <extensions>
          <osmand:speed>0.1</osmand:speed>
        </extensions>
      </trkpt>
      <trkpt lat="43.7387863" lon="6.5627071">
        <ele>1165.4</ele>
        <time>2026-07-19T14:35:19Z</time>
        <hdop>4.5</hdop>
        <extensions>
          <osmand:speed>0.1</osmand:speed>
        </extensions>
      </trkpt>
      <trkpt lat="43.7387858" lon="6.5627058">
        <ele>1165.5</ele>
        <time>2026-07-19T14:35:25Z</time>
        <hdop>4.5</hdop>
        <extensions>
          <osmand:speed>0.1</osmand:speed>
        </extensions>
      </trkpt>
      <trkpt lat="43.7387853" lon="6.5627048">
        <ele>1165.4</ele>
        <time>2026-07-19T14:35:30Z</time>
        <hdop>4.6</hdop>
        <extensions>
          <osmand:speed>0.1</osmand:speed>
        </extensions>
      </trkpt>
      <trkpt lat="43.7387853" lon="6.5627032">
        <ele>1164.8</ele>
        <time>2026-07-19T14:35:36Z</time>
        <hdop>4.6</hdop>
        <extensions>
          <osmand:speed>0.1</osmand:speed>
        </extensions>
      </trkpt>
      <trkpt lat="43.7387844" lon="6.5626999">
        <ele>1165.3</ele>
        <time>2026-07-19T14:35:42Z</time>
        <hdop>4.7</hdop>
        <extensions>
          <osmand:speed>0.1</osmand:speed>
        </extensions>
      </trkpt>
      <trkpt lat="43.7387834" lon="6.5626985">
        <ele>1165.4</ele>
        <time>2026-07-19T14:35:47Z</time>
        <hdop>4.7</hdop>
        <extensions>
          <osmand:speed>0.1</osmand:speed>
        </extensions>
      </trkpt>
      <trkpt lat="43.7387833" lon="6.5626975">
        <ele>1165</ele>
        <time>2026-07-19T14:35:53Z</time>
        <hdop>4.4</hdop>
        <extensions>
          <osmand:speed>0.1</osmand:speed>
        </extensions>
      </trkpt>
      <trkpt lat="43.738783" lon="6.5626968">
        <ele>1164.9</ele>
        <time>2026-07-19T14:35:58Z</time>
        <hdop>4.3</hdop>
        <extensions>
          <osmand:speed>0.1</osmand:speed>
        </extensions>
      </trkpt>
      <trkpt lat="43.7387824" lon="6.5626944">
        <ele>1165.2</ele>
        <time>2026-07-19T14:36:04Z</time>
        <hdop>4.5</hdop>
        <extensions>
          <osmand:speed>0.1</osmand:speed>
        </extensions>
      </trkpt>
      <trkpt lat="43.7387824" lon="6.5626943">
        <ele>1166</ele>
        <time>2026-07-19T14:36:10Z</time>
        <hdop>4.6</hdop>
        <extensions>
          <osmand:speed>0.1</osmand:speed>
        </extensions>
      </trkpt>
      <trkpt lat="43.7387818" lon="6.562694">
        <ele>1165.2</ele>
        <time>2026-07-19T14:36:16Z</time>
        <hdop>4.5</hdop>
        <extensions>
          <osmand:speed>0.1</osmand:speed>
        </extensions>
      </trkpt>
      <trkpt lat="43.7387813" lon="6.5626938">
        <ele>1165.1</ele>
        <time>2026-07-19T14:36:21Z</time>
        <hdop>4.5</hdop>
        <extensions>
          <osmand:speed>0.1</osmand:speed>
        </extensions>
      </trkpt>
      <trkpt lat="43.7387813" lon="6.5626933">
        <ele>1165.7</ele>
        <time>2026-07-19T14:36:27Z</time>
        <hdop>4.6</hdop>
        <extensions>
          <osmand:speed>0.1</osmand:speed>
        </extensions>
      </trkpt>
      <trkpt lat="43.7387817" lon="6.5626935">
        <ele>1165.6</ele>
        <time>2026-07-19T14:36:32Z</time>
        <hdop>4.6</hdop>
        <extensions>
          <osmand:speed>0.1</osmand:speed>
        </extensions>
      </trkpt>
      <trkpt lat="43.738782" lon="6.5626948">
        <ele>1166.2</ele>
        <time>2026-07-19T14:36:38Z</time>
        <hdop>4.6</hdop>
        <extensions>
          <osmand:speed>0.1</osmand:speed>
        </extensions>
      </trkpt>
      <trkpt lat="43.7387828" lon="6.5626961">
        <ele>1166.1</ele>
        <time>2026-07-19T14:36:44Z</time>
        <hdop>4.7</hdop>
        <extensions>
          <osmand:speed>0.1</osmand:speed>
        </extensions>
      </trkpt>
      <trkpt lat="43.7387834" lon="6.5626971">
        <ele>1166</ele>
        <time>2026-07-19T14:36:50Z</time>
        <hdop>4.9</hdop>
        <extensions>
          <osmand:speed>0.1</osmand:speed>
        </extensions>
      </trkpt>
      <trkpt lat="43.7387842" lon="6.5626972">
        <ele>1166.5</ele>
        <time>2026-07-19T14:36:55Z</time>
        <hdop>4.9</hdop>
        <extensions>
          <osmand:speed>0.1</osmand:speed>
        </extensions>
      </trkpt>
      <trkpt lat="43.7387849" lon="6.5626977">
        <ele>1167.1</ele>
        <time>2026-07-19T14:37:00Z</time>
        <hdop>4.9</hdop>
        <extensions>
          <osmand:speed>0.1</osmand:speed>
        </extensions>
      </trkpt>
      <trkpt lat="43.738785" lon="6.5626977">
        <ele>1166.1</ele>
        <time>2026-07-19T14:37:06Z</time>
        <hdop>4.7</hdop>
        <extensions>
          <osmand:speed>0.1</osmand:speed>
        </extensions>
      </trkpt>
      <trkpt lat="43.738785" lon="6.5626987">
        <ele>1166.2</ele>
        <time>2026-07-19T14:37:11Z</time>
        <hdop>4.8</hdop>
        <extensions>
          <osmand:speed>0.1</osmand:speed>
        </extensions>
      </trkpt>
      <trkpt lat="43.7387842" lon="6.5626996">
        <ele>1165.8</ele>
        <time>2026-07-19T14:37:16Z</time>
        <hdop>4.7</hdop>
        <extensions>
          <osmand:speed>0.1</osmand:speed>
        </extensions>
      </trkpt>
      <trkpt lat="43.7387836" lon="6.5627006">
        <ele>1166.3</ele>
        <time>2026-07-19T14:37:21Z</time>
        <hdop>4.7</hdop>
        <extensions>
          <osmand:speed>0.1</osmand:speed>
        </extensions>
      </trkpt>
      <trkpt lat="43.7387828" lon="6.5627014">
        <ele>1166.1</ele>
        <time>2026-07-19T14:37:27Z</time>
        <hdop>4.6</hdop>
        <extensions>
          <osmand:speed>0.2</osmand:speed>
        </extensions>
      </trkpt>
      <trkpt lat="43.7387835" lon="6.562704">
        <ele>1166.9</ele>
        <time>2026-07-19T14:37:33Z</time>
        <hdop>4.9</hdop>
        <extensions>
          <osmand:speed>0.1</osmand:speed>
        </extensions>
      </trkpt>
      <trkpt lat="43.7387838" lon="6.5627054">
        <ele>1167</ele>
        <time>2026-07-19T14:37:38Z</time>
        <hdop>5</hdop>
        <extensions>
          <osmand:speed>0.1</osmand:speed>
        </extensions>
      </trkpt>
      <trkpt lat="43.7387842" lon="6.5627066">
        <ele>1166.7</ele>
        <time>2026-07-19T14:37:44Z</time>
        <hdop>4.8</hdop>
        <extensions>
          <osmand:speed>0.1</osmand:speed>
        </extensions>
      </trkpt>
      <trkpt lat="43.7387855" lon="6.5627094">
        <ele>1166</ele>
        <time>2026-07-19T14:37:50Z</time>
        <hdop>5.3</hdop>
        <extensions>
          <osmand:speed>0.6</osmand:speed>
        </extensions>
      </trkpt>
      <trkpt lat="43.7388616" lon="6.5627191">
        <ele>1166.9</ele>
        <time>2026-07-19T14:37:55Z</time>
        <hdop>6.9</hdop>
        <extensions>
          <osmand:speed>1.1</osmand:speed>
        </extensions>
      </trkpt>
      <trkpt lat="43.7389245" lon="6.5627277">
        <ele>1167.7</ele>
        <time>2026-07-19T14:38:00Z</time>
        <hdop>5.6</hdop>
        <extensions>
          <osmand:speed>1.1</osmand:speed>
        </extensions>
      </trkpt>
      <trkpt lat="43.7389763" lon="6.5627415">
        <ele>1168.4</ele>
        <time>2026-07-19T14:38:05Z</time>
        <hdop>5.4</hdop>
        <extensions>
          <osmand:speed>1.2</osmand:speed>
        </extensions>
      </trkpt>
      <trkpt lat="43.7390286" lon="6.5627471">
        <ele>1168.9</ele>
        <time>2026-07-19T14:38:10Z</time>
        <hdop>5.2</hdop>
        <extensions>
          <osmand:speed>1.3</osmand:speed>
        </extensions>
      </trkpt>
      <trkpt lat="43.7390841" lon="6.5627519">
        <ele>1169.5</ele>
        <time>2026-07-19T14:38:16Z</time>
        <hdop>4.5</hdop>
        <extensions>
          <osmand:speed>1.1</osmand:speed>
        </extensions>
      </trkpt>
      <trkpt lat="43.7391421" lon="6.5627965">
        <ele>1170</ele>
        <time>2026-07-19T14:38:22Z</time>
        <hdop>4.3</hdop>
        <extensions>
          <osmand:speed>1.2</osmand:speed>
        </extensions>
      </trkpt>
      <trkpt lat="43.7392054" lon="6.5628395">
        <ele>1170.6</ele>
        <time>2026-07-19T14:38:27Z</time>
        <hdop>5.1</hdop>
        <extensions>
          <osmand:speed>1.2</osmand:speed>
        </extensions>
      </trkpt>
      <trkpt lat="43.7392539" lon="6.5628695">
        <ele>1171.9</ele>
        <time>2026-07-19T14:38:32Z</time>
        <hdop>5</hdop>
        <extensions>
          <osmand:speed>1.1</osmand:speed>
        </extensions>
      </trkpt>
      <trkpt lat="43.7393106" lon="6.5629163">
        <ele>1173</ele>
        <time>2026-07-19T14:38:38Z</time>
        <hdop>5</hdop>
        <extensions>
          <osmand:speed>1</osmand:speed>
        </extensions>
      </trkpt>
      <trkpt lat="43.7393584" lon="6.5629452">
        <ele>1173</ele>
        <time>2026-07-19T14:38:43Z</time>
        <hdop>5.2</hdop>
        <extensions>
          <osmand:speed>1.2</osmand:speed>
        </extensions>
      </trkpt>
      <trkpt lat="43.7394168" lon="6.5629816">
        <ele>1173.8</ele>
        <time>2026-07-19T14:38:49Z</time>
        <hdop>5</hdop>
        <extensions>
          <osmand:speed>1.2</osmand:speed>
        </extensions>
      </trkpt>
      <trkpt lat="43.7394476" lon="6.5630025">
        <ele>1174</ele>
        <time>2026-07-19T14:38:55Z</time>
        <hdop>5.1</hdop>
        <extensions>
          <osmand:speed>0.8</osmand:speed>
        </extensions>
      </trkpt>
      <trkpt lat="43.7394908" lon="6.5630401">
        <ele>1174.7</ele>
        <time>2026-07-19T14:39:00Z</time>
        <hdop>5.3</hdop>
        <extensions>
          <osmand:speed>0.9</osmand:speed>
        </extensions>
      </trkpt>
      <trkpt lat="43.7395288" lon="6.5630866">
        <ele>1175.6</ele>
        <time>2026-07-19T14:39:05Z</time>
        <hdop>5.4</hdop>
        <extensions>
          <osmand:speed>1.2</osmand:speed>
        </extensions>
      </trkpt>
      <trkpt lat="43.7395817" lon="6.5631121">
        <ele>1175.7</ele>
        <time>2026-07-19T14:39:10Z</time>
        <hdop>5.2</hdop>
        <extensions>
          <osmand:speed>1.3</osmand:speed>
        </extensions>
      </trkpt>
      <trkpt lat="43.7396229" lon="6.5631446">
        <ele>1176.1</ele>
        <time>2026-07-19T14:39:15Z</time>
        <hdop>4.9</hdop>
        <extensions>
          <osmand:speed>0.9</osmand:speed>
        </extensions>
      </trkpt>
      <trkpt lat="43.7396476" lon="6.563176">
        <ele>1177.8</ele>
        <time>2026-07-19T14:39:21Z</time>
        <hdop>5</hdop>
        <extensions>
          <osmand:speed>0.9</osmand:speed>
        </extensions>
      </trkpt>
      <trkpt lat="43.739699" lon="6.563259">
        <ele>1178.3</ele>
        <time>2026-07-19T14:39:26Z</time>
        <hdop>5.1</hdop>
        <extensions>
          <osmand:speed>1.1</osmand:speed>
        </extensions>
      </trkpt>
      <trkpt lat="43.7397344" lon="6.5633124">
        <ele>1179</ele>
        <time>2026-07-19T14:39:31Z</time>
        <hdop>5</hdop>
        <extensions>
          <osmand:speed>1</osmand:speed>
        </extensions>
      </trkpt>
      <trkpt lat="43.7397882" lon="6.5633578">
        <ele>1179.5</ele>
        <time>2026-07-19T14:39:37Z</time>
        <hdop>5.1</hdop>
        <extensions>
          <osmand:speed>1.1</osmand:speed>
        </extensions>
      </trkpt>
      <trkpt lat="43.7398447" lon="6.5633916">
        <ele>1180.1</ele>
        <time>2026-07-19T14:39:42Z</time>
        <hdop>5.3</hdop>
        <extensions>
          <osmand:speed>1.2</osmand:speed>
        </extensions>
      </trkpt>
      <trkpt lat="43.7398965" lon="6.5634313">
        <ele>1181</ele>
        <time>2026-07-19T14:39:47Z</time>
        <hdop>5.6</hdop>
        <extensions>
          <osmand:speed>1.1</osmand:speed>
        </extensions>
      </trkpt>
      <trkpt lat="43.7398777" lon="6.5634083">
        <ele>1181.1</ele>
        <time>2026-07-19T14:39:53Z</time>
        <hdop>3.1</hdop>
        <extensions>
          <osmand:speed>0.1</osmand:speed>
        </extensions>
      </trkpt>
      <trkpt lat="43.7398758" lon="6.5633969">
        <ele>1181.3</ele>
        <time>2026-07-19T14:39:59Z</time>
        <hdop>3</hdop>
        <extensions>
          <osmand:speed>0.1</osmand:speed>
        </extensions>
      </trkpt>
      <trkpt lat="43.7398772" lon="6.5633921">
        <ele>1181.7</ele>
        <time>2026-07-19T14:40:05Z</time>
        <hdop>3</hdop>
        <extensions>
          <osmand:speed>0.1</osmand:speed>
        </extensions>
      </trkpt>
      <trkpt lat="43.7398848" lon="6.5633977">
        <ele>1181.7</ele>
        <time>2026-07-19T14:40:10Z</time>
        <hdop>3</hdop>
        <extensions>
          <osmand:speed>1.1</osmand:speed>
        </extensions>
      </trkpt>
      <trkpt lat="43.739952" lon="6.5634316">
        <ele>1181.1</ele>
        <time>2026-07-19T14:40:16Z</time>
        <hdop>3.1</hdop>
        <extensions>
          <osmand:speed>1.2</osmand:speed>
        </extensions>
      </trkpt>
      <trkpt lat="43.7400011" lon="6.5634733">
        <ele>1180.9</ele>
        <time>2026-07-19T14:40:21Z</time>
        <hdop>3</hdop>
        <extensions>
          <osmand:speed>1.1</osmand:speed>
        </extensions>
      </trkpt>
      <trkpt lat="43.740029" lon="6.5635293">
        <ele>1180.9</ele>
        <time>2026-07-19T14:40:26Z</time>
        <hdop>3</hdop>
        <extensions>
          <osmand:speed>0.9</osmand:speed>
        </extensions>
      </trkpt>
      <trkpt lat="43.7400338" lon="6.5635714">
        <ele>1180.1</ele>
        <time>2026-07-19T14:40:32Z</time>
        <hdop>3</hdop>
        <extensions>
          <osmand:speed>0.8</osmand:speed>
        </extensions>
      </trkpt>
      <trkpt lat="43.7400448" lon="6.5636336">
        <ele>1179.5</ele>
        <time>2026-07-19T14:40:37Z</time>
        <hdop>3</hdop>
        <extensions>
          <osmand:speed>1</osmand:speed>
        </extensions>
      </trkpt>
      <trkpt lat="43.7400423" lon="6.5636521">
        <ele>1178.4</ele>
        <time>2026-07-19T14:40:42Z</time>
        <hdop>3</hdop>
        <extensions>
          <osmand:speed>0.1</osmand:speed>
        </extensions>
      </trkpt>
      <trkpt lat="43.7400388" lon="6.5636514">
        <ele>1179.1</ele>
        <time>2026-07-19T14:40:48Z</time>
        <hdop>3</hdop>
        <extensions>
          <osmand:speed>0</osmand:speed>
        </extensions>
      </trkpt>
      <trkpt lat="43.7400364" lon="6.5636509">
        <ele>1179</ele>
        <time>2026-07-19T14:40:54Z</time>
        <hdop>3</hdop>
        <extensions>
          <osmand:speed>0.1</osmand:speed>
        </extensions>
      </trkpt>
      <trkpt lat="43.7400357" lon="6.563661">
        <ele>1179.2</ele>
        <time>2026-07-19T14:41:00Z</time>
        <hdop>3</hdop>
        <extensions>
          <osmand:speed>0.6</osmand:speed>
        </extensions>
      </trkpt>
      <trkpt lat="43.7400633" lon="6.5637112">
        <ele>1179</ele>
        <time>2026-07-19T14:41:05Z</time>
        <hdop>3.1</hdop>
        <extensions>
          <osmand:speed>1.2</osmand:speed>
        </extensions>
      </trkpt>
      <trkpt lat="43.7401114" lon="6.5637058">
        <ele>1178</ele>
        <time>2026-07-19T14:41:10Z</time>
        <hdop>3</hdop>
        <extensions>
          <osmand:speed>0.9</osmand:speed>
        </extensions>
      </trkpt>
      <trkpt lat="43.7401498" lon="6.5637256">
        <ele>1177.6</ele>
        <time>2026-07-19T14:41:16Z</time>
        <hdop>3</hdop>
        <extensions>
          <osmand:speed>0.9</osmand:speed>
        </extensions>
      </trkpt>
      <trkpt lat="43.740185" lon="6.563743">
        <ele>1177.1</ele>
        <time>2026-07-19T14:41:21Z</time>
        <hdop>3</hdop>
        <extensions>
          <osmand:speed>1</osmand:speed>
        </extensions>
      </trkpt>
      <trkpt lat="43.7402255" lon="6.5637713">
        <ele>1175.6</ele>
        <time>2026-07-19T14:41:26Z</time>
        <hdop>3</hdop>
        <extensions>
          <osmand:speed>0.9</osmand:speed>
        </extensions>
      </trkpt>
      <trkpt lat="43.7402466" lon="6.5638309">
        <ele>1175.8</ele>
        <time>2026-07-19T14:41:31Z</time>
        <hdop>3</hdop>
        <extensions>
          <osmand:speed>1</osmand:speed>
        </extensions>
      </trkpt>
      <trkpt lat="43.7402538" lon="6.5639027">
        <ele>1175.2</ele>
        <time>2026-07-19T14:41:36Z</time>
        <hdop>3</hdop>
        <extensions>
          <osmand:speed>1.1</osmand:speed>
        </extensions>
      </trkpt>
      <trkpt lat="43.7402623" lon="6.5639633">
        <ele>1173.9</ele>
        <time>2026-07-19T14:41:42Z</time>
        <hdop>3</hdop>
        <extensions>
          <osmand:speed>1</osmand:speed>
        </extensions>
      </trkpt>
      <trkpt lat="43.7402756" lon="6.5640167">
        <ele>1173.9</ele>
        <time>2026-07-19T14:41:47Z</time>
        <hdop>3.2</hdop>
        <extensions>
          <osmand:speed>1</osmand:speed>
        </extensions>
      </trkpt>
      <trkpt lat="43.7403003" lon="6.5640779">
        <ele>1173.4</ele>
        <time>2026-07-19T14:41:52Z</time>
        <hdop>3</hdop>
        <extensions>
          <osmand:speed>1</osmand:speed>
        </extensions>
      </trkpt>
      <trkpt lat="43.7403109" lon="6.5641261">
        <ele>1173.3</ele>
        <time>2026-07-19T14:41:58Z</time>
        <hdop>3</hdop>
        <extensions>
          <osmand:speed>1</osmand:speed>
        </extensions>
      </trkpt>
      <trkpt lat="43.740337" lon="6.564185">
        <ele>1173.1</ele>
        <time>2026-07-19T14:42:03Z</time>
        <hdop>3</hdop>
        <extensions>
          <osmand:speed>1.2</osmand:speed>
        </extensions>
      </trkpt>
      <trkpt lat="43.7403625" lon="6.5642268">
        <ele>1171.2</ele>
        <time>2026-07-19T14:42:09Z</time>
        <hdop>3</hdop>
        <extensions>
          <osmand:speed>1</osmand:speed>
        </extensions>
      </trkpt>
      <trkpt lat="43.7404083" lon="6.5642247">
        <ele>1171.1</ele>
        <time>2026-07-19T14:42:14Z</time>
        <hdop>3</hdop>
        <extensions>
          <osmand:speed>1.2</osmand:speed>
        </extensions>
      </trkpt>
      <trkpt lat="43.7404274" lon="6.5642673">
        <ele>1170.6</ele>
        <time>2026-07-19T14:42:19Z</time>
        <hdop>3</hdop>
        <extensions>
          <osmand:speed>1</osmand:speed>
        </extensions>
      </trkpt>
      <trkpt lat="43.7404265" lon="6.5643343">
        <ele>1169.9</ele>
        <time>2026-07-19T14:42:25Z</time>
        <hdop>3</hdop>
        <extensions>
          <osmand:speed>1.2</osmand:speed>
        </extensions>
      </trkpt>
      <trkpt lat="43.7404529" lon="6.5644031">
        <ele>1170.1</ele>
        <time>2026-07-19T14:42:30Z</time>
        <hdop>3.1</hdop>
        <extensions>
          <osmand:speed>1.2</osmand:speed>
        </extensions>
      </trkpt>
      <trkpt lat="43.7404823" lon="6.5644744">
        <ele>1168.3</ele>
        <time>2026-07-19T14:42:35Z</time>
        <hdop>3</hdop>
        <extensions>
          <osmand:speed>1</osmand:speed>
        </extensions>
      </trkpt>
      <trkpt lat="43.7404755" lon="6.5644628">
        <ele>1167.9</ele>
        <time>2026-07-19T14:42:40Z</time>
        <hdop>3</hdop>
        <extensions>
          <osmand:speed>0.1</osmand:speed>
        </extensions>
      </trkpt>
      <trkpt lat="43.7404921" lon="6.5644918">
        <ele>1167.5</ele>
        <time>2026-07-19T14:42:46Z</time>
        <hdop>3</hdop>
        <extensions>
          <osmand:speed>0.9</osmand:speed>
        </extensions>
      </trkpt>
      <trkpt lat="43.7404986" lon="6.5645738">
        <ele>1168.4</ele>
        <time>2026-07-19T14:42:51Z</time>
        <hdop>3</hdop>
        <extensions>
          <osmand:speed>1.1</osmand:speed>
        </extensions>
      </trkpt>
      <trkpt lat="43.7405091" lon="6.5646451">
        <ele>1167.5</ele>
        <time>2026-07-19T14:42:56Z</time>
        <hdop>3.1</hdop>
        <extensions>
          <osmand:speed>1.1</osmand:speed>
        </extensions>
      </trkpt>
      <trkpt lat="43.7405119" lon="6.5647233">
        <ele>1166.8</ele>
        <time>2026-07-19T14:43:02Z</time>
        <hdop>4</hdop>
        <extensions>
          <osmand:speed>1</osmand:speed>
        </extensions>
      </trkpt>
      <trkpt lat="43.740513" lon="6.5647101">
        <ele>1165.7</ele>
        <time>2026-07-19T14:43:07Z</time>
        <hdop>4.3</hdop>
        <extensions>
          <osmand:speed>0.1</osmand:speed>
        </extensions>
      </trkpt>
      <trkpt lat="43.7405144" lon="6.5647002">
        <ele>1165.2</ele>
        <time>2026-07-19T14:43:12Z</time>
        <hdop>3.5</hdop>
        <extensions>
          <osmand:speed>0.1</osmand:speed>
        </extensions>
      </trkpt>
      <trkpt lat="43.7405138" lon="6.5647129">
        <ele>1165.6</ele>
        <time>2026-07-19T14:43:17Z</time>
        <hdop>3.8</hdop>
        <extensions>
          <osmand:speed>0.3</osmand:speed>
        </extensions>
      </trkpt>
      <trkpt lat="43.7405173" lon="6.5648053">
        <ele>1165.8</ele>
        <time>2026-07-19T14:43:23Z</time>
        <hdop>4.4</hdop>
        <extensions>
          <osmand:speed>0.9</osmand:speed>
        </extensions>
      </trkpt>
      <trkpt lat="43.7405552" lon="6.5648761">
        <ele>1164.6</ele>
        <time>2026-07-19T14:43:28Z</time>
        <hdop>4.9</hdop>
        <extensions>
          <osmand:speed>1.2</osmand:speed>
        </extensions>
      </trkpt>
      <trkpt lat="43.7405967" lon="6.5649102">
        <ele>1163.7</ele>
        <time>2026-07-19T14:43:34Z</time>
        <hdop>5</hdop>
        <extensions>
          <osmand:speed>0.8</osmand:speed>
        </extensions>
      </trkpt>
      <trkpt lat="43.7406294" lon="6.5649611">
        <ele>1163.4</ele>
        <time>2026-07-19T14:43:40Z</time>
        <hdop>4.6</hdop>
        <extensions>
          <osmand:speed>0.9</osmand:speed>
        </extensions>
      </trkpt>
      <trkpt lat="43.7406556" lon="6.5650057">
        <ele>1162.4</ele>
        <time>2026-07-19T14:43:45Z</time>
        <hdop>4.8</hdop>
        <extensions>
          <osmand:speed>0.8</osmand:speed>
        </extensions>
      </trkpt>
      <trkpt lat="43.7406737" lon="6.5650608">
        <ele>1162.9</ele>
        <time>2026-07-19T14:43:51Z</time>
        <hdop>5.1</hdop>
        <extensions>
          <osmand:speed>1</osmand:speed>
        </extensions>
      </trkpt>
      <trkpt lat="43.740679" lon="6.5651392">
        <ele>1162.3</ele>
        <time>2026-07-19T14:43:56Z</time>
        <hdop>4.9</hdop>
        <extensions>
          <osmand:speed>1</osmand:speed>
        </extensions>
      </trkpt>
      <trkpt lat="43.7406759" lon="6.5652076">
        <ele>1161.8</ele>
        <time>2026-07-19T14:44:01Z</time>
        <hdop>4.6</hdop>
        <extensions>
          <osmand:speed>1.1</osmand:speed>
        </extensions>
      </trkpt>
      <trkpt lat="43.7407002" lon="6.5652667">
        <ele>1161</ele>
        <time>2026-07-19T14:44:07Z</time>
        <hdop>4.7</hdop>
        <extensions>
          <osmand:speed>1.1</osmand:speed>
        </extensions>
      </trkpt>
      <trkpt lat="43.7407401" lon="6.5652898">
        <ele>1160.7</ele>
        <time>2026-07-19T14:44:12Z</time>
        <hdop>5.1</hdop>
        <extensions>
          <osmand:speed>1.1</osmand:speed>
        </extensions>
      </trkpt>
      <trkpt lat="43.7407902" lon="6.565293">
        <ele>1160.1</ele>
        <time>2026-07-19T14:44:18Z</time>
        <hdop>5</hdop>
        <extensions>
          <osmand:speed>1.2</osmand:speed>
        </extensions>
      </trkpt>
      <trkpt lat="43.7408486" lon="6.5652927">
        <ele>1159.6</ele>
        <time>2026-07-19T14:44:23Z</time>
        <hdop>4.9</hdop>
        <extensions>
          <osmand:speed>1.1</osmand:speed>
        </extensions>
      </trkpt>
      <trkpt lat="43.7409012" lon="6.5652776">
        <ele>1158.7</ele>
        <time>2026-07-19T14:44:28Z</time>
        <hdop>5.1</hdop>
        <extensions>
          <osmand:speed>0.9</osmand:speed>
        </extensions>
      </trkpt>
      <trkpt lat="43.7409504" lon="6.5652529">
        <ele>1157.9</ele>
        <time>2026-07-19T14:44:34Z</time>
        <hdop>5.1</hdop>
        <extensions>
          <osmand:speed>1.2</osmand:speed>
        </extensions>
      </trkpt>
      <trkpt lat="43.741008" lon="6.5652265">
        <ele>1155.9</ele>
        <time>2026-07-19T14:44:39Z</time>
        <hdop>5.1</hdop>
        <extensions>
          <osmand:speed>1.2</osmand:speed>
        </extensions>
      </trkpt>
      <trkpt lat="43.7410532" lon="6.5652234">
        <ele>1155.2</ele>
        <time>2026-07-19T14:44:44Z</time>
        <hdop>4.9</hdop>
        <extensions>
          <osmand:speed>1.1</osmand:speed>
        </extensions>
      </trkpt>
      <trkpt lat="43.7410322" lon="6.565202">
        <ele>1155.4</ele>
        <time>2026-07-19T14:44:49Z</time>
        <hdop>3.3</hdop>
        <extensions>
          <osmand:speed>0.3</osmand:speed>
        </extensions>
      </trkpt>
      <trkpt lat="43.7410895" lon="6.5651907">
        <ele>1154.9</ele>
        <time>2026-07-19T14:44:54Z</time>
        <hdop>3</hdop>
        <extensions>
          <osmand:speed>1.1</osmand:speed>
        </extensions>
      </trkpt>
      <trkpt lat="43.7411378" lon="6.5651983">
        <ele>1153.8</ele>
        <time>2026-07-19T14:45:00Z</time>
        <hdop>3</hdop>
        <extensions>
          <osmand:speed>1.1</osmand:speed>
        </extensions>
      </trkpt>
      <trkpt lat="43.7411718" lon="6.5651916">
        <ele>1152.8</ele>
        <time>2026-07-19T14:45:05Z</time>
        <hdop>3</hdop>
        <extensions>
          <osmand:speed>1</osmand:speed>
        </extensions>
      </trkpt>
      <trkpt lat="43.7412181" lon="6.5651844">
        <ele>1151.3</ele>
        <time>2026-07-19T14:45:10Z</time>
        <hdop>3</hdop>
        <extensions>
          <osmand:speed>1.2</osmand:speed>
        </extensions>
      </trkpt>
      <trkpt lat="43.7412624" lon="6.5651602">
        <ele>1151</ele>
        <time>2026-07-19T14:45:15Z</time>
        <hdop>3</hdop>
        <extensions>
          <osmand:speed>1.2</osmand:speed>
        </extensions>
      </trkpt>
      <trkpt lat="43.7413096" lon="6.5651477">
        <ele>1150</ele>
        <time>2026-07-19T14:45:21Z</time>
        <hdop>3</hdop>
        <extensions>
          <osmand:speed>1.2</osmand:speed>
        </extensions>
      </trkpt>
      <trkpt lat="43.7413507" lon="6.5651612">
        <ele>1148.6</ele>
        <time>2026-07-19T14:45:26Z</time>
        <hdop>3.1</hdop>
        <extensions>
          <osmand:speed>1.1</osmand:speed>
        </extensions>
      </trkpt>
      <trkpt lat="43.7413922" lon="6.5651927">
        <ele>1147.2</ele>
        <time>2026-07-19T14:45:31Z</time>
        <hdop>3.1</hdop>
        <extensions>
          <osmand:speed>1.2</osmand:speed>
        </extensions>
      </trkpt>
      <trkpt lat="43.7414374" lon="6.5652138">
        <ele>1146.6</ele>
        <time>2026-07-19T14:45:36Z</time>
        <hdop>3</hdop>
        <extensions>
          <osmand:speed>1.1</osmand:speed>
        </extensions>
      </trkpt>
      <trkpt lat="43.7414743" lon="6.5652316">
        <ele>1145.4</ele>
        <time>2026-07-19T14:45:41Z</time>
        <hdop>3</hdop>
        <extensions>
          <osmand:speed>0.9</osmand:speed>
        </extensions>
      </trkpt>
      <trkpt lat="43.7415129" lon="6.5652411">
        <ele>1145.7</ele>
        <time>2026-07-19T14:45:47Z</time>
        <hdop>3</hdop>
        <extensions>
          <osmand:speed>1.1</osmand:speed>
        </extensions>
      </trkpt>
      <trkpt lat="43.7415594" lon="6.5652512">
        <ele>1144.9</ele>
        <time>2026-07-19T14:45:52Z</time>
        <hdop>3</hdop>
        <extensions>
          <osmand:speed>1.1</osmand:speed>
        </extensions>
      </trkpt>
      <trkpt lat="43.7415683" lon="6.5652614">
        <ele>1144.1</ele>
        <time>2026-07-19T14:45:58Z</time>
        <hdop>3</hdop>
        <extensions>
          <osmand:speed>0.1</osmand:speed>
        </extensions>
      </trkpt>
      <trkpt lat="43.7415648" lon="6.5652649">
        <ele>1143.4</ele>
        <time>2026-07-19T14:46:04Z</time>
        <hdop>3</hdop>
        <extensions>
          <osmand:speed>0.1</osmand:speed>
        </extensions>
      </trkpt>
      <trkpt lat="43.7416101" lon="6.5652892">
        <ele>1142.9</ele>
        <time>2026-07-19T14:46:09Z</time>
        <hdop>3</hdop>
        <extensions>
          <osmand:speed>1.1</osmand:speed>
        </extensions>
      </trkpt>
      <trkpt lat="43.7416678" lon="6.5652949">
        <ele>1143.3</ele>
        <time>2026-07-19T14:46:15Z</time>
        <hdop>3</hdop>
        <extensions>
          <osmand:speed>1.2</osmand:speed>
        </extensions>
      </trkpt>
      <trkpt lat="43.7416697" lon="6.5653023">
        <ele>1142.8</ele>
        <time>2026-07-19T14:46:20Z</time>
        <hdop>3</hdop>
        <extensions>
          <osmand:speed>0.1</osmand:speed>
        </extensions>
      </trkpt>
      <trkpt lat="43.741666" lon="6.5652993">
        <ele>1142.6</ele>
        <time>2026-07-19T14:46:25Z</time>
        <hdop>3</hdop>
        <extensions>
          <osmand:speed>0.1</osmand:speed>
        </extensions>
      </trkpt>
      <trkpt lat="43.7416642" lon="6.5653023">
        <ele>1142.1</ele>
        <time>2026-07-19T14:46:31Z</time>
        <hdop>3</hdop>
        <extensions>
          <osmand:speed>0.1</osmand:speed>
        </extensions>
      </trkpt>
      <trkpt lat="43.7416624" lon="6.5653015">
        <ele>1142.3</ele>
        <time>2026-07-19T14:46:37Z</time>
        <hdop>3</hdop>
        <extensions>
          <osmand:speed>0.1</osmand:speed>
        </extensions>
      </trkpt>
      <trkpt lat="43.7416608" lon="6.5653015">
        <ele>1142.5</ele>
        <time>2026-07-19T14:46:42Z</time>
        <hdop>3</hdop>
        <extensions>
          <osmand:speed>0.1</osmand:speed>
        </extensions>
      </trkpt>
      <trkpt lat="43.7416603" lon="6.5653019">
        <ele>1142.6</ele>
        <time>2026-07-19T14:46:47Z</time>
        <hdop>3</hdop>
        <extensions>
          <osmand:speed>0.1</osmand:speed>
        </extensions>
      </trkpt>
      <trkpt lat="43.7416624" lon="6.5653028">
        <ele>1142.3</ele>
        <time>2026-07-19T14:46:53Z</time>
        <hdop>3</hdop>
        <extensions>
          <osmand:speed>0.1</osmand:speed>
        </extensions>
      </trkpt>
      <trkpt lat="43.7416648" lon="6.5653013">
        <ele>1142.2</ele>
        <time>2026-07-19T14:46:59Z</time>
        <hdop>3</hdop>
        <extensions>
          <osmand:speed>0.1</osmand:speed>
        </extensions>
      </trkpt>
      <trkpt lat="43.7416655" lon="6.5653017">
        <ele>1142</ele>
        <time>2026-07-19T14:47:05Z</time>
        <hdop>3</hdop>
        <extensions>
          <osmand:speed>0.1</osmand:speed>
        </extensions>
      </trkpt>
      <trkpt lat="43.7416764" lon="6.5652987">
        <ele>1142.4</ele>
        <time>2026-07-19T14:47:10Z</time>
        <hdop>3</hdop>
        <extensions>
          <osmand:speed>1</osmand:speed>
        </extensions>
      </trkpt>
      <trkpt lat="43.7417442" lon="6.565341">
        <ele>1142.4</ele>
        <time>2026-07-19T14:47:16Z</time>
        <hdop>3.1</hdop>
        <extensions>
          <osmand:speed>1.3</osmand:speed>
        </extensions>
      </trkpt>
      <trkpt lat="43.7417956" lon="6.5653862">
        <ele>1141.6</ele>
        <time>2026-07-19T14:47:21Z</time>
        <hdop>3.1</hdop>
        <extensions>
          <osmand:speed>1.3</osmand:speed>
        </extensions>
      </trkpt>
      <trkpt lat="43.741845" lon="6.5654376">
        <ele>1140.4</ele>
        <time>2026-07-19T14:47:26Z</time>
        <hdop>3</hdop>
        <extensions>
          <osmand:speed>1.3</osmand:speed>
        </extensions>
      </trkpt>
      <trkpt lat="43.741899" lon="6.565483">
        <ele>1139.5</ele>
        <time>2026-07-19T14:47:32Z</time>
        <hdop>3.1</hdop>
        <extensions>
          <osmand:speed>1.2</osmand:speed>
        </extensions>
      </trkpt>
      <trkpt lat="43.7419411" lon="6.565521">
        <ele>1138.5</ele>
        <time>2026-07-19T14:47:37Z</time>
        <hdop>3.1</hdop>
        <extensions>
          <osmand:speed>1.2</osmand:speed>
        </extensions>
      </trkpt>
      <trkpt lat="43.7419754" lon="6.5655413">
        <ele>1138.7</ele>
        <time>2026-07-19T14:47:42Z</time>
        <hdop>3.1</hdop>
        <extensions>
          <osmand:speed>0.9</osmand:speed>
        </extensions>
      </trkpt>
      <trkpt lat="43.7419946" lon="6.5655667">
        <ele>1137.8</ele>
        <time>2026-07-19T14:47:47Z</time>
        <hdop>3</hdop>
        <extensions>
          <osmand:speed>0.4</osmand:speed>
        </extensions>
      </trkpt>
      <trkpt lat="43.7419923" lon="6.565554">
        <ele>1137.5</ele>
        <time>2026-07-19T14:47:53Z</time>
        <hdop>3</hdop>
        <extensions>
          <osmand:speed>0.1</osmand:speed>
        </extensions>
      </trkpt>
      <trkpt lat="43.741992" lon="6.5655532">
        <ele>1137.5</ele>
        <time>2026-07-19T14:47:59Z</time>
        <hdop>3</hdop>
        <extensions>
          <osmand:speed>0.1</osmand:speed>
        </extensions>
      </trkpt>
      <trkpt lat="43.7420363" lon="6.5656003">
        <ele>1137.5</ele>
        <time>2026-07-19T14:48:04Z</time>
        <hdop>3</hdop>
        <extensions>
          <osmand:speed>1.2</osmand:speed>
        </extensions>
      </trkpt>
      <trkpt lat="43.7420917" lon="6.5656422">
        <ele>1137.1</ele>
        <time>2026-07-19T14:48:09Z</time>
        <hdop>3</hdop>
        <extensions>
          <osmand:speed>1.3</osmand:speed>
        </extensions>
      </trkpt>
      <trkpt lat="43.7421524" lon="6.5657038">
        <ele>1136.1</ele>
        <time>2026-07-19T14:48:15Z</time>
        <hdop>3</hdop>
        <extensions>
          <osmand:speed>1.3</osmand:speed>
        </extensions>
      </trkpt>
      <trkpt lat="43.742199" lon="6.5657495">
        <ele>1135</ele>
        <time>2026-07-19T14:48:20Z</time>
        <hdop>3</hdop>
        <extensions>
          <osmand:speed>1.3</osmand:speed>
        </extensions>
      </trkpt>
      <trkpt lat="43.7422372" lon="6.5658083">
        <ele>1133.8</ele>
        <time>2026-07-19T14:48:25Z</time>
        <hdop>3.1</hdop>
        <extensions>
          <osmand:speed>1.3</osmand:speed>
        </extensions>
      </trkpt>
      <trkpt lat="43.7422818" lon="6.5658489">
        <ele>1133</ele>
        <time>2026-07-19T14:48:30Z</time>
        <hdop>3</hdop>
        <extensions>
          <osmand:speed>1.3</osmand:speed>
        </extensions>
      </trkpt>
      <trkpt lat="43.742338" lon="6.5658686">
        <ele>1132.5</ele>
        <time>2026-07-19T14:48:36Z</time>
        <hdop>3</hdop>
        <extensions>
          <osmand:speed>1.4</osmand:speed>
        </extensions>
      </trkpt>
      <trkpt lat="43.742403" lon="6.5658982">
        <ele>1132.5</ele>
        <time>2026-07-19T14:48:41Z</time>
        <hdop>3</hdop>
        <extensions>
          <osmand:speed>1.3</osmand:speed>
        </extensions>
      </trkpt>
      <trkpt lat="43.7424581" lon="6.5659215">
        <ele>1132</ele>
        <time>2026-07-19T14:48:47Z</time>
        <hdop>3</hdop>
        <extensions>
          <osmand:speed>1.4</osmand:speed>
        </extensions>
      </trkpt>
      <trkpt lat="43.7425312" lon="6.5659281">
        <ele>1131.3</ele>
        <time>2026-07-19T14:48:52Z</time>
        <hdop>3</hdop>
        <extensions>
          <osmand:speed>1.4</osmand:speed>
        </extensions>
      </trkpt>
      <trkpt lat="43.7425815" lon="6.565931">
        <ele>1130.7</ele>
        <time>2026-07-19T14:48:57Z</time>
        <hdop>3.1</hdop>
        <extensions>
          <osmand:speed>1.1</osmand:speed>
        </extensions>
      </trkpt>
      <trkpt lat="43.7426302" lon="6.565937">
        <ele>1130.1</ele>
        <time>2026-07-19T14:49:02Z</time>
        <hdop>3</hdop>
        <extensions>
          <osmand:speed>1.2</osmand:speed>
        </extensions>
      </trkpt>
      <trkpt lat="43.7426891" lon="6.5659703">
        <ele>1129.6</ele>
        <time>2026-07-19T14:49:08Z</time>
        <hdop>3</hdop>
        <extensions>
          <osmand:speed>1.3</osmand:speed>
        </extensions>
      </trkpt>
      <trkpt lat="43.7427457" lon="6.5659901">
        <ele>1128.8</ele>
        <time>2026-07-19T14:49:13Z</time>
        <hdop>3</hdop>
        <extensions>
          <osmand:speed>1.3</osmand:speed>
        </extensions>
      </trkpt>
      <trkpt lat="43.7428038" lon="6.5660145">
        <ele>1127.9</ele>
        <time>2026-07-19T14:49:18Z</time>
        <hdop>3</hdop>
        <extensions>
          <osmand:speed>1.3</osmand:speed>
        </extensions>
      </trkpt>
      <trkpt lat="43.7428565" lon="6.5660535">
        <ele>1126.7</ele>
        <time>2026-07-19T14:49:24Z</time>
        <hdop>3</hdop>
        <extensions>
          <osmand:speed>1.3</osmand:speed>
        </extensions>
      </trkpt>
      <trkpt lat="43.7428827" lon="6.5661059">
        <ele>1125.7</ele>
        <time>2026-07-19T14:49:29Z</time>
        <hdop>3</hdop>
        <extensions>
          <osmand:speed>1.1</osmand:speed>
        </extensions>
      </trkpt>
      <trkpt lat="43.7429426" lon="6.566136">
        <ele>1125.6</ele>
        <time>2026-07-19T14:49:34Z</time>
        <hdop>3</hdop>
        <extensions>
          <osmand:speed>1.2</osmand:speed>
        </extensions>
      </trkpt>
      <trkpt lat="43.7430155" lon="6.5661118">
        <ele>1125.2</ele>
        <time>2026-07-19T14:49:40Z</time>
        <hdop>3</hdop>
        <extensions>
          <osmand:speed>1.1</osmand:speed>
        </extensions>
      </trkpt>
      <trkpt lat="43.7430271" lon="6.5661472">
        <ele>1123.9</ele>
        <time>2026-07-19T14:49:45Z</time>
        <hdop>3</hdop>
        <extensions>
          <osmand:speed>1.2</osmand:speed>
        </extensions>
      </trkpt>
      <trkpt lat="43.7430595" lon="6.5662121">
        <ele>1122.8</ele>
        <time>2026-07-19T14:49:50Z</time>
        <hdop>3.2</hdop>
        <extensions>
          <osmand:speed>1.3</osmand:speed>
        </extensions>
      </trkpt>
      <trkpt lat="43.7431128" lon="6.5662483">
        <ele>1122.1</ele>
        <time>2026-07-19T14:49:55Z</time>
        <hdop>3.6</hdop>
        <extensions>
          <osmand:speed>1.3</osmand:speed>
        </extensions>
      </trkpt>
      <trkpt lat="43.743198" lon="6.5662464">
        <ele>1120.8</ele>
        <time>2026-07-19T14:50:00Z</time>
        <hdop>4.4</hdop>
        <extensions>
          <osmand:speed>1.4</osmand:speed>
        </extensions>
      </trkpt>
      <trkpt lat="43.7432868" lon="6.5662044">
        <ele>1121.2</ele>
        <time>2026-07-19T14:50:06Z</time>
        <hdop>3</hdop>
        <extensions>
          <osmand:speed>1.3</osmand:speed>
        </extensions>
      </trkpt>
      <trkpt lat="43.7433416" lon="6.5662108">
        <ele>1120.7</ele>
        <time>2026-07-19T14:50:12Z</time>
        <hdop>3</hdop>
        <extensions>
          <osmand:speed>1.2</osmand:speed>
        </extensions>
      </trkpt>
      <trkpt lat="43.7433328" lon="6.5661904">
        <ele>1120.9</ele>
        <time>2026-07-19T14:50:17Z</time>
        <hdop>3</hdop>
        <extensions>
          <osmand:speed>0.1</osmand:speed>
        </extensions>
      </trkpt>
      <trkpt lat="43.7433516" lon="6.5661681">
        <ele>1120.4</ele>
        <time>2026-07-19T14:50:22Z</time>
        <hdop>3</hdop>
        <extensions>
          <osmand:speed>0.7</osmand:speed>
        </extensions>
      </trkpt>
      <trkpt lat="43.7433759" lon="6.5661485">
        <ele>1118.6</ele>
        <time>2026-07-19T14:50:27Z</time>
        <hdop>3</hdop>
        <extensions>
          <osmand:speed>0.4</osmand:speed>
        </extensions>
      </trkpt>
      <trkpt lat="43.7433789" lon="6.566153">
        <ele>1119.2</ele>
        <time>2026-07-19T14:50:33Z</time>
        <hdop>3</hdop>
        <extensions>
          <osmand:speed>0.1</osmand:speed>
        </extensions>
      </trkpt>
      <trkpt lat="43.7433822" lon="6.5661562">
        <ele>1118.8</ele>
        <time>2026-07-19T14:50:39Z</time>
        <hdop>3</hdop>
        <extensions>
          <osmand:speed>0.1</osmand:speed>
        </extensions>
      </trkpt>
      <trkpt lat="43.7433828" lon="6.5661564">
        <ele>1118.7</ele>
        <time>2026-07-19T14:50:44Z</time>
        <hdop>3</hdop>
        <extensions>
          <osmand:speed>0.1</osmand:speed>
        </extensions>
      </trkpt>
      <trkpt lat="43.743383" lon="6.5661555">
        <ele>1118.1</ele>
        <time>2026-07-19T14:50:50Z</time>
        <hdop>3</hdop>
        <extensions>
          <osmand:speed>0</osmand:speed>
        </extensions>
      </trkpt>
      <trkpt lat="43.7433824" lon="6.5661541">
        <ele>1117.5</ele>
        <time>2026-07-19T14:50:55Z</time>
        <hdop>3</hdop>
        <extensions>
          <osmand:speed>0.1</osmand:speed>
        </extensions>
      </trkpt>
      <trkpt lat="43.7433789" lon="6.5661348">
        <ele>1117.8</ele>
        <time>2026-07-19T14:51:00Z</time>
        <hdop>3.1</hdop>
        <extensions>
          <osmand:speed>1.5</osmand:speed>
        </extensions>
      </trkpt>
      <trkpt lat="43.7434072" lon="6.5660245">
        <ele>1115.1</ele>
        <time>2026-07-19T14:51:06Z</time>
        <hdop>3.7</hdop>
        <extensions>
          <osmand:speed>1.4</osmand:speed>
        </extensions>
      </trkpt>
      <trkpt lat="43.7434148" lon="6.5660031">
        <ele>1115.2</ele>
        <time>2026-07-19T14:51:11Z</time>
        <hdop>3.1</hdop>
        <extensions>
          <osmand:speed>0.8</osmand:speed>
        </extensions>
      </trkpt>
      <trkpt lat="43.7434486" lon="6.5659288">
        <ele>1114.5</ele>
        <time>2026-07-19T14:51:16Z</time>
        <hdop>3</hdop>
        <extensions>
          <osmand:speed>1.2</osmand:speed>
        </extensions>
      </trkpt>
      <trkpt lat="43.7434681" lon="6.5659249">
        <ele>1113</ele>
        <time>2026-07-19T14:51:22Z</time>
        <hdop>3.1</hdop>
        <extensions>
          <osmand:speed>1.1</osmand:speed>
        </extensions>
      </trkpt>
      <trkpt lat="43.7435259" lon="6.5659629">
        <ele>1112.3</ele>
        <time>2026-07-19T14:51:27Z</time>
        <hdop>4.2</hdop>
        <extensions>
          <osmand:speed>1.1</osmand:speed>
        </extensions>
      </trkpt>
      <trkpt lat="43.7435253" lon="6.5659495">
        <ele>1111.8</ele>
        <time>2026-07-19T14:51:33Z</time>
        <hdop>3.5</hdop>
        <extensions>
          <osmand:speed>0.1</osmand:speed>
        </extensions>
      </trkpt>
      <trkpt lat="43.7435667" lon="6.5659491">
        <ele>1111.8</ele>
        <time>2026-07-19T14:51:38Z</time>
        <hdop>3.4</hdop>
        <extensions>
          <osmand:speed>1.2</osmand:speed>
        </extensions>
      </trkpt>
      <trkpt lat="43.7436375" lon="6.5659157">
        <ele>1111.1</ele>
        <time>2026-07-19T14:51:43Z</time>
        <hdop>4.7</hdop>
        <extensions>
          <osmand:speed>1.3</osmand:speed>
        </extensions>
      </trkpt>
      <trkpt lat="43.7436823" lon="6.5658431">
        <ele>1109.6</ele>
        <time>2026-07-19T14:51:48Z</time>
        <hdop>5.7</hdop>
        <extensions>
          <osmand:speed>1.4</osmand:speed>
        </extensions>
      </trkpt>
      <trkpt lat="43.743689" lon="6.5657426">
        <ele>1108.1</ele>
        <time>2026-07-19T14:51:54Z</time>
        <hdop>5.7</hdop>
        <extensions>
          <osmand:speed>1.4</osmand:speed>
        </extensions>
      </trkpt>
      <trkpt lat="43.743656" lon="6.5656571">
        <ele>1107.8</ele>
        <time>2026-07-19T14:51:59Z</time>
        <hdop>5.6</hdop>
        <extensions>
          <osmand:speed>1.4</osmand:speed>
        </extensions>
      </trkpt>
      <trkpt lat="43.7436754" lon="6.5656012">
        <ele>1106.8</ele>
        <time>2026-07-19T14:52:05Z</time>
        <hdop>5.2</hdop>
        <extensions>
          <osmand:speed>0.8</osmand:speed>
        </extensions>
      </trkpt>
      <trkpt lat="43.743689" lon="6.5655448">
        <ele>1106.6</ele>
        <time>2026-07-19T14:52:11Z</time>
        <hdop>4.3</hdop>
        <extensions>
          <osmand:speed>1.2</osmand:speed>
        </extensions>
      </trkpt>
      <trkpt lat="43.7436942" lon="6.565439">
        <ele>1105.6</ele>
        <time>2026-07-19T14:52:16Z</time>
        <hdop>4.9</hdop>
        <extensions>
          <osmand:speed>1.4</osmand:speed>
        </extensions>
      </trkpt>
      <trkpt lat="43.7436986" lon="6.5653289">
        <ele>1104.6</ele>
        <time>2026-07-19T14:52:22Z</time>
        <hdop>5.5</hdop>
        <extensions>
          <osmand:speed>1.4</osmand:speed>
        </extensions>
      </trkpt>
      <trkpt lat="43.7436735" lon="6.5652329">
        <ele>1104.5</ele>
        <time>2026-07-19T14:52:28Z</time>
        <hdop>5.6</hdop>
        <extensions>
          <osmand:speed>1.4</osmand:speed>
        </extensions>
      </trkpt>
      <trkpt lat="43.7437002" lon="6.5651494">
        <ele>1104.4</ele>
        <time>2026-07-19T14:52:34Z</time>
        <hdop>5.2</hdop>
        <extensions>
          <osmand:speed>1.3</osmand:speed>
        </extensions>
      </trkpt>
      <trkpt lat="43.7437488" lon="6.5650902">
        <ele>1103.8</ele>
        <time>2026-07-19T14:52:39Z</time>
        <hdop>5.1</hdop>
        <extensions>
          <osmand:speed>1.3</osmand:speed>
        </extensions>
      </trkpt>
      <trkpt lat="43.7438137" lon="6.5650536">
        <ele>1103.3</ele>
        <time>2026-07-19T14:52:45Z</time>
        <hdop>4.8</hdop>
        <extensions>
          <osmand:speed>1.3</osmand:speed>
        </extensions>
      </trkpt>
      <trkpt lat="43.7438765" lon="6.5650703">
        <ele>1102.8</ele>
        <time>2026-07-19T14:52:50Z</time>
        <hdop>4.6</hdop>
        <extensions>
          <osmand:speed>1.3</osmand:speed>
        </extensions>
      </trkpt>
      <trkpt lat="43.7439312" lon="6.5650877">
        <ele>1102.3</ele>
        <time>2026-07-19T14:52:55Z</time>
        <hdop>4.7</hdop>
        <extensions>
          <osmand:speed>1.3</osmand:speed>
        </extensions>
      </trkpt>
      <trkpt lat="43.7439853" lon="6.5650949">
        <ele>1101.3</ele>
        <time>2026-07-19T14:53:00Z</time>
        <hdop>4.8</hdop>
        <extensions>
          <osmand:speed>1.3</osmand:speed>
        </extensions>
      </trkpt>
      <trkpt lat="43.7440396" lon="6.5650933">
        <ele>1101.6</ele>
        <time>2026-07-19T14:53:05Z</time>
        <hdop>4.8</hdop>
        <extensions>
          <osmand:speed>1.2</osmand:speed>
        </extensions>
      </trkpt>
      <trkpt lat="43.744096" lon="6.5651007">
        <ele>1101.1</ele>
        <time>2026-07-19T14:53:11Z</time>
        <hdop>5</hdop>
        <extensions>
          <osmand:speed>1.3</osmand:speed>
        </extensions>
      </trkpt>
      <trkpt lat="43.7441474" lon="6.5651384">
        <ele>1100.6</ele>
        <time>2026-07-19T14:53:16Z</time>
        <hdop>5</hdop>
        <extensions>
          <osmand:speed>1.2</osmand:speed>
        </extensions>
      </trkpt>
      <trkpt lat="43.7441879" lon="6.565186">
        <ele>1100.1</ele>
        <time>2026-07-19T14:53:21Z</time>
        <hdop>4.7</hdop>
        <extensions>
          <osmand:speed>1.2</osmand:speed>
        </extensions>
      </trkpt>
      <trkpt lat="43.7442113" lon="6.5652695">
        <ele>1100.3</ele>
        <time>2026-07-19T14:53:27Z</time>
        <hdop>4.9</hdop>
        <extensions>
          <osmand:speed>1.3</osmand:speed>
        </extensions>
      </trkpt>
      <trkpt lat="43.7442544" lon="6.5653288">
        <ele>1100.3</ele>
        <time>2026-07-19T14:53:32Z</time>
        <hdop>5</hdop>
        <extensions>
          <osmand:speed>1.3</osmand:speed>
        </extensions>
      </trkpt>
      <trkpt lat="43.7443106" lon="6.5653786">
        <ele>1100.3</ele>
        <time>2026-07-19T14:53:38Z</time>
        <hdop>5</hdop>
        <extensions>
          <osmand:speed>1.3</osmand:speed>
        </extensions>
      </trkpt>
      <trkpt lat="43.7443637" lon="6.5654183">
        <ele>1099.6</ele>
        <time>2026-07-19T14:53:43Z</time>
        <hdop>5</hdop>
        <extensions>
          <osmand:speed>1.3</osmand:speed>
        </extensions>
      </trkpt>
      <trkpt lat="43.7444352" lon="6.5654328">
        <ele>1099.3</ele>
        <time>2026-07-19T14:53:48Z</time>
        <hdop>5.3</hdop>
        <extensions>
          <osmand:speed>1.4</osmand:speed>
        </extensions>
      </trkpt>
      <trkpt lat="43.7444972" lon="6.5654711">
        <ele>1099.6</ele>
        <time>2026-07-19T14:53:53Z</time>
        <hdop>5.1</hdop>
        <extensions>
          <osmand:speed>1.3</osmand:speed>
        </extensions>
      </trkpt>
      <trkpt lat="43.7445453" lon="6.5655199">
        <ele>1099</ele>
        <time>2026-07-19T14:53:58Z</time>
        <hdop>5.3</hdop>
        <extensions>
          <osmand:speed>1.3</osmand:speed>
        </extensions>
      </trkpt>
      <trkpt lat="43.7445949" lon="6.5655713">
        <ele>1099</ele>
        <time>2026-07-19T14:54:03Z</time>
        <hdop>5.5</hdop>
        <extensions>
          <osmand:speed>1.2</osmand:speed>
        </extensions>
      </trkpt>
      <trkpt lat="43.7446009" lon="6.5655619">
        <ele>1098.6</ele>
        <time>2026-07-19T14:54:09Z</time>
        <hdop>4.8</hdop>
        <extensions>
          <osmand:speed>0.2</osmand:speed>
        </extensions>
      </trkpt>
      <trkpt lat="43.7445985" lon="6.5655595">
        <ele>1098.3</ele>
        <time>2026-07-19T14:54:14Z</time>
        <hdop>3.9</hdop>
        <extensions>
          <osmand:speed>0.2</osmand:speed>
        </extensions>
      </trkpt>
      <trkpt lat="43.7446468" lon="6.5656169">
        <ele>1098.6</ele>
        <time>2026-07-19T14:54:19Z</time>
        <hdop>4.1</hdop>
        <extensions>
          <osmand:speed>1.2</osmand:speed>
        </extensions>
      </trkpt>
      <trkpt lat="43.7446941" lon="6.5656643">
        <ele>1098.5</ele>
        <time>2026-07-19T14:54:25Z</time>
        <hdop>4.2</hdop>
        <extensions>
          <osmand:speed>1.2</osmand:speed>
        </extensions>
      </trkpt>
      <trkpt lat="43.7447213" lon="6.5657331">
        <ele>1098.2</ele>
        <time>2026-07-19T14:54:30Z</time>
        <hdop>5</hdop>
        <extensions>
          <osmand:speed>1.3</osmand:speed>
        </extensions>
      </trkpt>
      <trkpt lat="43.74474" lon="6.565815">
        <ele>1098.2</ele>
        <time>2026-07-19T14:54:35Z</time>
        <hdop>5</hdop>
        <extensions>
          <osmand:speed>1.3</osmand:speed>
        </extensions>
      </trkpt>
      <trkpt lat="43.7447962" lon="6.5658819">
        <ele>1097.8</ele>
        <time>2026-07-19T14:54:41Z</time>
        <hdop>5</hdop>
        <extensions>
          <osmand:speed>1.3</osmand:speed>
        </extensions>
      </trkpt>
      <trkpt lat="43.7448613" lon="6.5659258">
        <ele>1098.3</ele>
        <time>2026-07-19T14:54:46Z</time>
        <hdop>4.9</hdop>
        <extensions>
          <osmand:speed>1.3</osmand:speed>
        </extensions>
      </trkpt>
      <trkpt lat="43.7449196" lon="6.5659462">
        <ele>1098.3</ele>
        <time>2026-07-19T14:54:51Z</time>
        <hdop>4.5</hdop>
        <extensions>
          <osmand:speed>1.3</osmand:speed>
        </extensions>
      </trkpt>
      <trkpt lat="43.7449803" lon="6.5659736">
        <ele>1098.3</ele>
        <time>2026-07-19T14:54:57Z</time>
        <hdop>4.7</hdop>
        <extensions>
          <osmand:speed>1.2</osmand:speed>
        </extensions>
      </trkpt>
      <trkpt lat="43.7450494" lon="6.5659953">
        <ele>1098.2</ele>
        <time>2026-07-19T14:55:03Z</time>
        <hdop>4.8</hdop>
        <extensions>
          <osmand:speed>1.4</osmand:speed>
        </extensions>
      </trkpt>
      <trkpt lat="43.7451122" lon="6.5659879">
        <ele>1097.2</ele>
        <time>2026-07-19T14:55:08Z</time>
        <hdop>4.8</hdop>
        <extensions>
          <osmand:speed>1.3</osmand:speed>
        </extensions>
      </trkpt>
      <trkpt lat="43.745177" lon="6.5659693">
        <ele>1096.7</ele>
        <time>2026-07-19T14:55:14Z</time>
        <hdop>4.8</hdop>
        <extensions>
          <osmand:speed>1.3</osmand:speed>
        </extensions>
      </trkpt>
      <trkpt lat="43.7452411" lon="6.5659536">
        <ele>1096.2</ele>
        <time>2026-07-19T14:55:19Z</time>
        <hdop>4.9</hdop>
        <extensions>
          <osmand:speed>1.3</osmand:speed>
        </extensions>
      </trkpt>
      <trkpt lat="43.7452964" lon="6.5659518">
        <ele>1095.9</ele>
        <time>2026-07-19T14:55:24Z</time>
        <hdop>4.7</hdop>
        <extensions>
          <osmand:speed>1.3</osmand:speed>
        </extensions>
      </trkpt>
      <trkpt lat="43.7453497" lon="6.5659706">
        <ele>1096.3</ele>
        <time>2026-07-19T14:55:29Z</time>
        <hdop>4.8</hdop>
        <extensions>
          <osmand:speed>1.3</osmand:speed>
        </extensions>
      </trkpt>
      <trkpt lat="43.7454135" lon="6.5659886">
        <ele>1096.2</ele>
        <time>2026-07-19T14:55:35Z</time>
        <hdop>5.1</hdop>
        <extensions>
          <osmand:speed>1.3</osmand:speed>
        </extensions>
      </trkpt>
      <trkpt lat="43.7454787" lon="6.5659733">
        <ele>1095.9</ele>
        <time>2026-07-19T14:55:40Z</time>
        <hdop>5.1</hdop>
        <extensions>
          <osmand:speed>1.2</osmand:speed>
        </extensions>
      </trkpt>
      <trkpt lat="43.7455554" lon="6.5659541">
        <ele>1095.2</ele>
        <time>2026-07-19T14:55:46Z</time>
        <hdop>4.9</hdop>
        <extensions>
          <osmand:speed>1.4</osmand:speed>
        </extensions>
      </trkpt>
      <trkpt lat="43.7456223" lon="6.5659463">
        <ele>1095.2</ele>
        <time>2026-07-19T14:55:52Z</time>
        <hdop>5.2</hdop>
        <extensions>
          <osmand:speed>1.3</osmand:speed>
        </extensions>
      </trkpt>
      <trkpt lat="43.7456862" lon="6.5659292">
        <ele>1095</ele>
        <time>2026-07-19T14:55:57Z</time>
        <hdop>5.1</hdop>
        <extensions>
          <osmand:speed>1.3</osmand:speed>
        </extensions>
      </trkpt>
      <trkpt lat="43.7457577" lon="6.5658956">
        <ele>1095.1</ele>
        <time>2026-07-19T14:56:02Z</time>
        <hdop>4.7</hdop>
        <extensions>
          <osmand:speed>1.3</osmand:speed>
        </extensions>
      </trkpt>
      <trkpt lat="43.7458132" lon="6.5658702">
        <ele>1094.7</ele>
        <time>2026-07-19T14:56:08Z</time>
        <hdop>4.9</hdop>
        <extensions>
          <osmand:speed>1.3</osmand:speed>
        </extensions>
      </trkpt>
      <trkpt lat="43.745862" lon="6.5658391">
        <ele>1094.3</ele>
        <time>2026-07-19T14:56:13Z</time>
        <hdop>5</hdop>
        <extensions>
          <osmand:speed>1.3</osmand:speed>
        </extensions>
      </trkpt>
      <trkpt lat="43.7459068" lon="6.5658138">
        <ele>1094.2</ele>
        <time>2026-07-19T14:56:18Z</time>
        <hdop>5</hdop>
        <extensions>
          <osmand:speed>1.3</osmand:speed>
        </extensions>
      </trkpt>
      <trkpt lat="43.7459651" lon="6.5657996">
        <ele>1093.3</ele>
        <time>2026-07-19T14:56:23Z</time>
        <hdop>4.8</hdop>
        <extensions>
          <osmand:speed>1.3</osmand:speed>
        </extensions>
      </trkpt>
      <trkpt lat="43.746011" lon="6.5658107">
        <ele>1094.4</ele>
        <time>2026-07-19T14:56:28Z</time>
        <hdop>4.9</hdop>
        <extensions>
          <osmand:speed>1.3</osmand:speed>
        </extensions>
      </trkpt>
      <trkpt lat="43.7460637" lon="6.5658578">
        <ele>1094.7</ele>
        <time>2026-07-19T14:56:34Z</time>
        <hdop>3.2</hdop>
        <extensions>
          <osmand:speed>1.3</osmand:speed>
        </extensions>
      </trkpt>
      <trkpt lat="43.7461223" lon="6.565897">
        <ele>1094.7</ele>
        <time>2026-07-19T14:56:39Z</time>
        <hdop>3</hdop>
        <extensions>
          <osmand:speed>1.4</osmand:speed>
        </extensions>
      </trkpt>
      <trkpt lat="43.7461803" lon="6.5659313">
        <ele>1093.4</ele>
        <time>2026-07-19T14:56:45Z</time>
        <hdop>3</hdop>
        <extensions>
          <osmand:speed>0.8</osmand:speed>
        </extensions>
      </trkpt>
      <trkpt lat="43.7461688" lon="6.565923">
        <ele>1092.8</ele>
        <time>2026-07-19T14:56:50Z</time>
        <hdop>3</hdop>
        <extensions>
          <osmand:speed>0.2</osmand:speed>
        </extensions>
      </trkpt>
      <trkpt lat="43.7462262" lon="6.5659817">
        <ele>1092.9</ele>
        <time>2026-07-19T14:56:56Z</time>
        <hdop>3</hdop>
        <extensions>
          <osmand:speed>1.3</osmand:speed>
        </extensions>
      </trkpt>
      <trkpt lat="43.7462849" lon="6.5660252">
        <ele>1092.3</ele>
        <time>2026-07-19T14:57:01Z</time>
        <hdop>3</hdop>
        <extensions>
          <osmand:speed>1.4</osmand:speed>
        </extensions>
      </trkpt>
      <trkpt lat="43.7463363" lon="6.5660754">
        <ele>1091.4</ele>
        <time>2026-07-19T14:57:06Z</time>
        <hdop>3.1</hdop>
        <extensions>
          <osmand:speed>1.4</osmand:speed>
        </extensions>
      </trkpt>
      <trkpt lat="43.7463953" lon="6.566147">
        <ele>1090.9</ele>
        <time>2026-07-19T14:57:12Z</time>
        <hdop>3</hdop>
        <extensions>
          <osmand:speed>1.6</osmand:speed>
        </extensions>
      </trkpt>
      <trkpt lat="43.7464561" lon="6.5661843">
        <ele>1090.3</ele>
        <time>2026-07-19T14:57:17Z</time>
        <hdop>3</hdop>
        <extensions>
          <osmand:speed>1.3</osmand:speed>
        </extensions>
      </trkpt>
      <trkpt lat="43.7465163" lon="6.5662154">
        <ele>1089.7</ele>
        <time>2026-07-19T14:57:23Z</time>
        <hdop>3</hdop>
        <extensions>
          <osmand:speed>1.4</osmand:speed>
        </extensions>
      </trkpt>
      <trkpt lat="43.7465729" lon="6.5662414">
        <ele>1089.1</ele>
        <time>2026-07-19T14:57:28Z</time>
        <hdop>3</hdop>
        <extensions>
          <osmand:speed>1.4</osmand:speed>
        </extensions>
      </trkpt>
      <trkpt lat="43.746609" lon="6.5662887">
        <ele>1088.4</ele>
        <time>2026-07-19T14:57:33Z</time>
        <hdop>3</hdop>
        <extensions>
          <osmand:speed>1.3</osmand:speed>
        </extensions>
      </trkpt>
      <trkpt lat="43.7466377" lon="6.5663571">
        <ele>1087.9</ele>
        <time>2026-07-19T14:57:39Z</time>
        <hdop>3</hdop>
        <extensions>
          <osmand:speed>1.3</osmand:speed>
        </extensions>
      </trkpt>
      <trkpt lat="43.7466692" lon="6.56641">
        <ele>1087.1</ele>
        <time>2026-07-19T14:57:44Z</time>
        <hdop>3</hdop>
        <extensions>
          <osmand:speed>1.2</osmand:speed>
        </extensions>
      </trkpt>
      <trkpt lat="43.7466741" lon="6.5664776">
        <ele>1086.2</ele>
        <time>2026-07-19T14:57:49Z</time>
        <hdop>3</hdop>
        <extensions>
          <osmand:speed>1.3</osmand:speed>
        </extensions>
      </trkpt>
      <trkpt lat="43.7466715" lon="6.5665612">
        <ele>1085.2</ele>
        <time>2026-07-19T14:57:55Z</time>
        <hdop>3.2</hdop>
        <extensions>
          <osmand:speed>1.3</osmand:speed>
        </extensions>
      </trkpt>
      <trkpt lat="43.7467015" lon="6.5666329">
        <ele>1085.2</ele>
        <time>2026-07-19T14:58:00Z</time>
        <hdop>3.2</hdop>
        <extensions>
          <osmand:speed>1.3</osmand:speed>
        </extensions>
      </trkpt>
      <trkpt lat="43.7467333" lon="6.5666955">
        <ele>1084</ele>
        <time>2026-07-19T14:58:05Z</time>
        <hdop>3</hdop>
        <extensions>
          <osmand:speed>1.3</osmand:speed>
        </extensions>
      </trkpt>
      <trkpt lat="43.7467566" lon="6.5667638">
        <ele>1082.6</ele>
        <time>2026-07-19T14:58:11Z</time>
        <hdop>3</hdop>
        <extensions>
          <osmand:speed>1.2</osmand:speed>
        </extensions>
      </trkpt>
      <trkpt lat="43.7467727" lon="6.5667798">
        <ele>1081.5</ele>
        <time>2026-07-19T14:58:16Z</time>
        <hdop>3</hdop>
        <extensions>
          <osmand:speed>0.6</osmand:speed>
        </extensions>
      </trkpt>
      <trkpt lat="43.746798" lon="6.5668327">
        <ele>1080.5</ele>
        <time>2026-07-19T14:58:21Z</time>
        <hdop>3</hdop>
        <extensions>
          <osmand:speed>0.8</osmand:speed>
        </extensions>
      </trkpt>
      <trkpt lat="43.7468248" lon="6.5668454">
        <ele>1080.1</ele>
        <time>2026-07-19T14:58:27Z</time>
        <hdop>3</hdop>
        <extensions>
          <osmand:speed>1</osmand:speed>
        </extensions>
      </trkpt>
      <trkpt lat="43.7468661" lon="6.5668942">
        <ele>1079.2</ele>
        <time>2026-07-19T14:58:32Z</time>
        <hdop>3</hdop>
        <extensions>
          <osmand:speed>1.3</osmand:speed>
        </extensions>
      </trkpt>
      <trkpt lat="43.7468621" lon="6.5668848">
        <ele>1078</ele>
        <time>2026-07-19T14:58:37Z</time>
        <hdop>3</hdop>
        <extensions>
          <osmand:speed>0.1</osmand:speed>
        </extensions>
      </trkpt>
      <trkpt lat="43.7468575" lon="6.5668868">
        <ele>1077.9</ele>
        <time>2026-07-19T14:58:42Z</time>
        <hdop>3</hdop>
        <extensions>
          <osmand:speed>0.1</osmand:speed>
        </extensions>
      </trkpt>
      <trkpt lat="43.7468547" lon="6.5668882">
        <ele>1077.5</ele>
        <time>2026-07-19T14:58:48Z</time>
        <hdop>3</hdop>
        <extensions>
          <osmand:speed>0.1</osmand:speed>
        </extensions>
      </trkpt>
      <trkpt lat="43.7468845" lon="6.5669043">
        <ele>1077.2</ele>
        <time>2026-07-19T14:58:53Z</time>
        <hdop>3</hdop>
        <extensions>
          <osmand:speed>0.9</osmand:speed>
        </extensions>
      </trkpt>
      <trkpt lat="43.746931" lon="6.5669182">
        <ele>1076.7</ele>
        <time>2026-07-19T14:58:58Z</time>
        <hdop>3</hdop>
        <extensions>
          <osmand:speed>0.8</osmand:speed>
        </extensions>
      </trkpt>
      <trkpt lat="43.7469251" lon="6.5669202">
        <ele>1075.7</ele>
        <time>2026-07-19T14:59:03Z</time>
        <hdop>3</hdop>
        <extensions>
          <osmand:speed>0.1</osmand:speed>
        </extensions>
      </trkpt>
      <trkpt lat="43.7469444" lon="6.5669208">
        <ele>1074.8</ele>
        <time>2026-07-19T14:59:09Z</time>
        <hdop>3</hdop>
        <extensions>
          <osmand:speed>0.7</osmand:speed>
        </extensions>
      </trkpt>
      <trkpt lat="43.7469522" lon="6.5669292">
        <ele>1074</ele>
        <time>2026-07-19T14:59:14Z</time>
        <hdop>3.2</hdop>
        <extensions>
          <osmand:speed>0.4</osmand:speed>
        </extensions>
      </trkpt>
      <trkpt lat="43.7469637" lon="6.5669725">
        <ele>1072.1</ele>
        <time>2026-07-19T14:59:19Z</time>
        <hdop>3</hdop>
        <extensions>
          <osmand:speed>0.2</osmand:speed>
        </extensions>
      </trkpt>
      <trkpt lat="43.7469929" lon="6.5669927">
        <ele>1071.8</ele>
        <time>2026-07-19T14:59:24Z</time>
        <hdop>3</hdop>
        <extensions>
          <osmand:speed>0.8</osmand:speed>
        </extensions>
      </trkpt>
      <trkpt lat="43.7470168" lon="6.5669697">
        <ele>1070.7</ele>
        <time>2026-07-19T14:59:30Z</time>
        <hdop>3</hdop>
        <extensions>
          <osmand:speed>0.3</osmand:speed>
        </extensions>
      </trkpt>
      <trkpt lat="43.7470348" lon="6.5669341">
        <ele>1069.8</ele>
        <time>2026-07-19T14:59:35Z</time>
        <hdop>3</hdop>
        <extensions>
          <osmand:speed>0.2</osmand:speed>
        </extensions>
      </trkpt>
      <trkpt lat="43.7470564" lon="6.5669202">
        <ele>1069.2</ele>
        <time>2026-07-19T14:59:41Z</time>
        <hdop>3</hdop>
        <extensions>
          <osmand:speed>0.1</osmand:speed>
        </extensions>
      </trkpt>
      <trkpt lat="43.7470651" lon="6.5669238">
        <ele>1069</ele>
        <time>2026-07-19T14:59:46Z</time>
        <hdop>3</hdop>
        <extensions>
          <osmand:speed>0.2</osmand:speed>
        </extensions>
      </trkpt>
      <trkpt lat="43.7470638" lon="6.5669594">
        <ele>1067.6</ele>
        <time>2026-07-19T14:59:52Z</time>
        <hdop>3</hdop>
        <extensions>
          <osmand:speed>0.9</osmand:speed>
        </extensions>
      </trkpt>
      <trkpt lat="43.7470635" lon="6.56702">
        <ele>1067.2</ele>
        <time>2026-07-19T14:59:57Z</time>
        <hdop>3</hdop>
        <extensions>
          <osmand:speed>1.1</osmand:speed>
        </extensions>
      </trkpt>
      <trkpt lat="43.7470863" lon="6.5671034">
        <ele>1066</ele>
        <time>2026-07-19T15:00:02Z</time>
        <hdop>3</hdop>
        <extensions>
          <osmand:speed>1.1</osmand:speed>
        </extensions>
      </trkpt>
      <trkpt lat="43.747125" lon="6.5671632">
        <ele>1065.4</ele>
        <time>2026-07-19T15:00:07Z</time>
        <hdop>3</hdop>
        <extensions>
          <osmand:speed>1</osmand:speed>
        </extensions>
      </trkpt>
      <trkpt lat="43.7471788" lon="6.5672092">
        <ele>1064.8</ele>
        <time>2026-07-19T15:00:13Z</time>
        <hdop>3</hdop>
        <extensions>
          <osmand:speed>1.2</osmand:speed>
        </extensions>
      </trkpt>
      <trkpt lat="43.7472288" lon="6.5672377">
        <ele>1062.8</ele>
        <time>2026-07-19T15:00:18Z</time>
        <hdop>3</hdop>
        <extensions>
          <osmand:speed>1.1</osmand:speed>
        </extensions>
      </trkpt>
      <trkpt lat="43.7472553" lon="6.5673029">
        <ele>1062.4</ele>
        <time>2026-07-19T15:00:24Z</time>
        <hdop>3.1</hdop>
        <extensions>
          <osmand:speed>1.1</osmand:speed>
        </extensions>
      </trkpt>
      <trkpt lat="43.7472792" lon="6.5673696">
        <ele>1061</ele>
        <time>2026-07-19T15:00:30Z</time>
        <hdop>3</hdop>
        <extensions>
          <osmand:speed>1.2</osmand:speed>
        </extensions>
      </trkpt>
      <trkpt lat="43.7473029" lon="6.5674297">
        <ele>1059.5</ele>
        <time>2026-07-19T15:00:35Z</time>
        <hdop>3</hdop>
        <extensions>
          <osmand:speed>1.2</osmand:speed>
        </extensions>
      </trkpt>
      <trkpt lat="43.747324" lon="6.5674963">
        <ele>1058.8</ele>
        <time>2026-07-19T15:00:40Z</time>
        <hdop>3</hdop>
        <extensions>
          <osmand:speed>1.2</osmand:speed>
        </extensions>
      </trkpt>
      <trkpt lat="43.7473644" lon="6.5675451">
        <ele>1057.3</ele>
        <time>2026-07-19T15:00:46Z</time>
        <hdop>3</hdop>
        <extensions>
          <osmand:speed>1.2</osmand:speed>
        </extensions>
      </trkpt>
      <trkpt lat="43.7473691" lon="6.567546">
        <ele>1056.8</ele>
        <time>2026-07-19T15:00:51Z</time>
        <hdop>3</hdop>
        <extensions>
          <osmand:speed>0.2</osmand:speed>
        </extensions>
      </trkpt>
      <trkpt lat="43.7473585" lon="6.5675321">
        <ele>1056.7</ele>
        <time>2026-07-19T15:00:57Z</time>
        <hdop>3</hdop>
        <extensions>
          <osmand:speed>0.1</osmand:speed>
        </extensions>
      </trkpt>
      <trkpt lat="43.7473575" lon="6.5675345">
        <ele>1056.2</ele>
        <time>2026-07-19T15:01:03Z</time>
        <hdop>3</hdop>
        <extensions>
          <osmand:speed>0.1</osmand:speed>
        </extensions>
      </trkpt>
      <trkpt lat="43.7473722" lon="6.5675439">
        <ele>1056.3</ele>
        <time>2026-07-19T15:01:08Z</time>
        <hdop>3</hdop>
        <extensions>
          <osmand:speed>0.3</osmand:speed>
        </extensions>
      </trkpt>
      <trkpt lat="43.7474161" lon="6.5676023">
        <ele>1055</ele>
        <time>2026-07-19T15:01:13Z</time>
        <hdop>3</hdop>
        <extensions>
          <osmand:speed>1.1</osmand:speed>
        </extensions>
      </trkpt>
      <trkpt lat="43.7474633" lon="6.5676482">
        <ele>1054.5</ele>
        <time>2026-07-19T15:01:19Z</time>
        <hdop>3.1</hdop>
        <extensions>
          <osmand:speed>1.2</osmand:speed>
        </extensions>
      </trkpt>
      <trkpt lat="43.7475049" lon="6.5676897">
        <ele>1053.5</ele>
        <time>2026-07-19T15:01:24Z</time>
        <hdop>3</hdop>
        <extensions>
          <osmand:speed>1.1</osmand:speed>
        </extensions>
      </trkpt>
      <trkpt lat="43.7475418" lon="6.5677413">
        <ele>1052.9</ele>
        <time>2026-07-19T15:01:29Z</time>
        <hdop>3</hdop>
        <extensions>
          <osmand:speed>1</osmand:speed>
        </extensions>
      </trkpt>
      <trkpt lat="43.7475614" lon="6.5678027">
        <ele>1052.3</ele>
        <time>2026-07-19T15:01:35Z</time>
        <hdop>3</hdop>
        <extensions>
          <osmand:speed>0.9</osmand:speed>
        </extensions>
      </trkpt>
      <trkpt lat="43.747571" lon="6.56785">
        <ele>1051</ele>
        <time>2026-07-19T15:01:40Z</time>
        <hdop>3</hdop>
        <extensions>
          <osmand:speed>1</osmand:speed>
        </extensions>
      </trkpt>
      <trkpt lat="43.7475849" lon="6.5679029">
        <ele>1050.5</ele>
        <time>2026-07-19T15:01:45Z</time>
        <hdop>3</hdop>
        <extensions>
          <osmand:speed>0.9</osmand:speed>
        </extensions>
      </trkpt>
      <trkpt lat="43.7476103" lon="6.5679577">
        <ele>1050</ele>
        <time>2026-07-19T15:01:50Z</time>
        <hdop>3</hdop>
        <extensions>
          <osmand:speed>1.1</osmand:speed>
        </extensions>
      </trkpt>
      <trkpt lat="43.7476229" lon="6.5679636">
        <ele>1049.2</ele>
        <time>2026-07-19T15:01:56Z</time>
        <hdop>3</hdop>
        <extensions>
          <osmand:speed>0.1</osmand:speed>
        </extensions>
      </trkpt>
      <trkpt lat="43.7476205" lon="6.5679598">
        <ele>1049.2</ele>
        <time>2026-07-19T15:02:01Z</time>
        <hdop>3</hdop>
        <extensions>
          <osmand:speed>0.1</osmand:speed>
        </extensions>
      </trkpt>
      <trkpt lat="43.7476194" lon="6.5679613">
        <ele>1048.6</ele>
        <time>2026-07-19T15:02:07Z</time>
        <hdop>3.7</hdop>
      </trkpt>
      <trkpt lat="43.7476574" lon="6.5680292">
        <ele>1048.6</ele>
        <time>2026-07-19T15:02:13Z</time>
        <hdop>3.8</hdop>
        <extensions>
          <osmand:speed>1.4</osmand:speed>
        </extensions>
      </trkpt>
      <trkpt lat="43.7476963" lon="6.56811">
        <ele>1047.8</ele>
        <time>2026-07-19T15:02:19Z</time>
        <hdop>3.8</hdop>
        <extensions>
          <osmand:speed>1.2</osmand:speed>
        </extensions>
      </trkpt>
      <trkpt lat="43.7477301" lon="6.5681686">
        <ele>1046.6</ele>
        <time>2026-07-19T15:02:25Z</time>
        <hdop>3.8</hdop>
        <extensions>
          <osmand:speed>1</osmand:speed>
        </extensions>
      </trkpt>
      <trkpt lat="43.747777" lon="6.5682286">
        <ele>1046.3</ele>
        <time>2026-07-19T15:02:31Z</time>
        <hdop>3.4</hdop>
        <extensions>
          <osmand:speed>1.2</osmand:speed>
        </extensions>
      </trkpt>
      <trkpt lat="43.7478087" lon="6.5682677">
        <ele>1044.9</ele>
        <time>2026-07-19T15:02:36Z</time>
        <hdop>3</hdop>
        <extensions>
          <osmand:speed>1.1</osmand:speed>
        </extensions>
      </trkpt>
      <trkpt lat="43.7478424" lon="6.5683256">
        <ele>1044.9</ele>
        <time>2026-07-19T15:02:42Z</time>
        <hdop>3</hdop>
        <extensions>
          <osmand:speed>1.2</osmand:speed>
        </extensions>
      </trkpt>
      <trkpt lat="43.7478666" lon="6.5683946">
        <ele>1044.2</ele>
        <time>2026-07-19T15:02:48Z</time>
        <hdop>4.3</hdop>
        <extensions>
          <osmand:speed>1.2</osmand:speed>
        </extensions>
      </trkpt>
      <trkpt lat="43.7478896" lon="6.5684532">
        <ele>1043.3</ele>
        <time>2026-07-19T15:02:53Z</time>
        <hdop>5.1</hdop>
        <extensions>
          <osmand:speed>0.8</osmand:speed>
        </extensions>
      </trkpt>
      <trkpt lat="43.7478787" lon="6.5684321">
        <ele>1042.8</ele>
        <time>2026-07-19T15:02:59Z</time>
        <hdop>5.2</hdop>
        <extensions>
          <osmand:speed>0.1</osmand:speed>
        </extensions>
      </trkpt>
      <trkpt lat="43.7479049" lon="6.5684828">
        <ele>1042.7</ele>
        <time>2026-07-19T15:03:04Z</time>
        <hdop>5.7</hdop>
        <extensions>
          <osmand:speed>1</osmand:speed>
        </extensions>
      </trkpt>
      <trkpt lat="43.747923" lon="6.5685292">
        <ele>1041.7</ele>
        <time>2026-07-19T15:03:09Z</time>
        <hdop>6.1</hdop>
        <extensions>
          <osmand:speed>0.9</osmand:speed>
        </extensions>
      </trkpt>
      <trkpt lat="43.7479653" lon="6.5686079">
        <ele>1041.7</ele>
        <time>2026-07-19T15:03:15Z</time>
        <hdop>5.7</hdop>
        <extensions>
          <osmand:speed>1.2</osmand:speed>
        </extensions>
      </trkpt>
      <trkpt lat="43.7479838" lon="6.5686714">
        <ele>1040.1</ele>
        <time>2026-07-19T15:03:20Z</time>
        <hdop>5.3</hdop>
        <extensions>
          <osmand:speed>1.1</osmand:speed>
        </extensions>
      </trkpt>
      <trkpt lat="43.747956" lon="6.5686995">
        <ele>1039.9</ele>
        <time>2026-07-19T15:03:25Z</time>
        <hdop>4.9</hdop>
        <extensions>
          <osmand:speed>0.7</osmand:speed>
        </extensions>
      </trkpt>
      <trkpt lat="43.7479495" lon="6.568674">
        <ele>1039.4</ele>
        <time>2026-07-19T15:03:31Z</time>
        <hdop>5</hdop>
        <extensions>
          <osmand:speed>0.1</osmand:speed>
        </extensions>
      </trkpt>
      <trkpt lat="43.7479471" lon="6.5686662">
        <ele>1039.2</ele>
        <time>2026-07-19T15:03:37Z</time>
        <hdop>4.6</hdop>
        <extensions>
          <osmand:speed>0.1</osmand:speed>
        </extensions>
      </trkpt>
      <trkpt lat="43.7479439" lon="6.5686655">
        <ele>1039.7</ele>
        <time>2026-07-19T15:03:42Z</time>
        <hdop>3.9</hdop>
        <extensions>
          <osmand:speed>0</osmand:speed>
        </extensions>
      </trkpt>
      <trkpt lat="43.7479439" lon="6.5686664">
        <ele>1039.5</ele>
        <time>2026-07-19T15:03:48Z</time>
        <hdop>3.4</hdop>
        <extensions>
          <osmand:speed>0.1</osmand:speed>
        </extensions>
      </trkpt>
      <trkpt lat="43.7479446" lon="6.5686692">
        <ele>1039.6</ele>
        <time>2026-07-19T15:03:53Z</time>
        <hdop>3.1</hdop>
        <extensions>
          <osmand:speed>0.1</osmand:speed>
        </extensions>
      </trkpt>
      <trkpt lat="43.7479458" lon="6.5686728">
        <ele>1039.6</ele>
        <time>2026-07-19T15:03:59Z</time>
        <hdop>3.1</hdop>
        <extensions>
          <osmand:speed>0.5</osmand:speed>
        </extensions>
      </trkpt>
      <trkpt lat="43.7479508" lon="6.5686744">
        <ele>1039.2</ele>
        <time>2026-07-19T15:04:04Z</time>
        <hdop>3.8</hdop>
        <extensions>
          <osmand:speed>0.2</osmand:speed>
        </extensions>
      </trkpt>
      <trkpt lat="43.7479521" lon="6.5686559">
        <ele>1039.6</ele>
        <time>2026-07-19T15:04:10Z</time>
        <hdop>5.1</hdop>
        <extensions>
          <osmand:speed>0.2</osmand:speed>
        </extensions>
      </trkpt>
      <trkpt lat="43.7479445" lon="6.5686404">
        <ele>1040.2</ele>
        <time>2026-07-19T15:04:16Z</time>
        <hdop>4.5</hdop>
        <extensions>
          <osmand:speed>0.2</osmand:speed>
        </extensions>
      </trkpt>
      <trkpt lat="43.7479316" lon="6.5686318">
        <ele>1040.9</ele>
        <time>2026-07-19T15:04:21Z</time>
        <hdop>4.4</hdop>
        <extensions>
          <osmand:speed>0.1</osmand:speed>
        </extensions>
      </trkpt>
      <trkpt lat="43.747926" lon="6.5686282">
        <ele>1041.2</ele>
        <time>2026-07-19T15:04:26Z</time>
        <hdop>4.1</hdop>
        <extensions>
          <osmand:speed>0.1</osmand:speed>
        </extensions>
      </trkpt>
      <trkpt lat="43.7479211" lon="6.5686267">
        <ele>1040.8</ele>
        <time>2026-07-19T15:04:32Z</time>
        <hdop>4.3</hdop>
        <extensions>
          <osmand:speed>0.1</osmand:speed>
        </extensions>
      </trkpt>
      <trkpt lat="43.7479198" lon="6.5686267">
        <ele>1040.8</ele>
        <time>2026-07-19T15:04:37Z</time>
        <hdop>4.2</hdop>
        <extensions>
          <osmand:speed>0</osmand:speed>
        </extensions>
      </trkpt>
      <trkpt lat="43.7479184" lon="6.5686261">
        <ele>1040.9</ele>
        <time>2026-07-19T15:04:43Z</time>
        <hdop>3.8</hdop>
        <extensions>
          <osmand:speed>0.1</osmand:speed>
        </extensions>
      </trkpt>
      <trkpt lat="43.7479172" lon="6.5686251">
        <ele>1041.3</ele>
        <time>2026-07-19T15:04:49Z</time>
        <hdop>3.5</hdop>
        <extensions>
          <osmand:speed>0.1</osmand:speed>
        </extensions>
      </trkpt>
      <trkpt lat="43.7479163" lon="6.5686238">
        <ele>1041.3</ele>
        <time>2026-07-19T15:04:54Z</time>
        <hdop>3.5</hdop>
        <extensions>
          <osmand:speed>0.1</osmand:speed>
        </extensions>
      </trkpt>
      <trkpt lat="43.7479148" lon="6.5686231">
        <ele>1040.7</ele>
        <time>2026-07-19T15:05:00Z</time>
        <hdop>3.6</hdop>
        <extensions>
          <osmand:speed>0.1</osmand:speed>
        </extensions>
      </trkpt>
      <trkpt lat="43.7479133" lon="6.5686218">
        <ele>1040.9</ele>
        <time>2026-07-19T15:05:05Z</time>
        <hdop>3.8</hdop>
        <extensions>
          <osmand:speed>0.1</osmand:speed>
        </extensions>
      </trkpt>
      <trkpt lat="43.7479121" lon="6.5686213">
        <ele>1040.9</ele>
        <time>2026-07-19T15:05:11Z</time>
        <hdop>4</hdop>
        <extensions>
          <osmand:speed>0.1</osmand:speed>
        </extensions>
      </trkpt>
      <trkpt lat="43.7479115" lon="6.5686211">
        <ele>1040.6</ele>
        <time>2026-07-19T15:05:16Z</time>
        <hdop>4.2</hdop>
        <extensions>
          <osmand:speed>0.1</osmand:speed>
        </extensions>
      </trkpt>
      <trkpt lat="43.7479105" lon="6.5686217">
        <ele>1040.4</ele>
        <time>2026-07-19T15:05:21Z</time>
        <hdop>4.3</hdop>
        <extensions>
          <osmand:speed>0.1</osmand:speed>
        </extensions>
      </trkpt>
      <trkpt lat="43.7479093" lon="6.5686239">
        <ele>1040.2</ele>
        <time>2026-07-19T15:05:27Z</time>
        <hdop>4.4</hdop>
        <extensions>
          <osmand:speed>0.1</osmand:speed>
        </extensions>
      </trkpt>
      <trkpt lat="43.7479097" lon="6.5686261">
        <ele>1040</ele>
        <time>2026-07-19T15:05:33Z</time>
        <hdop>4.6</hdop>
        <extensions>
          <osmand:speed>0.1</osmand:speed>
        </extensions>
      </trkpt>
      <trkpt lat="43.7479102" lon="6.5686291">
        <ele>1040.6</ele>
        <time>2026-07-19T15:05:39Z</time>
        <hdop>4.6</hdop>
        <extensions>
          <osmand:speed>0.1</osmand:speed>
        </extensions>
      </trkpt>
      <trkpt lat="43.7479101" lon="6.5686313">
        <ele>1040.3</ele>
        <time>2026-07-19T15:05:45Z</time>
        <hdop>4.6</hdop>
        <extensions>
          <osmand:speed>0.1</osmand:speed>
        </extensions>
      </trkpt>
      <trkpt lat="43.747909" lon="6.5686339">
        <ele>1040.2</ele>
        <time>2026-07-19T15:05:51Z</time>
        <hdop>4.6</hdop>
        <extensions>
          <osmand:speed>0.1</osmand:speed>
        </extensions>
      </trkpt>
      <trkpt lat="43.7479087" lon="6.5686365">
        <ele>1039.6</ele>
        <time>2026-07-19T15:05:57Z</time>
        <hdop>4.6</hdop>
        <extensions>
          <osmand:speed>0.5</osmand:speed>
        </extensions>
      </trkpt>
      <trkpt lat="43.7479433" lon="6.5686431">
        <ele>1039.8</ele>
        <time>2026-07-19T15:06:03Z</time>
        <hdop>6.5</hdop>
        <extensions>
          <osmand:speed>1</osmand:speed>
        </extensions>
      </trkpt>
      <trkpt lat="43.7479468" lon="6.5686691">
        <ele>1039.3</ele>
        <time>2026-07-19T15:06:09Z</time>
        <hdop>5.7</hdop>
        <extensions>
          <osmand:speed>0.4</osmand:speed>
        </extensions>
      </trkpt>
      <trkpt lat="43.7479429" lon="6.5686718">
        <ele>1038.6</ele>
        <time>2026-07-19T15:06:14Z</time>
        <hdop>4.5</hdop>
        <extensions>
          <osmand:speed>0.1</osmand:speed>
        </extensions>
      </trkpt>
      <trkpt lat="43.747941" lon="6.5686715">
        <ele>1038.2</ele>
        <time>2026-07-19T15:06:20Z</time>
        <hdop>3.8</hdop>
        <extensions>
          <osmand:speed>0.1</osmand:speed>
        </extensions>
      </trkpt>
      <trkpt lat="43.7479417" lon="6.568669">
        <ele>1038.1</ele>
        <time>2026-07-19T15:06:25Z</time>
        <hdop>3.6</hdop>
        <extensions>
          <osmand:speed>0.1</osmand:speed>
        </extensions>
      </trkpt>
      <trkpt lat="43.7479407" lon="6.5686691">
        <ele>1038.1</ele>
        <time>2026-07-19T15:06:31Z</time>
        <hdop>3.4</hdop>
        <extensions>
          <osmand:speed>0</osmand:speed>
        </extensions>
      </trkpt>
      <trkpt lat="43.7479417" lon="6.5686715">
        <ele>1038.9</ele>
        <time>2026-07-19T15:06:37Z</time>
        <hdop>3.1</hdop>
        <extensions>
          <osmand:speed>0.1</osmand:speed>
        </extensions>
      </trkpt>
      <trkpt lat="43.7479428" lon="6.5686748">
        <ele>1039</ele>
        <time>2026-07-19T15:06:43Z</time>
        <hdop>3.1</hdop>
        <extensions>
          <osmand:speed>0.1</osmand:speed>
        </extensions>
      </trkpt>
      <trkpt lat="43.7479435" lon="6.5686775">
        <ele>1038.7</ele>
        <time>2026-07-19T15:06:49Z</time>
        <hdop>3.3</hdop>
        <extensions>
          <osmand:speed>0.1</osmand:speed>
        </extensions>
      </trkpt>
      <trkpt lat="43.7479583" lon="6.5686568">
        <ele>1038.4</ele>
        <time>2026-07-19T15:06:55Z</time>
        <hdop>4.4</hdop>
        <extensions>
          <osmand:speed>0.8</osmand:speed>
        </extensions>
      </trkpt>
      <trkpt lat="43.7480314" lon="6.5686249">
        <ele>1038.6</ele>
        <time>2026-07-19T15:07:00Z</time>
        <hdop>7.2</hdop>
        <extensions>
          <osmand:speed>1.5</osmand:speed>
        </extensions>
      </trkpt>
      <trkpt lat="43.7480599" lon="6.5686843">
        <ele>1038.1</ele>
        <time>2026-07-19T15:07:06Z</time>
        <hdop>6.5</hdop>
        <extensions>
          <osmand:speed>0.7</osmand:speed>
        </extensions>
      </trkpt>
      <trkpt lat="43.7480683" lon="6.5687395">
        <ele>1036.8</ele>
        <time>2026-07-19T15:07:11Z</time>
        <hdop>3.8</hdop>
        <extensions>
          <osmand:speed>0.5</osmand:speed>
        </extensions>
      </trkpt>
      <trkpt lat="43.7480597" lon="6.5687394">
        <ele>1036.1</ele>
        <time>2026-07-19T15:07:17Z</time>
        <hdop>3</hdop>
        <extensions>
          <osmand:speed>0.1</osmand:speed>
        </extensions>
      </trkpt>
      <trkpt lat="43.7480562" lon="6.5687398">
        <ele>1035.7</ele>
        <time>2026-07-19T15:07:23Z</time>
        <hdop>3</hdop>
        <extensions>
          <osmand:speed>0.1</osmand:speed>
        </extensions>
      </trkpt>
      <trkpt lat="43.7480707" lon="6.5687594">
        <ele>1035.6</ele>
        <time>2026-07-19T15:07:29Z</time>
        <hdop>3</hdop>
        <extensions>
          <osmand:speed>0.9</osmand:speed>
        </extensions>
      </trkpt>
      <trkpt lat="43.7480906" lon="6.5687722">
        <ele>1036</ele>
        <time>2026-07-19T15:07:34Z</time>
        <hdop>3</hdop>
        <extensions>
          <osmand:speed>0.2</osmand:speed>
        </extensions>
      </trkpt>
      <trkpt lat="43.7480864" lon="6.5687746">
        <ele>1036</ele>
        <time>2026-07-19T15:07:39Z</time>
        <hdop>3</hdop>
        <extensions>
          <osmand:speed>0.1</osmand:speed>
        </extensions>
      </trkpt>
      <trkpt lat="43.7481155" lon="6.5687555">
        <ele>1035.8</ele>
        <time>2026-07-19T15:07:45Z</time>
        <hdop>3</hdop>
        <extensions>
          <osmand:speed>0.7</osmand:speed>
        </extensions>
      </trkpt>
      <trkpt lat="43.7481585" lon="6.5686817">
        <ele>1034.8</ele>
        <time>2026-07-19T15:07:50Z</time>
        <hdop>3.3</hdop>
        <extensions>
          <osmand:speed>1.1</osmand:speed>
        </extensions>
      </trkpt>
      <trkpt lat="43.7481884" lon="6.5686088">
        <ele>1033.9</ele>
        <time>2026-07-19T15:07:56Z</time>
        <hdop>3.1</hdop>
        <extensions>
          <osmand:speed>1</osmand:speed>
        </extensions>
      </trkpt>
      <trkpt lat="43.7482104" lon="6.5685583">
        <ele>1034</ele>
        <time>2026-07-19T15:08:01Z</time>
        <hdop>3</hdop>
        <extensions>
          <osmand:speed>1</osmand:speed>
        </extensions>
      </trkpt>
      <trkpt lat="43.7482602" lon="6.5685772">
        <ele>1034</ele>
        <time>2026-07-19T15:08:07Z</time>
        <hdop>3</hdop>
        <extensions>
          <osmand:speed>1.1</osmand:speed>
        </extensions>
      </trkpt>
      <trkpt lat="43.7483063" lon="6.5685958">
        <ele>1033.3</ele>
        <time>2026-07-19T15:08:12Z</time>
        <hdop>3</hdop>
        <extensions>
          <osmand:speed>1.1</osmand:speed>
        </extensions>
      </trkpt>
      <trkpt lat="43.7483617" lon="6.5685871">
        <ele>1032.6</ele>
        <time>2026-07-19T15:08:18Z</time>
        <hdop>3</hdop>
        <extensions>
          <osmand:speed>1.2</osmand:speed>
        </extensions>
      </trkpt>
      <trkpt lat="43.7483973" lon="6.5686395">
        <ele>1031.8</ele>
        <time>2026-07-19T15:08:23Z</time>
        <hdop>3</hdop>
        <extensions>
          <osmand:speed>1.1</osmand:speed>
        </extensions>
      </trkpt>
      <trkpt lat="43.7484365" lon="6.5686738">
        <ele>1031.3</ele>
        <time>2026-07-19T15:08:28Z</time>
        <hdop>3</hdop>
        <extensions>
          <osmand:speed>1.1</osmand:speed>
        </extensions>
      </trkpt>
      <trkpt lat="43.748481" lon="6.5686886">
        <ele>1031</ele>
        <time>2026-07-19T15:08:34Z</time>
        <hdop>3</hdop>
        <extensions>
          <osmand:speed>1</osmand:speed>
        </extensions>
      </trkpt>
      <trkpt lat="43.7485359" lon="6.5686721">
        <ele>1029.8</ele>
        <time>2026-07-19T15:08:39Z</time>
        <hdop>3</hdop>
        <extensions>
          <osmand:speed>1.2</osmand:speed>
        </extensions>
      </trkpt>
      <trkpt lat="43.7485826" lon="6.5686519">
        <ele>1028.3</ele>
        <time>2026-07-19T15:08:44Z</time>
        <hdop>3</hdop>
        <extensions>
          <osmand:speed>0.9</osmand:speed>
        </extensions>
      </trkpt>
      <trkpt lat="43.7486214" lon="6.5685936">
        <ele>1027.2</ele>
        <time>2026-07-19T15:08:50Z</time>
        <hdop>3</hdop>
        <extensions>
          <osmand:speed>1.2</osmand:speed>
        </extensions>
      </trkpt>
      <trkpt lat="43.7486374" lon="6.5685117">
        <ele>1025.6</ele>
        <time>2026-07-19T15:08:55Z</time>
        <hdop>3</hdop>
        <extensions>
          <osmand:speed>1.1</osmand:speed>
        </extensions>
      </trkpt>
      <trkpt lat="43.7486612" lon="6.5684787">
        <ele>1024.1</ele>
        <time>2026-07-19T15:09:00Z</time>
        <hdop>3.1</hdop>
        <extensions>
          <osmand:speed>0.4</osmand:speed>
        </extensions>
      </trkpt>
      <trkpt lat="43.7486616" lon="6.5684895">
        <ele>1023.7</ele>
        <time>2026-07-19T15:09:05Z</time>
        <hdop>3</hdop>
        <extensions>
          <osmand:speed>0.1</osmand:speed>
        </extensions>
      </trkpt>
      <trkpt lat="43.7486612" lon="6.5684929">
        <ele>1023.1</ele>
        <time>2026-07-19T15:09:10Z</time>
        <hdop>3</hdop>
        <extensions>
          <osmand:speed>0.1</osmand:speed>
        </extensions>
      </trkpt>
      <trkpt lat="43.7487164" lon="6.5684554">
        <ele>1022.6</ele>
        <time>2026-07-19T15:09:16Z</time>
        <hdop>3</hdop>
        <extensions>
          <osmand:speed>1.1</osmand:speed>
        </extensions>
      </trkpt>
      <trkpt lat="43.7487708" lon="6.5684244">
        <ele>1021.8</ele>
        <time>2026-07-19T15:09:22Z</time>
        <hdop>3</hdop>
        <extensions>
          <osmand:speed>1.2</osmand:speed>
        </extensions>
      </trkpt>
      <trkpt lat="43.7488279" lon="6.5683979">
        <ele>1021.3</ele>
        <time>2026-07-19T15:09:27Z</time>
        <hdop>3</hdop>
        <extensions>
          <osmand:speed>1.2</osmand:speed>
        </extensions>
      </trkpt>
      <trkpt lat="43.7488301" lon="6.5683868">
        <ele>1020.3</ele>
        <time>2026-07-19T15:09:32Z</time>
        <hdop>3</hdop>
        <extensions>
          <osmand:speed>0.4</osmand:speed>
        </extensions>
      </trkpt>
      <trkpt lat="43.7488529" lon="6.5683869">
        <ele>1019</ele>
        <time>2026-07-19T15:09:37Z</time>
        <hdop>3</hdop>
        <extensions>
          <osmand:speed>0.3</osmand:speed>
        </extensions>
      </trkpt>
      <trkpt lat="43.7488442" lon="6.5683796">
        <ele>1018.1</ele>
        <time>2026-07-19T15:09:43Z</time>
        <hdop>3</hdop>
        <extensions>
          <osmand:speed>0.1</osmand:speed>
        </extensions>
      </trkpt>
      <trkpt lat="43.7488407" lon="6.5683783">
        <ele>1018.2</ele>
        <time>2026-07-19T15:09:48Z</time>
        <hdop>3</hdop>
        <extensions>
          <osmand:speed>0.1</osmand:speed>
        </extensions>
      </trkpt>
      <trkpt lat="43.7488399" lon="6.568378">
        <ele>1018.1</ele>
        <time>2026-07-19T15:09:54Z</time>
        <hdop>3</hdop>
        <extensions>
          <osmand:speed>0.1</osmand:speed>
        </extensions>
      </trkpt>
      <trkpt lat="43.7488419" lon="6.5683754">
        <ele>1018.8</ele>
        <time>2026-07-19T15:10:00Z</time>
        <hdop>3.1</hdop>
        <extensions>
          <osmand:speed>0.6</osmand:speed>
        </extensions>
      </trkpt>
      <trkpt lat="43.748892" lon="6.5683606">
        <ele>1018.5</ele>
        <time>2026-07-19T15:10:05Z</time>
        <hdop>4.3</hdop>
        <extensions>
          <osmand:speed>1.1</osmand:speed>
        </extensions>
      </trkpt>
      <trkpt lat="43.7489587" lon="6.5683345">
        <ele>1017.9</ele>
        <time>2026-07-19T15:10:10Z</time>
        <hdop>5.6</hdop>
        <extensions>
          <osmand:speed>1.2</osmand:speed>
        </extensions>
      </trkpt>
      <trkpt lat="43.7490207" lon="6.5683048">
        <ele>1018</ele>
        <time>2026-07-19T15:10:16Z</time>
        <hdop>5</hdop>
        <extensions>
          <osmand:speed>1.2</osmand:speed>
        </extensions>
      </trkpt>
      <trkpt lat="43.749075" lon="6.5682891">
        <ele>1017.9</ele>
        <time>2026-07-19T15:10:21Z</time>
        <hdop>5.2</hdop>
        <extensions>
          <osmand:speed>1.2</osmand:speed>
        </extensions>
      </trkpt>
      <trkpt lat="43.7491294" lon="6.5682713">
        <ele>1017.6</ele>
        <time>2026-07-19T15:10:26Z</time>
        <hdop>5.2</hdop>
        <extensions>
          <osmand:speed>1.2</osmand:speed>
        </extensions>
      </trkpt>
      <trkpt lat="43.7491517" lon="6.5682137">
        <ele>1016.4</ele>
        <time>2026-07-19T15:10:31Z</time>
        <hdop>5.1</hdop>
        <extensions>
          <osmand:speed>1.1</osmand:speed>
        </extensions>
      </trkpt>
      <trkpt lat="43.7491566" lon="6.5681536">
        <ele>1015.6</ele>
        <time>2026-07-19T15:10:37Z</time>
        <hdop>4.9</hdop>
        <extensions>
          <osmand:speed>1</osmand:speed>
        </extensions>
      </trkpt>
      <trkpt lat="43.7491548" lon="6.5681221">
        <ele>1014.7</ele>
        <time>2026-07-19T15:10:42Z</time>
        <hdop>4.9</hdop>
        <extensions>
          <osmand:speed>0.4</osmand:speed>
        </extensions>
      </trkpt>
      <trkpt lat="43.7491423" lon="6.5681367">
        <ele>1014.8</ele>
        <time>2026-07-19T15:10:47Z</time>
        <hdop>4.4</hdop>
        <extensions>
          <osmand:speed>0.1</osmand:speed>
        </extensions>
      </trkpt>
      <trkpt lat="43.7491394" lon="6.5681349">
        <ele>1014.9</ele>
        <time>2026-07-19T15:10:53Z</time>
        <hdop>4</hdop>
        <extensions>
          <osmand:speed>0.1</osmand:speed>
        </extensions>
      </trkpt>
      <trkpt lat="43.7491475" lon="6.5680968">
        <ele>1014.1</ele>
        <time>2026-07-19T15:10:58Z</time>
        <hdop>4.2</hdop>
        <extensions>
          <osmand:speed>0.3</osmand:speed>
        </extensions>
      </trkpt>
      <trkpt lat="43.7491673" lon="6.5680685">
        <ele>1012.8</ele>
        <time>2026-07-19T15:11:03Z</time>
        <hdop>4.3</hdop>
        <extensions>
          <osmand:speed>0.1</osmand:speed>
        </extensions>
      </trkpt>
      <trkpt lat="43.7491922" lon="6.5680155">
        <ele>1012</ele>
        <time>2026-07-19T15:11:08Z</time>
        <hdop>3.6</hdop>
        <extensions>
          <osmand:speed>1.1</osmand:speed>
        </extensions>
      </trkpt>
      <trkpt lat="43.7492504" lon="6.5679515">
        <ele>1012</ele>
        <time>2026-07-19T15:11:14Z</time>
        <hdop>3.8</hdop>
        <extensions>
          <osmand:speed>1.3</osmand:speed>
        </extensions>
      </trkpt>
      <trkpt lat="43.7493185" lon="6.5679465">
        <ele>1011.3</ele>
        <time>2026-07-19T15:11:19Z</time>
        <hdop>4.6</hdop>
        <extensions>
          <osmand:speed>1.3</osmand:speed>
        </extensions>
      </trkpt>
      <trkpt lat="43.7493797" lon="6.5679844">
        <ele>1010.7</ele>
        <time>2026-07-19T15:11:24Z</time>
        <hdop>4.8</hdop>
        <extensions>
          <osmand:speed>1.3</osmand:speed>
        </extensions>
      </trkpt>
      <trkpt lat="43.7494295" lon="6.5680371">
        <ele>1009.5</ele>
        <time>2026-07-19T15:11:29Z</time>
        <hdop>4.8</hdop>
        <extensions>
          <osmand:speed>1.2</osmand:speed>
        </extensions>
      </trkpt>
      <trkpt lat="43.7494744" lon="6.568095">
        <ele>1008</ele>
        <time>2026-07-19T15:11:35Z</time>
        <hdop>4.9</hdop>
        <extensions>
          <osmand:speed>1.3</osmand:speed>
        </extensions>
      </trkpt>
      <trkpt lat="43.7495105" lon="6.5681708">
        <ele>1006.7</ele>
        <time>2026-07-19T15:11:40Z</time>
        <hdop>5.2</hdop>
        <extensions>
          <osmand:speed>1.3</osmand:speed>
        </extensions>
      </trkpt>
      <trkpt lat="43.7495528" lon="6.5682246">
        <ele>1006.1</ele>
        <time>2026-07-19T15:11:45Z</time>
        <hdop>5.3</hdop>
        <extensions>
          <osmand:speed>1.3</osmand:speed>
        </extensions>
      </trkpt>
      <trkpt lat="43.749589" lon="6.5682548">
        <ele>1004.6</ele>
        <time>2026-07-19T15:11:50Z</time>
        <hdop>5.5</hdop>
        <extensions>
          <osmand:speed>1.2</osmand:speed>
        </extensions>
      </trkpt>
      <trkpt lat="43.7496213" lon="6.5682655">
        <ele>1003.1</ele>
        <time>2026-07-19T15:11:56Z</time>
        <hdop>5.2</hdop>
        <extensions>
          <osmand:speed>0.7</osmand:speed>
        </extensions>
      </trkpt>
      <trkpt lat="43.7496527" lon="6.5682821">
        <ele>1002.2</ele>
        <time>2026-07-19T15:12:02Z</time>
        <hdop>4.7</hdop>
        <extensions>
          <osmand:speed>1</osmand:speed>
        </extensions>
      </trkpt>
      <trkpt lat="43.7497126" lon="6.5682796">
        <ele>1000.8</ele>
        <time>2026-07-19T15:12:08Z</time>
        <hdop>4.9</hdop>
        <extensions>
          <osmand:speed>0.9</osmand:speed>
        </extensions>
      </trkpt>
      <trkpt lat="43.7496955" lon="6.5682888">
        <ele>1000.2</ele>
        <time>2026-07-19T15:12:14Z</time>
        <hdop>4.4</hdop>
        <extensions>
          <osmand:speed>0.1</osmand:speed>
        </extensions>
      </trkpt>
      <trkpt lat="43.7496963" lon="6.5682838">
        <ele>1000.5</ele>
        <time>2026-07-19T15:12:20Z</time>
        <hdop>4.4</hdop>
        <extensions>
          <osmand:speed>0.1</osmand:speed>
        </extensions>
      </trkpt>
      <trkpt lat="43.7496969" lon="6.5682799">
        <ele>1000.4</ele>
        <time>2026-07-19T15:12:25Z</time>
        <hdop>4.2</hdop>
        <extensions>
          <osmand:speed>0.1</osmand:speed>
        </extensions>
      </trkpt>
      <trkpt lat="43.7497086" lon="6.5682723">
        <ele>1000.2</ele>
        <time>2026-07-19T15:12:31Z</time>
        <hdop>4.1</hdop>
        <extensions>
          <osmand:speed>0.7</osmand:speed>
        </extensions>
      </trkpt>
      <trkpt lat="43.7497445" lon="6.5682087">
        <ele>999.4</ele>
        <time>2026-07-19T15:12:36Z</time>
        <hdop>4.7</hdop>
        <extensions>
          <osmand:speed>1.1</osmand:speed>
        </extensions>
      </trkpt>
      <trkpt lat="43.7497801" lon="6.5681632">
        <ele>998.5</ele>
        <time>2026-07-19T15:12:41Z</time>
        <hdop>3.1</hdop>
        <extensions>
          <osmand:speed>1.1</osmand:speed>
        </extensions>
      </trkpt>
      <trkpt lat="43.7498292" lon="6.5681331">
        <ele>997.8</ele>
        <time>2026-07-19T15:12:47Z</time>
        <hdop>3.1</hdop>
        <extensions>
          <osmand:speed>1.2</osmand:speed>
        </extensions>
      </trkpt>
      <trkpt lat="43.7498754" lon="6.5681008">
        <ele>997.7</ele>
        <time>2026-07-19T15:12:52Z</time>
        <hdop>3</hdop>
        <extensions>
          <osmand:speed>1.3</osmand:speed>
        </extensions>
      </trkpt>
      <trkpt lat="43.7499276" lon="6.5680518">
        <ele>996.5</ele>
        <time>2026-07-19T15:12:57Z</time>
        <hdop>3</hdop>
        <extensions>
          <osmand:speed>1.1</osmand:speed>
        </extensions>
      </trkpt>
      <trkpt lat="43.7499588" lon="6.5680059">
        <ele>995.4</ele>
        <time>2026-07-19T15:13:02Z</time>
        <hdop>3</hdop>
        <extensions>
          <osmand:speed>1.2</osmand:speed>
        </extensions>
      </trkpt>
      <trkpt lat="43.7500044" lon="6.5679596">
        <ele>994</ele>
        <time>2026-07-19T15:13:08Z</time>
        <hdop>3</hdop>
        <extensions>
          <osmand:speed>1.2</osmand:speed>
        </extensions>
      </trkpt>
      <trkpt lat="43.7500621" lon="6.5679468">
        <ele>993.5</ele>
        <time>2026-07-19T15:13:13Z</time>
        <hdop>3</hdop>
        <extensions>
          <osmand:speed>1.3</osmand:speed>
        </extensions>
      </trkpt>
      <trkpt lat="43.7501178" lon="6.5679482">
        <ele>992.7</ele>
        <time>2026-07-19T15:13:18Z</time>
        <hdop>3</hdop>
        <extensions>
          <osmand:speed>1.1</osmand:speed>
        </extensions>
      </trkpt>
      <trkpt lat="43.7501641" lon="6.5679694">
        <ele>991.2</ele>
        <time>2026-07-19T15:13:24Z</time>
        <hdop>3</hdop>
        <extensions>
          <osmand:speed>1.2</osmand:speed>
        </extensions>
      </trkpt>
      <trkpt lat="43.7502132" lon="6.5679865">
        <ele>990</ele>
        <time>2026-07-19T15:13:29Z</time>
        <hdop>3.1</hdop>
        <extensions>
          <osmand:speed>1.2</osmand:speed>
        </extensions>
      </trkpt>
      <trkpt lat="43.750208" lon="6.5679861">
        <ele>989.1</ele>
        <time>2026-07-19T15:13:34Z</time>
        <hdop>3</hdop>
        <extensions>
          <osmand:speed>0.7</osmand:speed>
        </extensions>
      </trkpt>
      <trkpt lat="43.7502779" lon="6.5680095">
        <ele>989.2</ele>
        <time>2026-07-19T15:13:40Z</time>
        <hdop>3.5</hdop>
        <extensions>
          <osmand:speed>1.3</osmand:speed>
        </extensions>
      </trkpt>
      <trkpt lat="43.7503278" lon="6.5680517">
        <ele>988</ele>
        <time>2026-07-19T15:13:45Z</time>
        <hdop>4.5</hdop>
        <extensions>
          <osmand:speed>1.3</osmand:speed>
        </extensions>
      </trkpt>
      <trkpt lat="43.7503663" lon="6.5681177">
        <ele>987.5</ele>
        <time>2026-07-19T15:13:50Z</time>
        <hdop>5.2</hdop>
        <extensions>
          <osmand:speed>1.3</osmand:speed>
        </extensions>
      </trkpt>
      <trkpt lat="43.7504122" lon="6.5681539">
        <ele>986.1</ele>
        <time>2026-07-19T15:13:55Z</time>
        <hdop>5.3</hdop>
        <extensions>
          <osmand:speed>1.3</osmand:speed>
        </extensions>
      </trkpt>
      <trkpt lat="43.750472" lon="6.5681825">
        <ele>984.9</ele>
        <time>2026-07-19T15:14:01Z</time>
        <hdop>5.1</hdop>
        <extensions>
          <osmand:speed>1.3</osmand:speed>
        </extensions>
      </trkpt>
      <trkpt lat="43.7505148" lon="6.568182">
        <ele>984.8</ele>
        <time>2026-07-19T15:14:06Z</time>
        <hdop>5.5</hdop>
        <extensions>
          <osmand:speed>0.9</osmand:speed>
        </extensions>
      </trkpt>
      <trkpt lat="43.750574" lon="6.5681777">
        <ele>983.9</ele>
        <time>2026-07-19T15:14:12Z</time>
        <hdop>5.1</hdop>
        <extensions>
          <osmand:speed>1.3</osmand:speed>
        </extensions>
      </trkpt>
      <trkpt lat="43.7506274" lon="6.5681128">
        <ele>983.6</ele>
        <time>2026-07-19T15:14:17Z</time>
        <hdop>5</hdop>
        <extensions>
          <osmand:speed>1.3</osmand:speed>
        </extensions>
      </trkpt>
      <trkpt lat="43.7506764" lon="6.568058">
        <ele>982.4</ele>
        <time>2026-07-19T15:14:22Z</time>
        <hdop>4.8</hdop>
        <extensions>
          <osmand:speed>1.1</osmand:speed>
        </extensions>
      </trkpt>
      <trkpt lat="43.7507253" lon="6.5680178">
        <ele>981.2</ele>
        <time>2026-07-19T15:14:28Z</time>
        <hdop>5.1</hdop>
        <extensions>
          <osmand:speed>1.2</osmand:speed>
        </extensions>
      </trkpt>
      <trkpt lat="43.7507744" lon="6.5680184">
        <ele>980.9</ele>
        <time>2026-07-19T15:14:33Z</time>
        <hdop>5.1</hdop>
        <extensions>
          <osmand:speed>1.3</osmand:speed>
        </extensions>
      </trkpt>
      <trkpt lat="43.7508295" lon="6.5680269">
        <ele>980.3</ele>
        <time>2026-07-19T15:14:38Z</time>
        <hdop>5.2</hdop>
        <extensions>
          <osmand:speed>1.3</osmand:speed>
        </extensions>
      </trkpt>
      <trkpt lat="43.7508889" lon="6.5680459">
        <ele>979.6</ele>
        <time>2026-07-19T15:14:43Z</time>
        <hdop>5.2</hdop>
        <extensions>
          <osmand:speed>1.4</osmand:speed>
        </extensions>
      </trkpt>
      <trkpt lat="43.7509405" lon="6.5680601">
        <ele>979.1</ele>
        <time>2026-07-19T15:14:48Z</time>
        <hdop>4.9</hdop>
        <extensions>
          <osmand:speed>1.3</osmand:speed>
        </extensions>
      </trkpt>
      <trkpt lat="43.7509637" lon="6.5680315">
        <ele>977.9</ele>
        <time>2026-07-19T15:14:54Z</time>
        <hdop>4.6</hdop>
        <extensions>
          <osmand:speed>0.8</osmand:speed>
        </extensions>
      </trkpt>
      <trkpt lat="43.7509518" lon="6.568033">
        <ele>978</ele>
        <time>2026-07-19T15:15:00Z</time>
        <hdop>4</hdop>
        <extensions>
          <osmand:speed>0.1</osmand:speed>
        </extensions>
      </trkpt>
      <trkpt lat="43.7509456" lon="6.5680371">
        <ele>978.4</ele>
        <time>2026-07-19T15:15:06Z</time>
        <hdop>3.8</hdop>
        <extensions>
          <osmand:speed>0.1</osmand:speed>
        </extensions>
      </trkpt>
      <trkpt lat="43.7509429" lon="6.5680383">
        <ele>978.5</ele>
        <time>2026-07-19T15:15:12Z</time>
        <hdop>3.5</hdop>
        <extensions>
          <osmand:speed>0</osmand:speed>
        </extensions>
      </trkpt>
      <trkpt lat="43.7509435" lon="6.5680366">
        <ele>978.7</ele>
        <time>2026-07-19T15:15:18Z</time>
        <hdop>3.2</hdop>
        <extensions>
          <osmand:speed>0.1</osmand:speed>
        </extensions>
      </trkpt>
      <trkpt lat="43.7509628" lon="6.5680484">
        <ele>978.2</ele>
        <time>2026-07-19T15:15:24Z</time>
        <hdop>3.5</hdop>
        <extensions>
          <osmand:speed>1</osmand:speed>
        </extensions>
      </trkpt>
      <trkpt lat="43.7510259" lon="6.5680847">
        <ele>977.9</ele>
        <time>2026-07-19T15:15:29Z</time>
        <hdop>5</hdop>
        <extensions>
          <osmand:speed>1.3</osmand:speed>
        </extensions>
      </trkpt>
      <trkpt lat="43.7510748" lon="6.5681311">
        <ele>977.5</ele>
        <time>2026-07-19T15:15:34Z</time>
        <hdop>4.8</hdop>
        <extensions>
          <osmand:speed>1.2</osmand:speed>
        </extensions>
      </trkpt>
      <trkpt lat="43.7511152" lon="6.568162">
        <ele>976.8</ele>
        <time>2026-07-19T15:15:39Z</time>
        <hdop>4.9</hdop>
        <extensions>
          <osmand:speed>1</osmand:speed>
        </extensions>
      </trkpt>
      <trkpt lat="43.7511629" lon="6.5682224">
        <ele>976.3</ele>
        <time>2026-07-19T15:15:44Z</time>
        <hdop>5</hdop>
        <extensions>
          <osmand:speed>1.4</osmand:speed>
        </extensions>
      </trkpt>
      <trkpt lat="43.7512171" lon="6.5682752">
        <ele>975</ele>
        <time>2026-07-19T15:15:50Z</time>
        <hdop>5.4</hdop>
        <extensions>
          <osmand:speed>1.3</osmand:speed>
        </extensions>
      </trkpt>
      <trkpt lat="43.7512727" lon="6.5683237">
        <ele>974</ele>
        <time>2026-07-19T15:15:55Z</time>
        <hdop>5.5</hdop>
        <extensions>
          <osmand:speed>1.3</osmand:speed>
        </extensions>
      </trkpt>
      <trkpt lat="43.7513249" lon="6.5683204">
        <ele>973.6</ele>
        <time>2026-07-19T15:16:00Z</time>
        <hdop>5</hdop>
        <extensions>
          <osmand:speed>1.2</osmand:speed>
        </extensions>
      </trkpt>
      <trkpt lat="43.7513895" lon="6.5682896">
        <ele>973.5</ele>
        <time>2026-07-19T15:16:06Z</time>
        <hdop>4.6</hdop>
        <extensions>
          <osmand:speed>1.3</osmand:speed>
        </extensions>
      </trkpt>
      <trkpt lat="43.7514532" lon="6.5682811">
        <ele>973</ele>
        <time>2026-07-19T15:16:11Z</time>
        <hdop>4.4</hdop>
        <extensions>
          <osmand:speed>1.3</osmand:speed>
        </extensions>
      </trkpt>
      <trkpt lat="43.751506" lon="6.5683253">
        <ele>972</ele>
        <time>2026-07-19T15:16:16Z</time>
        <hdop>4.5</hdop>
        <extensions>
          <osmand:speed>1.3</osmand:speed>
        </extensions>
      </trkpt>
      <trkpt lat="43.7515488" lon="6.5683994">
        <ele>970.7</ele>
        <time>2026-07-19T15:16:22Z</time>
        <hdop>5</hdop>
        <extensions>
          <osmand:speed>1.4</osmand:speed>
        </extensions>
      </trkpt>
      <trkpt lat="43.7515941" lon="6.568443">
        <ele>969.7</ele>
        <time>2026-07-19T15:16:27Z</time>
        <hdop>4.9</hdop>
        <extensions>
          <osmand:speed>1.3</osmand:speed>
        </extensions>
      </trkpt>
      <trkpt lat="43.7516415" lon="6.5684873">
        <ele>969.4</ele>
        <time>2026-07-19T15:16:33Z</time>
        <hdop>4.9</hdop>
        <extensions>
          <osmand:speed>1.3</osmand:speed>
        </extensions>
      </trkpt>
      <trkpt lat="43.751631" lon="6.5685071">
        <ele>968.6</ele>
        <time>2026-07-19T15:16:38Z</time>
        <hdop>4.8</hdop>
        <extensions>
          <osmand:speed>0.2</osmand:speed>
        </extensions>
      </trkpt>
      <trkpt lat="43.7516313" lon="6.568499">
        <ele>968.9</ele>
        <time>2026-07-19T15:16:44Z</time>
        <hdop>4.5</hdop>
        <extensions>
          <osmand:speed>0.1</osmand:speed>
        </extensions>
      </trkpt>
      <trkpt lat="43.7516708" lon="6.5685221">
        <ele>968.5</ele>
        <time>2026-07-19T15:16:49Z</time>
        <hdop>4.7</hdop>
        <extensions>
          <osmand:speed>1.1</osmand:speed>
        </extensions>
      </trkpt>
      <trkpt lat="43.7517295" lon="6.5685689">
        <ele>967.2</ele>
        <time>2026-07-19T15:16:54Z</time>
        <hdop>5</hdop>
        <extensions>
          <osmand:speed>1.2</osmand:speed>
        </extensions>
      </trkpt>
      <trkpt lat="43.7517899" lon="6.5686181">
        <ele>967</ele>
        <time>2026-07-19T15:16:59Z</time>
        <hdop>4.9</hdop>
        <extensions>
          <osmand:speed>1.2</osmand:speed>
        </extensions>
      </trkpt>
      <trkpt lat="43.7518311" lon="6.5686628">
        <ele>966</ele>
        <time>2026-07-19T15:17:04Z</time>
        <hdop>5.1</hdop>
        <extensions>
          <osmand:speed>1.2</osmand:speed>
        </extensions>
      </trkpt>
      <trkpt lat="43.7518459" lon="6.5686976">
        <ele>965.5</ele>
        <time>2026-07-19T15:17:10Z</time>
        <hdop>4.9</hdop>
        <extensions>
          <osmand:speed>0.6</osmand:speed>
        </extensions>
      </trkpt>
      <trkpt lat="43.7518935" lon="6.568749">
        <ele>964.7</ele>
        <time>2026-07-19T15:17:15Z</time>
        <hdop>5.1</hdop>
        <extensions>
          <osmand:speed>1.1</osmand:speed>
        </extensions>
      </trkpt>
      <trkpt lat="43.7519496" lon="6.5687754">
        <ele>963.3</ele>
        <time>2026-07-19T15:17:21Z</time>
        <hdop>5.2</hdop>
        <extensions>
          <osmand:speed>1.2</osmand:speed>
        </extensions>
      </trkpt>
      <trkpt lat="43.7520153" lon="6.5687913">
        <ele>962.5</ele>
        <time>2026-07-19T15:17:26Z</time>
        <hdop>5.2</hdop>
        <extensions>
          <osmand:speed>1.3</osmand:speed>
        </extensions>
      </trkpt>
      <trkpt lat="43.7520755" lon="6.5687421">
        <ele>962</ele>
        <time>2026-07-19T15:17:32Z</time>
        <hdop>4.8</hdop>
        <extensions>
          <osmand:speed>1.2</osmand:speed>
        </extensions>
      </trkpt>
      <trkpt lat="43.7521286" lon="6.5686955">
        <ele>961</ele>
        <time>2026-07-19T15:17:37Z</time>
        <hdop>4.9</hdop>
        <extensions>
          <osmand:speed>1.3</osmand:speed>
        </extensions>
      </trkpt>
      <trkpt lat="43.7521655" lon="6.5686368">
        <ele>960.1</ele>
        <time>2026-07-19T15:17:43Z</time>
        <hdop>5.2</hdop>
        <extensions>
          <osmand:speed>0.9</osmand:speed>
        </extensions>
      </trkpt>
      <trkpt lat="43.7521597" lon="6.5686429">
        <ele>959.7</ele>
        <time>2026-07-19T15:17:48Z</time>
        <hdop>4.7</hdop>
        <extensions>
          <osmand:speed>0.2</osmand:speed>
        </extensions>
      </trkpt>
      <trkpt lat="43.7521649" lon="6.5686071">
        <ele>959.4</ele>
        <time>2026-07-19T15:17:53Z</time>
        <hdop>4.6</hdop>
        <extensions>
          <osmand:speed>0.9</osmand:speed>
        </extensions>
      </trkpt>
      <trkpt lat="43.7522249" lon="6.5685486">
        <ele>959</ele>
        <time>2026-07-19T15:17:59Z</time>
        <hdop>4.7</hdop>
        <extensions>
          <osmand:speed>1.2</osmand:speed>
        </extensions>
      </trkpt>
      <trkpt lat="43.7523073" lon="6.5685266">
        <ele>958.4</ele>
        <time>2026-07-19T15:18:04Z</time>
        <hdop>4.1</hdop>
        <extensions>
          <osmand:speed>1.2</osmand:speed>
        </extensions>
      </trkpt>
      <trkpt lat="43.7523831" lon="6.568517">
        <ele>957.4</ele>
        <time>2026-07-19T15:18:09Z</time>
        <hdop>3.8</hdop>
        <extensions>
          <osmand:speed>1.2</osmand:speed>
        </extensions>
      </trkpt>
      <trkpt lat="43.752445" lon="6.56851">
        <ele>956.1</ele>
        <time>2026-07-19T15:18:14Z</time>
        <hdop>4.5</hdop>
        <extensions>
          <osmand:speed>1.2</osmand:speed>
        </extensions>
      </trkpt>
      <trkpt lat="43.7525038" lon="6.5685338">
        <ele>954.4</ele>
        <time>2026-07-19T15:18:20Z</time>
        <hdop>4.7</hdop>
        <extensions>
          <osmand:speed>1</osmand:speed>
        </extensions>
      </trkpt>
      <trkpt lat="43.7524976" lon="6.5685353">
        <ele>954.2</ele>
        <time>2026-07-19T15:18:25Z</time>
        <hdop>3.4</hdop>
        <extensions>
          <osmand:speed>0.1</osmand:speed>
        </extensions>
      </trkpt>
      <trkpt lat="43.7524958" lon="6.5685398">
        <ele>954.3</ele>
        <time>2026-07-19T15:18:31Z</time>
        <hdop>3.3</hdop>
        <extensions>
          <osmand:speed>0.1</osmand:speed>
        </extensions>
      </trkpt>
      <trkpt lat="43.7524871" lon="6.5685471">
        <ele>954.9</ele>
        <time>2026-07-19T15:18:36Z</time>
        <hdop>3.5</hdop>
        <extensions>
          <osmand:speed>0.1</osmand:speed>
        </extensions>
      </trkpt>
      <trkpt lat="43.752481" lon="6.56855">
        <ele>954.9</ele>
        <time>2026-07-19T15:18:41Z</time>
        <hdop>3.7</hdop>
        <extensions>
          <osmand:speed>0.1</osmand:speed>
        </extensions>
      </trkpt>
      <trkpt lat="43.7524786" lon="6.5685518">
        <ele>954.2</ele>
        <time>2026-07-19T15:18:47Z</time>
        <hdop>3.4</hdop>
        <extensions>
          <osmand:speed>0</osmand:speed>
        </extensions>
      </trkpt>
      <trkpt lat="43.7524754" lon="6.5685554">
        <ele>954.2</ele>
        <time>2026-07-19T15:18:53Z</time>
        <hdop>3.2</hdop>
        <extensions>
          <osmand:speed>0.1</osmand:speed>
        </extensions>
      </trkpt>
      <trkpt lat="43.7524731" lon="6.5685579">
        <ele>954.6</ele>
        <time>2026-07-19T15:18:58Z</time>
        <hdop>3.2</hdop>
        <extensions>
          <osmand:speed>0.1</osmand:speed>
        </extensions>
      </trkpt>
      <trkpt lat="43.7524711" lon="6.568561">
        <ele>954.9</ele>
        <time>2026-07-19T15:19:04Z</time>
        <hdop>3.3</hdop>
        <extensions>
          <osmand:speed>0.1</osmand:speed>
        </extensions>
      </trkpt>
      <trkpt lat="43.7524692" lon="6.5685628">
        <ele>955</ele>
        <time>2026-07-19T15:19:10Z</time>
        <hdop>3.6</hdop>
        <extensions>
          <osmand:speed>0.1</osmand:speed>
        </extensions>
      </trkpt>
      <trkpt lat="43.7524679" lon="6.568564">
        <ele>954.5</ele>
        <time>2026-07-19T15:19:16Z</time>
        <hdop>3.8</hdop>
        <extensions>
          <osmand:speed>0.1</osmand:speed>
        </extensions>
      </trkpt>
      <trkpt lat="43.7524675" lon="6.568565">
        <ele>954.5</ele>
        <time>2026-07-19T15:19:22Z</time>
        <hdop>4</hdop>
        <extensions>
          <osmand:speed>0.1</osmand:speed>
        </extensions>
      </trkpt>
      <trkpt lat="43.7524708" lon="6.5685671">
        <ele>954.8</ele>
        <time>2026-07-19T15:19:27Z</time>
        <hdop>4.2</hdop>
        <extensions>
          <osmand:speed>0.3</osmand:speed>
        </extensions>
      </trkpt>
      <trkpt lat="43.7525182" lon="6.5685649">
        <ele>954.9</ele>
        <time>2026-07-19T15:19:33Z</time>
        <hdop>5.4</hdop>
        <extensions>
          <osmand:speed>1.2</osmand:speed>
        </extensions>
      </trkpt>
      <trkpt lat="43.7525804" lon="6.5685524">
        <ele>954.2</ele>
        <time>2026-07-19T15:19:38Z</time>
        <hdop>6.3</hdop>
        <extensions>
          <osmand:speed>1.3</osmand:speed>
        </extensions>
      </trkpt>
      <trkpt lat="43.7526474" lon="6.5685311">
        <ele>953.1</ele>
        <time>2026-07-19T15:19:43Z</time>
        <hdop>5.9</hdop>
        <extensions>
          <osmand:speed>1.3</osmand:speed>
        </extensions>
      </trkpt>
      <trkpt lat="43.7527073" lon="6.568479">
        <ele>952.2</ele>
        <time>2026-07-19T15:19:48Z</time>
        <hdop>5.6</hdop>
        <extensions>
          <osmand:speed>1.3</osmand:speed>
        </extensions>
      </trkpt>
      <trkpt lat="43.7527734" lon="6.5684512">
        <ele>952.3</ele>
        <time>2026-07-19T15:19:53Z</time>
        <hdop>5.5</hdop>
        <extensions>
          <osmand:speed>1.3</osmand:speed>
        </extensions>
      </trkpt>
      <trkpt lat="43.7528262" lon="6.5683804">
        <ele>951.3</ele>
        <time>2026-07-19T15:19:59Z</time>
        <hdop>5</hdop>
        <extensions>
          <osmand:speed>1.3</osmand:speed>
        </extensions>
      </trkpt>
      <trkpt lat="43.7528753" lon="6.5683344">
        <ele>950.8</ele>
        <time>2026-07-19T15:20:04Z</time>
        <hdop>4.8</hdop>
        <extensions>
          <osmand:speed>1.2</osmand:speed>
        </extensions>
      </trkpt>
      <trkpt lat="43.7529244" lon="6.568289">
        <ele>950.3</ele>
        <time>2026-07-19T15:20:09Z</time>
        <hdop>4.8</hdop>
        <extensions>
          <osmand:speed>1.3</osmand:speed>
        </extensions>
      </trkpt>
      <trkpt lat="43.7529911" lon="6.5682366">
        <ele>948.8</ele>
        <time>2026-07-19T15:20:15Z</time>
        <hdop>5.2</hdop>
        <extensions>
          <osmand:speed>1.4</osmand:speed>
        </extensions>
      </trkpt>
      <trkpt lat="43.7530555" lon="6.5681901">
        <ele>948.1</ele>
        <time>2026-07-19T15:20:20Z</time>
        <hdop>5.2</hdop>
        <extensions>
          <osmand:speed>1.4</osmand:speed>
        </extensions>
      </trkpt>
      <trkpt lat="43.7530998" lon="6.5681954">
        <ele>947.1</ele>
        <time>2026-07-19T15:20:26Z</time>
        <hdop>5</hdop>
        <extensions>
          <osmand:speed>0.5</osmand:speed>
        </extensions>
      </trkpt>
      <trkpt lat="43.7531011" lon="6.5681854">
        <ele>947.6</ele>
        <time>2026-07-19T15:20:32Z</time>
        <hdop>3.9</hdop>
        <extensions>
          <osmand:speed>0.7</osmand:speed>
        </extensions>
      </trkpt>
      <trkpt lat="43.7531718" lon="6.5681502">
        <ele>947.2</ele>
        <time>2026-07-19T15:20:37Z</time>
        <hdop>4.2</hdop>
        <extensions>
          <osmand:speed>1.3</osmand:speed>
        </extensions>
      </trkpt>
      <trkpt lat="43.7532221" lon="6.5681027">
        <ele>945.9</ele>
        <time>2026-07-19T15:20:42Z</time>
        <hdop>5.8</hdop>
        <extensions>
          <osmand:speed>1.3</osmand:speed>
        </extensions>
      </trkpt>
      <trkpt lat="43.7532627" lon="6.5680818">
        <ele>944.8</ele>
        <time>2026-07-19T15:20:47Z</time>
        <hdop>5.7</hdop>
        <extensions>
          <osmand:speed>1.3</osmand:speed>
        </extensions>
      </trkpt>
      <trkpt lat="43.7533092" lon="6.5681006">
        <ele>944</ele>
        <time>2026-07-19T15:20:52Z</time>
        <hdop>5.3</hdop>
        <extensions>
          <osmand:speed>1.3</osmand:speed>
        </extensions>
      </trkpt>
      <trkpt lat="43.7533631" lon="6.5680847">
        <ele>942.6</ele>
        <time>2026-07-19T15:20:58Z</time>
        <hdop>5.1</hdop>
        <extensions>
          <osmand:speed>1.3</osmand:speed>
        </extensions>
      </trkpt>
      <trkpt lat="43.7534004" lon="6.5680401">
        <ele>941.7</ele>
        <time>2026-07-19T15:21:03Z</time>
        <hdop>5.1</hdop>
        <extensions>
          <osmand:speed>1</osmand:speed>
        </extensions>
      </trkpt>
      <trkpt lat="43.7533946" lon="6.5680389">
        <ele>941.4</ele>
        <time>2026-07-19T15:21:08Z</time>
        <hdop>4.5</hdop>
        <extensions>
          <osmand:speed>0.1</osmand:speed>
        </extensions>
      </trkpt>
      <trkpt lat="43.7533917" lon="6.5680415">
        <ele>941.1</ele>
        <time>2026-07-19T15:21:13Z</time>
        <hdop>4.1</hdop>
        <extensions>
          <osmand:speed>0.1</osmand:speed>
        </extensions>
      </trkpt>
      <trkpt lat="43.7533943" lon="6.5680362">
        <ele>941.7</ele>
        <time>2026-07-19T15:21:19Z</time>
        <hdop>4</hdop>
        <extensions>
          <osmand:speed>0.3</osmand:speed>
        </extensions>
      </trkpt>
      <trkpt lat="43.7534542" lon="6.5679766">
        <ele>940.7</ele>
        <time>2026-07-19T15:21:24Z</time>
        <hdop>4.8</hdop>
        <extensions>
          <osmand:speed>1.3</osmand:speed>
        </extensions>
      </trkpt>
      <trkpt lat="43.7535014" lon="6.5678921">
        <ele>940.1</ele>
        <time>2026-07-19T15:21:29Z</time>
        <hdop>5</hdop>
        <extensions>
          <osmand:speed>1.3</osmand:speed>
        </extensions>
      </trkpt>
      <trkpt lat="43.7535643" lon="6.5678686">
        <ele>939.3</ele>
        <time>2026-07-19T15:21:34Z</time>
        <hdop>4.8</hdop>
        <extensions>
          <osmand:speed>1.3</osmand:speed>
        </extensions>
      </trkpt>
      <trkpt lat="43.7536198" lon="6.5678677">
        <ele>937.9</ele>
        <time>2026-07-19T15:21:40Z</time>
        <hdop>4.8</hdop>
        <extensions>
          <osmand:speed>1.2</osmand:speed>
        </extensions>
      </trkpt>
      <trkpt lat="43.7536748" lon="6.5678498">
        <ele>937</ele>
        <time>2026-07-19T15:21:45Z</time>
        <hdop>5.1</hdop>
        <extensions>
          <osmand:speed>1.3</osmand:speed>
        </extensions>
      </trkpt>
      <trkpt lat="43.7537022" lon="6.56779">
        <ele>936.4</ele>
        <time>2026-07-19T15:21:50Z</time>
        <hdop>5.4</hdop>
        <extensions>
          <osmand:speed>1.3</osmand:speed>
        </extensions>
      </trkpt>
      <trkpt lat="43.7537448" lon="6.5677357">
        <ele>935.8</ele>
        <time>2026-07-19T15:21:56Z</time>
        <hdop>5.3</hdop>
        <extensions>
          <osmand:speed>1.3</osmand:speed>
        </extensions>
      </trkpt>
      <trkpt lat="43.7537928" lon="6.5677178">
        <ele>935.7</ele>
        <time>2026-07-19T15:22:01Z</time>
        <hdop>5</hdop>
        <extensions>
          <osmand:speed>1.2</osmand:speed>
        </extensions>
      </trkpt>
      <trkpt lat="43.7538475" lon="6.5677322">
        <ele>935.2</ele>
        <time>2026-07-19T15:22:06Z</time>
        <hdop>5.2</hdop>
        <extensions>
          <osmand:speed>1.2</osmand:speed>
        </extensions>
      </trkpt>
      <trkpt lat="43.7538654" lon="6.5677299">
        <ele>934.7</ele>
        <time>2026-07-19T15:22:12Z</time>
        <hdop>4.9</hdop>
        <extensions>
          <osmand:speed>0.6</osmand:speed>
        </extensions>
      </trkpt>
      <trkpt lat="43.7538692" lon="6.5677501">
        <ele>935.4</ele>
        <time>2026-07-19T15:22:17Z</time>
        <hdop>4.9</hdop>
        <extensions>
          <osmand:speed>0.1</osmand:speed>
        </extensions>
      </trkpt>
      <trkpt lat="43.7539176" lon="6.56778">
        <ele>934.7</ele>
        <time>2026-07-19T15:22:23Z</time>
        <hdop>4.5</hdop>
        <extensions>
          <osmand:speed>1.2</osmand:speed>
        </extensions>
      </trkpt>
      <trkpt lat="43.7539728" lon="6.5678146">
        <ele>934.4</ele>
        <time>2026-07-19T15:22:28Z</time>
        <hdop>5.2</hdop>
        <extensions>
          <osmand:speed>1.2</osmand:speed>
        </extensions>
      </trkpt>
      <trkpt lat="43.7540291" lon="6.5678258">
        <ele>934</ele>
        <time>2026-07-19T15:22:34Z</time>
        <hdop>5.2</hdop>
        <extensions>
          <osmand:speed>1.3</osmand:speed>
        </extensions>
      </trkpt>
      <trkpt lat="43.7540931" lon="6.5678283">
        <ele>933</ele>
        <time>2026-07-19T15:22:39Z</time>
        <hdop>5</hdop>
        <extensions>
          <osmand:speed>1.3</osmand:speed>
        </extensions>
      </trkpt>
      <trkpt lat="43.7541552" lon="6.5677851">
        <ele>933.1</ele>
        <time>2026-07-19T15:22:44Z</time>
        <hdop>4.7</hdop>
        <extensions>
          <osmand:speed>1.2</osmand:speed>
        </extensions>
      </trkpt>
      <trkpt lat="43.7542129" lon="6.567689">
        <ele>932.2</ele>
        <time>2026-07-19T15:22:50Z</time>
        <hdop>5</hdop>
        <extensions>
          <osmand:speed>1.3</osmand:speed>
        </extensions>
      </trkpt>
      <trkpt lat="43.7542347" lon="6.5676677">
        <ele>932.2</ele>
        <time>2026-07-19T15:22:56Z</time>
        <hdop>4.9</hdop>
        <extensions>
          <osmand:speed>0.5</osmand:speed>
        </extensions>
      </trkpt>
      <trkpt lat="43.754234" lon="6.5676471">
        <ele>932</ele>
        <time>2026-07-19T15:23:01Z</time>
        <hdop>3.7</hdop>
        <extensions>
          <osmand:speed>0.1</osmand:speed>
        </extensions>
      </trkpt>
      <trkpt lat="43.7542311" lon="6.5676355">
        <ele>931.3</ele>
        <time>2026-07-19T15:23:07Z</time>
        <hdop>3.5</hdop>
        <extensions>
          <osmand:speed>0.3</osmand:speed>
        </extensions>
      </trkpt>
      <trkpt lat="43.7542771" lon="6.5675818">
        <ele>931.7</ele>
        <time>2026-07-19T15:23:12Z</time>
        <hdop>3.8</hdop>
        <extensions>
          <osmand:speed>1.2</osmand:speed>
        </extensions>
      </trkpt>
      <trkpt lat="43.7542962" lon="6.5674746">
        <ele>931.5</ele>
        <time>2026-07-19T15:23:17Z</time>
        <hdop>4.9</hdop>
        <extensions>
          <osmand:speed>1.3</osmand:speed>
        </extensions>
      </trkpt>
      <trkpt lat="43.7543032" lon="6.5673839">
        <ele>930.9</ele>
        <time>2026-07-19T15:23:22Z</time>
        <hdop>5.1</hdop>
        <extensions>
          <osmand:speed>1.4</osmand:speed>
        </extensions>
      </trkpt>
      <trkpt lat="43.7543338" lon="6.5673186">
        <ele>931.4</ele>
        <time>2026-07-19T15:23:28Z</time>
        <hdop>5</hdop>
        <extensions>
          <osmand:speed>0.9</osmand:speed>
        </extensions>
      </trkpt>
      <trkpt lat="43.7543603" lon="6.5673078">
        <ele>930.9</ele>
        <time>2026-07-19T15:23:33Z</time>
        <hdop>5</hdop>
        <extensions>
          <osmand:speed>0.4</osmand:speed>
        </extensions>
      </trkpt>
      <trkpt lat="43.754381" lon="6.5673166">
        <ele>930.4</ele>
        <time>2026-07-19T15:23:39Z</time>
        <hdop>4.5</hdop>
        <extensions>
          <osmand:speed>0.9</osmand:speed>
        </extensions>
      </trkpt>
      <trkpt lat="43.7544261" lon="6.5672748">
        <ele>931.3</ele>
        <time>2026-07-19T15:23:44Z</time>
        <hdop>4.3</hdop>
        <extensions>
          <osmand:speed>1</osmand:speed>
        </extensions>
      </trkpt>
      <trkpt lat="43.7544814" lon="6.5672106">
        <ele>930.4</ele>
        <time>2026-07-19T15:23:50Z</time>
        <hdop>4.9</hdop>
        <extensions>
          <osmand:speed>1.4</osmand:speed>
        </extensions>
      </trkpt>
      <trkpt lat="43.7545173" lon="6.5671406">
        <ele>930.7</ele>
        <time>2026-07-19T15:23:55Z</time>
        <hdop>5.1</hdop>
        <extensions>
          <osmand:speed>1.3</osmand:speed>
        </extensions>
      </trkpt>
      <trkpt lat="43.7545444" lon="6.5670683">
        <ele>930.6</ele>
        <time>2026-07-19T15:24:00Z</time>
        <hdop>4.1</hdop>
        <extensions>
          <osmand:speed>1.3</osmand:speed>
        </extensions>
      </trkpt>
      <trkpt lat="43.754582" lon="6.5669978">
        <ele>929.8</ele>
        <time>2026-07-19T15:24:06Z</time>
        <hdop>3</hdop>
        <extensions>
          <osmand:speed>1.3</osmand:speed>
        </extensions>
      </trkpt>
      <trkpt lat="43.7546329" lon="6.5669386">
        <ele>929.8</ele>
        <time>2026-07-19T15:24:11Z</time>
        <hdop>3.3</hdop>
        <extensions>
          <osmand:speed>1.4</osmand:speed>
        </extensions>
      </trkpt>
      <trkpt lat="43.7546802" lon="6.566902">
        <ele>929.8</ele>
        <time>2026-07-19T15:24:16Z</time>
        <hdop>3.2</hdop>
        <extensions>
          <osmand:speed>1.4</osmand:speed>
        </extensions>
      </trkpt>
      <trkpt lat="43.7546717" lon="6.5668187">
        <ele>928.7</ele>
        <time>2026-07-19T15:24:22Z</time>
        <hdop>3</hdop>
        <extensions>
          <osmand:speed>1.3</osmand:speed>
        </extensions>
      </trkpt>
      <trkpt lat="43.754704" lon="6.5667488">
        <ele>929.1</ele>
        <time>2026-07-19T15:24:27Z</time>
        <hdop>3</hdop>
        <extensions>
          <osmand:speed>1.4</osmand:speed>
        </extensions>
      </trkpt>
      <trkpt lat="43.7547543" lon="6.5666921">
        <ele>927.9</ele>
        <time>2026-07-19T15:24:33Z</time>
        <hdop>3.1</hdop>
        <extensions>
          <osmand:speed>1.3</osmand:speed>
        </extensions>
      </trkpt>
      <trkpt lat="43.7548104" lon="6.5666426">
        <ele>927.8</ele>
        <time>2026-07-19T15:24:38Z</time>
        <hdop>3.1</hdop>
        <extensions>
          <osmand:speed>1.3</osmand:speed>
        </extensions>
      </trkpt>
      <trkpt lat="43.7548581" lon="6.5666096">
        <ele>927.2</ele>
        <time>2026-07-19T15:24:43Z</time>
        <hdop>3.1</hdop>
        <extensions>
          <osmand:speed>1.3</osmand:speed>
        </extensions>
      </trkpt>
      <trkpt lat="43.7549134" lon="6.5665628">
        <ele>926.9</ele>
        <time>2026-07-19T15:24:49Z</time>
        <hdop>3</hdop>
        <extensions>
          <osmand:speed>1.4</osmand:speed>
        </extensions>
      </trkpt>
      <trkpt lat="43.7549475" lon="6.5664975">
        <ele>927.7</ele>
        <time>2026-07-19T15:24:54Z</time>
        <hdop>3</hdop>
        <extensions>
          <osmand:speed>1.3</osmand:speed>
        </extensions>
      </trkpt>
      <trkpt lat="43.7549631" lon="6.5664232">
        <ele>926.6</ele>
        <time>2026-07-19T15:24:59Z</time>
        <hdop>3</hdop>
        <extensions>
          <osmand:speed>1.3</osmand:speed>
        </extensions>
      </trkpt>
      <trkpt lat="43.7549773" lon="6.5663634">
        <ele>926.4</ele>
        <time>2026-07-19T15:25:04Z</time>
        <hdop>3.1</hdop>
        <extensions>
          <osmand:speed>1.1</osmand:speed>
        </extensions>
      </trkpt>
      <trkpt lat="43.7550288" lon="6.5663161">
        <ele>925.7</ele>
        <time>2026-07-19T15:25:10Z</time>
        <hdop>3</hdop>
        <extensions>
          <osmand:speed>1.2</osmand:speed>
        </extensions>
      </trkpt>
      <trkpt lat="43.7551028" lon="6.5662569">
        <ele>925.2</ele>
        <time>2026-07-19T15:25:16Z</time>
        <hdop>3</hdop>
        <extensions>
          <osmand:speed>1.3</osmand:speed>
        </extensions>
      </trkpt>
      <trkpt lat="43.755148" lon="6.5661779">
        <ele>925.5</ele>
        <time>2026-07-19T15:25:21Z</time>
        <hdop>3</hdop>
        <extensions>
          <osmand:speed>1.4</osmand:speed>
        </extensions>
      </trkpt>
      <trkpt lat="43.7551811" lon="6.5660917">
        <ele>925.5</ele>
        <time>2026-07-19T15:25:27Z</time>
        <hdop>3</hdop>
        <extensions>
          <osmand:speed>1.3</osmand:speed>
        </extensions>
      </trkpt>
      <trkpt lat="43.7551819" lon="6.5660109">
        <ele>924.8</ele>
        <time>2026-07-19T15:25:32Z</time>
        <hdop>3</hdop>
        <extensions>
          <osmand:speed>1.3</osmand:speed>
        </extensions>
      </trkpt>
      <trkpt lat="43.7551972" lon="6.5659229">
        <ele>924</ele>
        <time>2026-07-19T15:25:37Z</time>
        <hdop>4.1</hdop>
        <extensions>
          <osmand:speed>1.3</osmand:speed>
        </extensions>
      </trkpt>
      <trkpt lat="43.7552323" lon="6.5658486">
        <ele>923.5</ele>
        <time>2026-07-19T15:25:43Z</time>
        <hdop>4.7</hdop>
        <extensions>
          <osmand:speed>1.3</osmand:speed>
        </extensions>
      </trkpt>
      <trkpt lat="43.7552901" lon="6.5657887">
        <ele>923</ele>
        <time>2026-07-19T15:25:48Z</time>
        <hdop>5.1</hdop>
        <extensions>
          <osmand:speed>1.3</osmand:speed>
        </extensions>
      </trkpt>
      <trkpt lat="43.7553484" lon="6.5657505">
        <ele>922.8</ele>
        <time>2026-07-19T15:25:54Z</time>
        <hdop>5.2</hdop>
        <extensions>
          <osmand:speed>1.3</osmand:speed>
        </extensions>
      </trkpt>
      <trkpt lat="43.7553956" lon="6.5657026">
        <ele>921.6</ele>
        <time>2026-07-19T15:25:59Z</time>
        <hdop>5.3</hdop>
        <extensions>
          <osmand:speed>1.2</osmand:speed>
        </extensions>
      </trkpt>
      <trkpt lat="43.7554274" lon="6.5656686">
        <ele>921.3</ele>
        <time>2026-07-19T15:26:04Z</time>
        <hdop>5.2</hdop>
        <extensions>
          <osmand:speed>1.1</osmand:speed>
        </extensions>
      </trkpt>
      <trkpt lat="43.755435" lon="6.5656735">
        <ele>920.9</ele>
        <time>2026-07-19T15:26:09Z</time>
        <hdop>5</hdop>
        <extensions>
          <osmand:speed>0.2</osmand:speed>
        </extensions>
      </trkpt>
      <trkpt lat="43.7554261" lon="6.5656743">
        <ele>920.8</ele>
        <time>2026-07-19T15:26:15Z</time>
        <hdop>4.6</hdop>
        <extensions>
          <osmand:speed>0.2</osmand:speed>
        </extensions>
      </trkpt>
      <trkpt lat="43.755463" lon="6.5656338">
        <ele>920.8</ele>
        <time>2026-07-19T15:26:20Z</time>
        <hdop>4.6</hdop>
        <extensions>
          <osmand:speed>0.8</osmand:speed>
        </extensions>
      </trkpt>
      <trkpt lat="43.7555013" lon="6.5656026">
        <ele>920.8</ele>
        <time>2026-07-19T15:26:25Z</time>
        <hdop>5.2</hdop>
        <extensions>
          <osmand:speed>0.8</osmand:speed>
        </extensions>
      </trkpt>
      <trkpt lat="43.755489" lon="6.5655839">
        <ele>919.9</ele>
        <time>2026-07-19T15:26:30Z</time>
        <hdop>4.8</hdop>
        <extensions>
          <osmand:speed>0.2</osmand:speed>
        </extensions>
      </trkpt>
      <trkpt lat="43.755479" lon="6.5655881">
        <ele>920.2</ele>
        <time>2026-07-19T15:26:36Z</time>
        <hdop>3.5</hdop>
        <extensions>
          <osmand:speed>0.1</osmand:speed>
        </extensions>
      </trkpt>
      <trkpt lat="43.7554738" lon="6.5655859">
        <ele>920.5</ele>
        <time>2026-07-19T15:26:41Z</time>
        <hdop>3.5</hdop>
        <extensions>
          <osmand:speed>0.1</osmand:speed>
        </extensions>
      </trkpt>
      <trkpt lat="43.7554679" lon="6.5655849">
        <ele>920.3</ele>
        <time>2026-07-19T15:26:47Z</time>
        <hdop>3.3</hdop>
        <extensions>
          <osmand:speed>0</osmand:speed>
        </extensions>
      </trkpt>
      <trkpt lat="43.7554613" lon="6.5655823">
        <ele>920.2</ele>
        <time>2026-07-19T15:26:53Z</time>
        <hdop>3.2</hdop>
        <extensions>
          <osmand:speed>0.2</osmand:speed>
        </extensions>
      </trkpt>
      <trkpt lat="43.7554547" lon="6.5655853">
        <ele>919.7</ele>
        <time>2026-07-19T15:26:59Z</time>
        <hdop>3.7</hdop>
        <extensions>
          <osmand:speed>0.1</osmand:speed>
        </extensions>
      </trkpt>
      <trkpt lat="43.7554505" lon="6.5655877">
        <ele>920</ele>
        <time>2026-07-19T15:27:05Z</time>
        <hdop>4.1</hdop>
        <extensions>
          <osmand:speed>0.1</osmand:speed>
        </extensions>
      </trkpt>
      <trkpt lat="43.7554477" lon="6.5655914">
        <ele>919.8</ele>
        <time>2026-07-19T15:27:11Z</time>
        <hdop>4.2</hdop>
        <extensions>
          <osmand:speed>0.1</osmand:speed>
        </extensions>
      </trkpt>
      <trkpt lat="43.7554453" lon="6.5655941">
        <ele>919.6</ele>
        <time>2026-07-19T15:27:17Z</time>
        <hdop>4.2</hdop>
        <extensions>
          <osmand:speed>0.1</osmand:speed>
        </extensions>
      </trkpt>
      <trkpt lat="43.755442" lon="6.5655978">
        <ele>920</ele>
        <time>2026-07-19T15:27:23Z</time>
        <hdop>4.3</hdop>
        <extensions>
          <osmand:speed>0.2</osmand:speed>
        </extensions>
      </trkpt>
      <trkpt lat="43.7554414" lon="6.5655911">
        <ele>919.7</ele>
        <time>2026-07-19T15:27:28Z</time>
        <hdop>3.9</hdop>
        <extensions>
          <osmand:speed>0.1</osmand:speed>
        </extensions>
      </trkpt>
      <trkpt lat="43.7554396" lon="6.5655898">
        <ele>920.1</ele>
        <time>2026-07-19T15:27:34Z</time>
        <hdop>3.9</hdop>
        <extensions>
          <osmand:speed>0.1</osmand:speed>
        </extensions>
      </trkpt>
      <trkpt lat="43.755439" lon="6.5655906">
        <ele>919.7</ele>
        <time>2026-07-19T15:27:40Z</time>
        <hdop>3.7</hdop>
        <extensions>
          <osmand:speed>0.1</osmand:speed>
        </extensions>
      </trkpt>
      <trkpt lat="43.7554378" lon="6.5655913">
        <ele>919.9</ele>
        <time>2026-07-19T15:27:45Z</time>
        <hdop>3.5</hdop>
        <extensions>
          <osmand:speed>0.1</osmand:speed>
        </extensions>
      </trkpt>
      <trkpt lat="43.7554362" lon="6.5655919">
        <ele>919.7</ele>
        <time>2026-07-19T15:27:51Z</time>
        <hdop>3.6</hdop>
        <extensions>
          <osmand:speed>0.1</osmand:speed>
        </extensions>
      </trkpt>
      <trkpt lat="43.7554352" lon="6.5655925">
        <ele>919.4</ele>
        <time>2026-07-19T15:27:56Z</time>
        <hdop>3.8</hdop>
        <extensions>
          <osmand:speed>0.1</osmand:speed>
        </extensions>
      </trkpt>
      <trkpt lat="43.7554335" lon="6.5655932">
        <ele>919.4</ele>
        <time>2026-07-19T15:28:02Z</time>
        <hdop>4</hdop>
        <extensions>
          <osmand:speed>0.1</osmand:speed>
        </extensions>
      </trkpt>
      <trkpt lat="43.755437" lon="6.5655971">
        <ele>919.8</ele>
        <time>2026-07-19T15:28:07Z</time>
        <hdop>4.3</hdop>
        <extensions>
          <osmand:speed>0.1</osmand:speed>
        </extensions>
      </trkpt>
      <trkpt lat="43.7554329" lon="6.5656053">
        <ele>920.2</ele>
        <time>2026-07-19T15:28:13Z</time>
        <hdop>9.9</hdop>
      </trkpt>
      <trkpt lat="43.7554328" lon="6.5656054">
        <ele>920</ele>
        <time>2026-07-19T15:28:18Z</time>
        <hdop>9.9</hdop>
      </trkpt>
      <trkpt lat="43.7554327" lon="6.5656055">
        <ele>919.6</ele>
        <time>2026-07-19T15:28:24Z</time>
        <hdop>9.9</hdop>
      </trkpt>
      <trkpt lat="43.7554318" lon="6.5656034">
        <ele>919.3</ele>
        <time>2026-07-19T15:28:30Z</time>
        <hdop>9.9</hdop>
      </trkpt>
      <trkpt lat="43.7554317" lon="6.5656024">
        <ele>919.6</ele>
        <time>2026-07-19T15:28:36Z</time>
        <hdop>9.9</hdop>
      </trkpt>
      <trkpt lat="43.7554316" lon="6.5656023">
        <ele>919.9</ele>
        <time>2026-07-19T15:28:42Z</time>
        <hdop>9.9</hdop>
      </trkpt>
      <trkpt lat="43.7554289" lon="6.5655989">
        <ele>920</ele>
        <time>2026-07-19T15:28:48Z</time>
        <hdop>9.9</hdop>
      </trkpt>
      <trkpt lat="43.7554241" lon="6.5655914">
        <ele>919.8</ele>
        <time>2026-07-19T15:28:53Z</time>
        <hdop>9.9</hdop>
      </trkpt>
      <trkpt lat="43.7554229" lon="6.5655901">
        <ele>919.4</ele>
        <time>2026-07-19T15:28:59Z</time>
        <hdop>9.9</hdop>
      </trkpt>
      <trkpt lat="43.7554226" lon="6.5655899">
        <ele>919.8</ele>
        <time>2026-07-19T15:29:04Z</time>
        <hdop>9.9</hdop>
      </trkpt>
      <trkpt lat="43.7554224" lon="6.5655897">
        <ele>919.9</ele>
        <time>2026-07-19T15:29:10Z</time>
        <hdop>9.9</hdop>
      </trkpt>
      <trkpt lat="43.7554222" lon="6.5655888">
        <ele>919.9</ele>
        <time>2026-07-19T15:29:16Z</time>
        <hdop>9.9</hdop>
      </trkpt>
      <trkpt lat="43.755422" lon="6.5655891">
        <ele>919.6</ele>
        <time>2026-07-19T15:29:22Z</time>
        <hdop>9.9</hdop>
      </trkpt>
      <trkpt lat="43.7554217" lon="6.565589">
        <ele>919.8</ele>
        <time>2026-07-19T15:29:28Z</time>
        <hdop>9.9</hdop>
      </trkpt>
      <trkpt lat="43.7554159" lon="6.5655935">
        <ele>919.9</ele>
        <time>2026-07-19T15:29:33Z</time>
        <hdop>9.9</hdop>
      </trkpt>
      <trkpt lat="43.7554151" lon="6.5655942">
        <ele>920</ele>
        <time>2026-07-19T15:29:39Z</time>
        <hdop>9.9</hdop>
      </trkpt>
      <trkpt lat="43.7554151" lon="6.5655941">
        <ele>920</ele>
        <time>2026-07-19T15:29:45Z</time>
        <hdop>9.9</hdop>
      </trkpt>
      <trkpt lat="43.755415" lon="6.5655934">
        <ele>919.7</ele>
        <time>2026-07-19T15:29:51Z</time>
        <hdop>9.9</hdop>
      </trkpt>
      <trkpt lat="43.7554149" lon="6.565593">
        <ele>919.9</ele>
        <time>2026-07-19T15:29:57Z</time>
        <hdop>9.9</hdop>
      </trkpt>
      <trkpt lat="43.7554136" lon="6.5655936">
        <ele>919.9</ele>
        <time>2026-07-19T15:30:03Z</time>
        <hdop>9.9</hdop>
      </trkpt>
      <trkpt lat="43.7554135" lon="6.5655936">
        <ele>920</ele>
        <time>2026-07-19T15:30:09Z</time>
        <hdop>9.9</hdop>
      </trkpt>
      <trkpt lat="43.7554133" lon="6.5655933">
        <ele>920.5</ele>
        <time>2026-07-19T15:30:14Z</time>
        <hdop>9.9</hdop>
      </trkpt>
      <trkpt lat="43.7554122" lon="6.5655928">
        <ele>919.8</ele>
        <time>2026-07-19T15:30:20Z</time>
        <hdop>9.9</hdop>
        <extensions>
          <osmand:speed>0.2</osmand:speed>
        </extensions>
      </trkpt>
      <trkpt lat="43.7554131" lon="6.5655957">
        <ele>920</ele>
        <time>2026-07-19T15:30:26Z</time>
        <hdop>9.9</hdop>
      </trkpt>
      <trkpt lat="43.7554125" lon="6.5655976">
        <ele>920.1</ele>
        <time>2026-07-19T15:30:31Z</time>
        <hdop>9.9</hdop>
        <extensions>
          <osmand:speed>0.3</osmand:speed>
        </extensions>
      </trkpt>
      <trkpt lat="43.755421" lon="6.5655968">
        <ele>920.1</ele>
        <time>2026-07-19T15:30:37Z</time>
        <hdop>9.9</hdop>
      </trkpt>
      <trkpt lat="43.7554257" lon="6.5655839">
        <ele>919.9</ele>
        <time>2026-07-19T15:30:43Z</time>
        <hdop>6.2</hdop>
      </trkpt>
      <trkpt lat="43.7554247" lon="6.565587">
        <ele>919.9</ele>
        <time>2026-07-19T15:30:49Z</time>
        <hdop>3.8</hdop>
        <extensions>
          <osmand:speed>0.6</osmand:speed>
        </extensions>
      </trkpt>
      <trkpt lat="43.7554288" lon="6.5655942">
        <ele>919.3</ele>
        <time>2026-07-19T15:30:55Z</time>
        <hdop>3.8</hdop>
      </trkpt>
      <trkpt lat="43.7554287" lon="6.5655948">
        <ele>919</ele>
        <time>2026-07-19T15:31:00Z</time>
        <hdop>3.8</hdop>
      </trkpt>
      <trkpt lat="43.7554284" lon="6.5655949">
        <ele>919.6</ele>
        <time>2026-07-19T15:31:06Z</time>
        <hdop>3.8</hdop>
      </trkpt>
      <trkpt lat="43.7554283" lon="6.5655955">
        <ele>919.7</ele>
        <time>2026-07-19T15:31:12Z</time>
        <hdop>3.8</hdop>
      </trkpt>
      <trkpt lat="43.7554282" lon="6.5655957">
        <ele>919.7</ele>
        <time>2026-07-19T15:31:18Z</time>
        <hdop>3.8</hdop>
      </trkpt>
      <trkpt lat="43.7554285" lon="6.5655957">
        <ele>919.4</ele>
        <time>2026-07-19T15:31:23Z</time>
        <hdop>3.8</hdop>
      </trkpt>
      <trkpt lat="43.7554286" lon="6.5655957">
        <ele>919.6</ele>
        <time>2026-07-19T15:31:29Z</time>
        <hdop>3.8</hdop>
      </trkpt>
      <trkpt lat="43.7554289" lon="6.5655959">
        <ele>919.9</ele>
        <time>2026-07-19T15:31:35Z</time>
        <hdop>3.8</hdop>
      </trkpt>
      <trkpt lat="43.7554291" lon="6.5655975">
        <ele>919.9</ele>
        <time>2026-07-19T15:31:41Z</time>
        <hdop>3.8</hdop>
      </trkpt>
      <trkpt lat="43.7554292" lon="6.5656008">
        <ele>919.5</ele>
        <time>2026-07-19T15:31:46Z</time>
        <hdop>3.8</hdop>
      </trkpt>
      <trkpt lat="43.7554296" lon="6.5656013">
        <ele>919.4</ele>
        <time>2026-07-19T15:31:52Z</time>
        <hdop>3.8</hdop>
      </trkpt>
      <trkpt lat="43.7554294" lon="6.5656032">
        <ele>919.4</ele>
        <time>2026-07-19T15:31:57Z</time>
        <hdop>3.8</hdop>
      </trkpt>
      <trkpt lat="43.7554295" lon="6.5656036">
        <ele>919</ele>
        <time>2026-07-19T15:32:03Z</time>
        <hdop>3.8</hdop>
      </trkpt>
      <trkpt lat="43.7554223" lon="6.5656086">
        <ele>919.5</ele>
        <time>2026-07-19T15:32:08Z</time>
        <hdop>3.8</hdop>
        <extensions>
          <osmand:speed>0.2</osmand:speed>
        </extensions>
      </trkpt>
      <trkpt lat="43.7554252" lon="6.5656077">
        <ele>920.5</ele>
        <time>2026-07-19T15:32:14Z</time>
        <hdop>3.8</hdop>
      </trkpt>
      <trkpt lat="43.7554262" lon="6.5656027">
        <ele>920.9</ele>
        <time>2026-07-19T15:32:20Z</time>
        <hdop>3.8</hdop>
      </trkpt>
      <trkpt lat="43.7554263" lon="6.5656026">
        <ele>920.9</ele>
        <time>2026-07-19T15:32:25Z</time>
        <hdop>3.8</hdop>
      </trkpt>
      <trkpt lat="43.7554488" lon="6.5656326">
        <ele>920.2</ele>
        <time>2026-07-19T15:32:31Z</time>
        <hdop>3.8</hdop>
        <extensions>
          <osmand:speed>0.9</osmand:speed>
        </extensions>
      </trkpt>
      <trkpt lat="43.7554538" lon="6.5656252">
        <ele>919.9</ele>
        <time>2026-07-19T15:32:37Z</time>
        <hdop>3.8</hdop>
      </trkpt>
      <trkpt lat="43.755454" lon="6.5656245">
        <ele>918.3</ele>
        <time>2026-07-19T15:32:42Z</time>
        <hdop>3.8</hdop>
      </trkpt>
      <trkpt lat="43.7554541" lon="6.5656243">
        <ele>919.9</ele>
        <time>2026-07-19T15:32:48Z</time>
        <hdop>3.8</hdop>
      </trkpt>
      <trkpt lat="43.7554681" lon="6.5656312">
        <ele>919.5</ele>
        <time>2026-07-19T15:32:54Z</time>
        <hdop>3.8</hdop>
        <extensions>
          <osmand:speed>0.7</osmand:speed>
        </extensions>
      </trkpt>
      <trkpt lat="43.7555035" lon="6.5656497">
        <ele>919.5</ele>
        <time>2026-07-19T15:33:00Z</time>
        <hdop>3.8</hdop>
        <extensions>
          <osmand:speed>0.6</osmand:speed>
        </extensions>
      </trkpt>
      <trkpt lat="43.7555242" lon="6.5656909">
        <ele>919.5</ele>
        <time>2026-07-19T15:33:05Z</time>
        <hdop>3.8</hdop>
        <extensions>
          <osmand:speed>0.9</osmand:speed>
        </extensions>
      </trkpt>
      <trkpt lat="43.7555318" lon="6.5657175">
        <ele>917.9</ele>
        <time>2026-07-19T15:33:11Z</time>
        <hdop>3.8</hdop>
      </trkpt>
      <trkpt lat="43.7555343" lon="6.5657268">
        <ele>919.2</ele>
        <time>2026-07-19T15:33:17Z</time>
        <hdop>3.8</hdop>
      </trkpt>
      <trkpt lat="43.7555322" lon="6.5657271">
        <ele>917.3</ele>
        <time>2026-07-19T15:33:23Z</time>
        <hdop>3.8</hdop>
      </trkpt>
      <trkpt lat="43.7555329" lon="6.565729">
        <ele>918.2</ele>
        <time>2026-07-19T15:33:28Z</time>
        <hdop>3.8</hdop>
      </trkpt>
      <trkpt lat="43.7555322" lon="6.56573">
        <ele>916.2</ele>
        <time>2026-07-19T15:33:34Z</time>
        <hdop>3.8</hdop>
      </trkpt>
      <trkpt lat="43.7555313" lon="6.5657298">
        <ele>915</ele>
        <time>2026-07-19T15:33:39Z</time>
        <hdop>3.8</hdop>
      </trkpt>
      <trkpt lat="43.7555293" lon="6.5657304">
        <ele>915.5</ele>
        <time>2026-07-19T15:33:45Z</time>
        <hdop>3.8</hdop>
      </trkpt>
      <trkpt lat="43.7555281" lon="6.5657312">
        <ele>915.3</ele>
        <time>2026-07-19T15:33:51Z</time>
        <hdop>3.8</hdop>
      </trkpt>
      <trkpt lat="43.7555265" lon="6.5657313">
        <ele>915.6</ele>
        <time>2026-07-19T15:33:57Z</time>
        <hdop>3.8</hdop>
      </trkpt>
      <trkpt lat="43.7555273" lon="6.5657311">
        <ele>915.4</ele>
        <time>2026-07-19T15:34:03Z</time>
        <hdop>3.8</hdop>
      </trkpt>
      <trkpt lat="43.7555289" lon="6.565731">
        <ele>915.1</ele>
        <time>2026-07-19T15:34:09Z</time>
        <hdop>3.8</hdop>
      </trkpt>
      <trkpt lat="43.7555296" lon="6.5657304">
        <ele>915.4</ele>
        <time>2026-07-19T15:34:15Z</time>
        <hdop>3.8</hdop>
      </trkpt>
      <trkpt lat="43.7555285" lon="6.5657272">
        <ele>915.3</ele>
        <time>2026-07-19T15:34:21Z</time>
        <hdop>3.8</hdop>
      </trkpt>
      <trkpt lat="43.7555285" lon="6.5657273">
        <ele>915.3</ele>
        <time>2026-07-19T15:34:26Z</time>
        <hdop>3.8</hdop>
      </trkpt>
      <trkpt lat="43.7555296" lon="6.5657274">
        <ele>915</ele>
        <time>2026-07-19T15:34:32Z</time>
        <hdop>3.8</hdop>
      </trkpt>
      <trkpt lat="43.7555301" lon="6.5657283">
        <ele>914.8</ele>
        <time>2026-07-19T15:34:37Z</time>
        <hdop>3.8</hdop>
      </trkpt>
      <trkpt lat="43.7555313" lon="6.5657302">
        <ele>915.2</ele>
        <time>2026-07-19T15:34:43Z</time>
        <hdop>3.8</hdop>
      </trkpt>
      <trkpt lat="43.7555318" lon="6.5657309">
        <ele>915</ele>
        <time>2026-07-19T15:34:49Z</time>
        <hdop>3.8</hdop>
      </trkpt>
      <trkpt lat="43.7555313" lon="6.5657306">
        <ele>914.9</ele>
        <time>2026-07-19T15:34:54Z</time>
        <hdop>3.8</hdop>
      </trkpt>
      <trkpt lat="43.7555318" lon="6.5657312">
        <ele>915</ele>
        <time>2026-07-19T15:35:00Z</time>
        <hdop>3.8</hdop>
      </trkpt>
      <trkpt lat="43.7555332" lon="6.5657324">
        <ele>914.8</ele>
        <time>2026-07-19T15:35:06Z</time>
        <hdop>3.8</hdop>
      </trkpt>
      <trkpt lat="43.7555351" lon="6.5657338">
        <ele>915.5</ele>
        <time>2026-07-19T15:35:12Z</time>
        <hdop>3.8</hdop>
      </trkpt>
      <trkpt lat="43.7555367" lon="6.565735">
        <ele>915.3</ele>
        <time>2026-07-19T15:35:17Z</time>
        <hdop>3.8</hdop>
      </trkpt>
      <trkpt lat="43.7555382" lon="6.5657361">
        <ele>915.1</ele>
        <time>2026-07-19T15:35:23Z</time>
        <hdop>3.8</hdop>
      </trkpt>
      <trkpt lat="43.7555399" lon="6.565737">
        <ele>915.2</ele>
        <time>2026-07-19T15:35:28Z</time>
        <hdop>3.8</hdop>
      </trkpt>
      <trkpt lat="43.7555405" lon="6.5657373">
        <ele>914.8</ele>
        <time>2026-07-19T15:35:34Z</time>
        <hdop>3.8</hdop>
      </trkpt>
      <trkpt lat="43.7555408" lon="6.5657374">
        <ele>915.1</ele>
        <time>2026-07-19T15:35:40Z</time>
        <hdop>3.8</hdop>
      </trkpt>
      <trkpt lat="43.7555408" lon="6.5657367">
        <ele>915.2</ele>
        <time>2026-07-19T15:35:45Z</time>
        <hdop>3.8</hdop>
      </trkpt>
      <trkpt lat="43.7555412" lon="6.5657366">
        <ele>915.2</ele>
        <time>2026-07-19T15:35:51Z</time>
        <hdop>3.8</hdop>
      </trkpt>
      <trkpt lat="43.7555409" lon="6.5657368">
        <ele>915.3</ele>
        <time>2026-07-19T15:35:56Z</time>
        <hdop>3.8</hdop>
      </trkpt>
      <trkpt lat="43.7555406" lon="6.5657364">
        <ele>915.2</ele>
        <time>2026-07-19T15:36:02Z</time>
        <hdop>3.8</hdop>
      </trkpt>
      <trkpt lat="43.7555417" lon="6.5657367">
        <ele>915.3</ele>
        <time>2026-07-19T15:36:08Z</time>
        <hdop>3.8</hdop>
      </trkpt>
      <trkpt lat="43.7555426" lon="6.565738">
        <ele>915</ele>
        <time>2026-07-19T15:36:14Z</time>
        <hdop>3.8</hdop>
      </trkpt>
      <trkpt lat="43.7555432" lon="6.5657391">
        <ele>914.9</ele>
        <time>2026-07-19T15:36:20Z</time>
        <hdop>3.8</hdop>
      </trkpt>
      <trkpt lat="43.755543" lon="6.5657406">
        <ele>915.3</ele>
        <time>2026-07-19T15:36:26Z</time>
        <hdop>3.8</hdop>
      </trkpt>
      <trkpt lat="43.7555425" lon="6.5657415">
        <ele>914.8</ele>
        <time>2026-07-19T15:36:32Z</time>
        <hdop>3.8</hdop>
      </trkpt>
      <trkpt lat="43.7555415" lon="6.5657413">
        <ele>915.2</ele>
        <time>2026-07-19T15:36:38Z</time>
        <hdop>3.8</hdop>
      </trkpt>
      <trkpt lat="43.7555408" lon="6.5657413">
        <ele>915.1</ele>
        <time>2026-07-19T15:36:44Z</time>
        <hdop>3.8</hdop>
      </trkpt>
      <trkpt lat="43.7555396" lon="6.565741">
        <ele>915.2</ele>
        <time>2026-07-19T15:36:49Z</time>
        <hdop>3.8</hdop>
      </trkpt>
      <trkpt lat="43.755538" lon="6.5657405">
        <ele>915.4</ele>
        <time>2026-07-19T15:36:55Z</time>
        <hdop>3.8</hdop>
      </trkpt>
      <trkpt lat="43.7555366" lon="6.5657402">
        <ele>914.9</ele>
        <time>2026-07-19T15:37:01Z</time>
        <hdop>3.8</hdop>
      </trkpt>
      <trkpt lat="43.7555358" lon="6.5657402">
        <ele>915</ele>
        <time>2026-07-19T15:37:06Z</time>
        <hdop>3.8</hdop>
      </trkpt>
      <trkpt lat="43.7555355" lon="6.5657404">
        <ele>915</ele>
        <time>2026-07-19T15:37:12Z</time>
        <hdop>3.8</hdop>
      </trkpt>
      <trkpt lat="43.7555352" lon="6.5657405">
        <ele>915.1</ele>
        <time>2026-07-19T15:37:17Z</time>
        <hdop>3.8</hdop>
      </trkpt>
      <trkpt lat="43.755535" lon="6.5657404">
        <ele>915.5</ele>
        <time>2026-07-19T15:37:23Z</time>
        <hdop>3.8</hdop>
      </trkpt>
      <trkpt lat="43.7555348" lon="6.5657404">
        <ele>914.8</ele>
        <time>2026-07-19T15:37:29Z</time>
        <hdop>3.8</hdop>
      </trkpt>
      <trkpt lat="43.7555352" lon="6.5657405">
        <ele>915.1</ele>
        <time>2026-07-19T15:37:35Z</time>
        <hdop>3.8</hdop>
      </trkpt>
      <trkpt lat="43.7555356" lon="6.5657404">
        <ele>915.2</ele>
        <time>2026-07-19T15:37:41Z</time>
        <hdop>3.8</hdop>
      </trkpt>
      <trkpt lat="43.7555357" lon="6.5657402">
        <ele>915.1</ele>
        <time>2026-07-19T15:37:47Z</time>
        <hdop>3.8</hdop>
      </trkpt>
      <trkpt lat="43.7555355" lon="6.5657394">
        <ele>915.6</ele>
        <time>2026-07-19T15:37:52Z</time>
        <hdop>3.8</hdop>
      </trkpt>
      <trkpt lat="43.7555357" lon="6.5657385">
        <ele>915</ele>
        <time>2026-07-19T15:37:58Z</time>
        <hdop>3.8</hdop>
      </trkpt>
      <trkpt lat="43.755536" lon="6.5657383">
        <ele>915.5</ele>
        <time>2026-07-19T15:38:04Z</time>
        <hdop>3.8</hdop>
      </trkpt>
      <trkpt lat="43.7555364" lon="6.5657379">
        <ele>915.3</ele>
        <time>2026-07-19T15:38:10Z</time>
        <hdop>3.8</hdop>
      </trkpt>
      <trkpt lat="43.7555362" lon="6.5657376">
        <ele>915.4</ele>
        <time>2026-07-19T15:38:15Z</time>
        <hdop>3.8</hdop>
      </trkpt>
      <trkpt lat="43.7555362" lon="6.5657373">
        <ele>915.9</ele>
        <time>2026-07-19T15:38:21Z</time>
        <hdop>3.8</hdop>
      </trkpt>
      <trkpt lat="43.7555362" lon="6.5657367">
        <ele>915.5</ele>
        <time>2026-07-19T15:38:26Z</time>
        <hdop>3.8</hdop>
      </trkpt>
      <trkpt lat="43.7555367" lon="6.5657362">
        <ele>915.5</ele>
        <time>2026-07-19T15:38:32Z</time>
        <hdop>3.8</hdop>
      </trkpt>
      <trkpt lat="43.7555374" lon="6.5657365">
        <ele>916.1</ele>
        <time>2026-07-19T15:38:38Z</time>
        <hdop>3.8</hdop>
      </trkpt>
      <trkpt lat="43.7555375" lon="6.5657363">
        <ele>915.3</ele>
        <time>2026-07-19T15:38:43Z</time>
        <hdop>3.8</hdop>
      </trkpt>
      <trkpt lat="43.7555374" lon="6.5657367">
        <ele>915.5</ele>
        <time>2026-07-19T15:38:49Z</time>
        <hdop>3.8</hdop>
      </trkpt>
      <trkpt lat="43.7555371" lon="6.5657369">
        <ele>915.4</ele>
        <time>2026-07-19T15:38:55Z</time>
        <hdop>3.8</hdop>
      </trkpt>
      <trkpt lat="43.7555367" lon="6.565737">
        <ele>915.4</ele>
        <time>2026-07-19T15:39:01Z</time>
        <hdop>3.8</hdop>
      </trkpt>
      <trkpt lat="43.7555365" lon="6.5657364">
        <ele>916</ele>
        <time>2026-07-19T15:39:07Z</time>
        <hdop>3.8</hdop>
      </trkpt>
      <trkpt lat="43.7555361" lon="6.5657359">
        <ele>915.8</ele>
        <time>2026-07-19T15:39:13Z</time>
        <hdop>3.8</hdop>
      </trkpt>
      <trkpt lat="43.7555357" lon="6.5657356">
        <ele>916.2</ele>
        <time>2026-07-19T15:39:19Z</time>
        <hdop>3.8</hdop>
      </trkpt>
      <trkpt lat="43.7555357" lon="6.5657357">
        <ele>915.5</ele>
        <time>2026-07-19T15:39:25Z</time>
        <hdop>3.8</hdop>
      </trkpt>
      <trkpt lat="43.7555358" lon="6.5657358">
        <ele>915.6</ele>
        <time>2026-07-19T15:39:31Z</time>
        <hdop>3.8</hdop>
      </trkpt>
      <trkpt lat="43.7555356" lon="6.5657357">
        <ele>916.1</ele>
        <time>2026-07-19T15:39:36Z</time>
        <hdop>3.8</hdop>
      </trkpt>
      <trkpt lat="43.7555347" lon="6.5657354">
        <ele>915.6</ele>
        <time>2026-07-19T15:39:42Z</time>
        <hdop>3.8</hdop>
      </trkpt>
      <trkpt lat="43.7555344" lon="6.5657344">
        <ele>915.8</ele>
        <time>2026-07-19T15:39:48Z</time>
        <hdop>3</hdop>
        <extensions>
          <osmand:speed>0.1</osmand:speed>
        </extensions>
      </trkpt>
      <trkpt lat="43.7555341" lon="6.5657338">
        <ele>914.9</ele>
        <time>2026-07-19T15:39:53Z</time>
        <hdop>3</hdop>
        <extensions>
          <osmand:speed>0.1</osmand:speed>
        </extensions>
      </trkpt>
      <trkpt lat="43.7555327" lon="6.5657336">
        <ele>914.7</ele>
        <time>2026-07-19T15:39:59Z</time>
        <hdop>3</hdop>
        <extensions>
          <osmand:speed>0.1</osmand:speed>
        </extensions>
      </trkpt>
      <trkpt lat="43.7555315" lon="6.565733">
        <ele>915.5</ele>
        <time>2026-07-19T15:40:05Z</time>
        <hdop>3</hdop>
        <extensions>
          <osmand:speed>0.1</osmand:speed>
        </extensions>
      </trkpt>
      <trkpt lat="43.7555302" lon="6.5657328">
        <ele>915.2</ele>
        <time>2026-07-19T15:40:11Z</time>
        <hdop>3</hdop>
        <extensions>
          <osmand:speed>0.1</osmand:speed>
        </extensions>
      </trkpt>
      <trkpt lat="43.7555289" lon="6.5657337">
        <ele>915.8</ele>
        <time>2026-07-19T15:40:17Z</time>
        <hdop>3</hdop>
        <extensions>
          <osmand:speed>0.1</osmand:speed>
        </extensions>
      </trkpt>
      <trkpt lat="43.7555281" lon="6.5657347">
        <ele>915.3</ele>
        <time>2026-07-19T15:40:22Z</time>
        <hdop>3</hdop>
        <extensions>
          <osmand:speed>0.1</osmand:speed>
        </extensions>
      </trkpt>
      <trkpt lat="43.7555274" lon="6.5657355">
        <ele>915.9</ele>
        <time>2026-07-19T15:40:28Z</time>
        <hdop>3</hdop>
        <extensions>
          <osmand:speed>0.1</osmand:speed>
        </extensions>
      </trkpt>
      <trkpt lat="43.7555267" lon="6.5657356">
        <ele>917.3</ele>
        <time>2026-07-19T15:40:34Z</time>
        <hdop>3</hdop>
        <extensions>
          <osmand:speed>0.1</osmand:speed>
        </extensions>
      </trkpt>
      <trkpt lat="43.7555258" lon="6.5657357">
        <ele>916.5</ele>
        <time>2026-07-19T15:40:39Z</time>
        <hdop>3</hdop>
        <extensions>
          <osmand:speed>0.1</osmand:speed>
        </extensions>
      </trkpt>
      <trkpt lat="43.7555249" lon="6.5657358">
        <ele>916.8</ele>
        <time>2026-07-19T15:40:45Z</time>
        <hdop>3</hdop>
        <extensions>
          <osmand:speed>0.1</osmand:speed>
        </extensions>
      </trkpt>
      <trkpt lat="43.7555248" lon="6.565736">
        <ele>915.3</ele>
        <time>2026-07-19T15:40:51Z</time>
        <hdop>3</hdop>
        <extensions>
          <osmand:speed>0.1</osmand:speed>
        </extensions>
      </trkpt>
      <trkpt lat="43.7555252" lon="6.5657349">
        <ele>917.4</ele>
        <time>2026-07-19T15:40:57Z</time>
        <hdop>3</hdop>
        <extensions>
          <osmand:speed>0.1</osmand:speed>
        </extensions>
      </trkpt>
      <trkpt lat="43.7555253" lon="6.5657346">
        <ele>917.3</ele>
        <time>2026-07-19T15:41:03Z</time>
        <hdop>3</hdop>
        <extensions>
          <osmand:speed>0.1</osmand:speed>
        </extensions>
      </trkpt>
      <trkpt lat="43.7555248" lon="6.5657347">
        <ele>916.4</ele>
        <time>2026-07-19T15:41:09Z</time>
        <hdop>3</hdop>
        <extensions>
          <osmand:speed>0.1</osmand:speed>
        </extensions>
      </trkpt>
      <trkpt lat="43.7555242" lon="6.5657351">
        <ele>916.6</ele>
        <time>2026-07-19T15:41:15Z</time>
        <hdop>3</hdop>
        <extensions>
          <osmand:speed>0.1</osmand:speed>
        </extensions>
      </trkpt>
      <trkpt lat="43.7555237" lon="6.5657351">
        <ele>915.1</ele>
        <time>2026-07-19T15:41:21Z</time>
        <hdop>3</hdop>
        <extensions>
          <osmand:speed>0.1</osmand:speed>
        </extensions>
      </trkpt>
      <trkpt lat="43.7555231" lon="6.565735">
        <ele>917</ele>
        <time>2026-07-19T15:41:27Z</time>
        <hdop>3</hdop>
        <extensions>
          <osmand:speed>0.1</osmand:speed>
        </extensions>
      </trkpt>
      <trkpt lat="43.7555233" lon="6.5657357">
        <ele>917</ele>
        <time>2026-07-19T15:41:33Z</time>
        <hdop>3</hdop>
        <extensions>
          <osmand:speed>0.1</osmand:speed>
        </extensions>
      </trkpt>
      <trkpt lat="43.7555237" lon="6.5657364">
        <ele>916.7</ele>
        <time>2026-07-19T15:41:39Z</time>
        <hdop>3</hdop>
        <extensions>
          <osmand:speed>0.1</osmand:speed>
        </extensions>
      </trkpt>
      <trkpt lat="43.7555244" lon="6.5657368">
        <ele>917</ele>
        <time>2026-07-19T15:41:45Z</time>
        <hdop>3</hdop>
        <extensions>
          <osmand:speed>0.1</osmand:speed>
        </extensions>
      </trkpt>
      <trkpt lat="43.7555247" lon="6.5657375">
        <ele>917</ele>
        <time>2026-07-19T15:41:50Z</time>
        <hdop>3</hdop>
        <extensions>
          <osmand:speed>0.1</osmand:speed>
        </extensions>
      </trkpt>
      <trkpt lat="43.7555254" lon="6.5657382">
        <ele>917</ele>
        <time>2026-07-19T15:41:56Z</time>
        <hdop>3</hdop>
        <extensions>
          <osmand:speed>0.1</osmand:speed>
        </extensions>
      </trkpt>
      <trkpt lat="43.7555259" lon="6.5657382">
        <ele>916.9</ele>
        <time>2026-07-19T15:42:01Z</time>
        <hdop>3</hdop>
        <extensions>
          <osmand:speed>0.1</osmand:speed>
        </extensions>
      </trkpt>
      <trkpt lat="43.7555263" lon="6.565738">
        <ele>916.8</ele>
        <time>2026-07-19T15:42:06Z</time>
        <hdop>3</hdop>
        <extensions>
          <osmand:speed>0.1</osmand:speed>
        </extensions>
      </trkpt>
      <trkpt lat="43.7555264" lon="6.5657379">
        <ele>916.8</ele>
        <time>2026-07-19T15:42:11Z</time>
        <hdop>3</hdop>
        <extensions>
          <osmand:speed>0.1</osmand:speed>
        </extensions>
      </trkpt>
      <trkpt lat="43.7555262" lon="6.5657382">
        <ele>916.7</ele>
        <time>2026-07-19T15:42:17Z</time>
        <hdop>3</hdop>
        <extensions>
          <osmand:speed>0.1</osmand:speed>
        </extensions>
      </trkpt>
      <trkpt lat="43.7555256" lon="6.5657381">
        <ele>916.8</ele>
        <time>2026-07-19T15:42:23Z</time>
        <hdop>3</hdop>
        <extensions>
          <osmand:speed>0.1</osmand:speed>
        </extensions>
      </trkpt>
      <trkpt lat="43.7555254" lon="6.5657383">
        <ele>916.6</ele>
        <time>2026-07-19T15:42:28Z</time>
        <hdop>3</hdop>
        <extensions>
          <osmand:speed>0.1</osmand:speed>
        </extensions>
      </trkpt>
      <trkpt lat="43.7555254" lon="6.5657382">
        <ele>916.8</ele>
        <time>2026-07-19T15:42:34Z</time>
        <hdop>3</hdop>
        <extensions>
          <osmand:speed>0.1</osmand:speed>
        </extensions>
      </trkpt>
      <trkpt lat="43.7555256" lon="6.565739">
        <ele>917</ele>
        <time>2026-07-19T15:42:40Z</time>
        <hdop>3</hdop>
        <extensions>
          <osmand:speed>0.1</osmand:speed>
        </extensions>
      </trkpt>
      <trkpt lat="43.755526" lon="6.5657389">
        <ele>917</ele>
        <time>2026-07-19T15:42:46Z</time>
        <hdop>3</hdop>
        <extensions>
          <osmand:speed>0.1</osmand:speed>
        </extensions>
      </trkpt>
      <trkpt lat="43.7555268" lon="6.5657392">
        <ele>917.1</ele>
        <time>2026-07-19T15:42:52Z</time>
        <hdop>3</hdop>
        <extensions>
          <osmand:speed>0.1</osmand:speed>
        </extensions>
      </trkpt>
      <trkpt lat="43.7555273" lon="6.5657393">
        <ele>917</ele>
        <time>2026-07-19T15:42:58Z</time>
        <hdop>3</hdop>
        <extensions>
          <osmand:speed>0.1</osmand:speed>
        </extensions>
      </trkpt>
      <trkpt lat="43.7555273" lon="6.5657399">
        <ele>917</ele>
        <time>2026-07-19T15:43:04Z</time>
        <hdop>3</hdop>
        <extensions>
          <osmand:speed>0.1</osmand:speed>
        </extensions>
      </trkpt>
      <trkpt lat="43.7555275" lon="6.5657407">
        <ele>917</ele>
        <time>2026-07-19T15:43:10Z</time>
        <hdop>3</hdop>
        <extensions>
          <osmand:speed>0.1</osmand:speed>
        </extensions>
      </trkpt>
      <trkpt lat="43.7555276" lon="6.5657411">
        <ele>916.8</ele>
        <time>2026-07-19T15:43:15Z</time>
        <hdop>3</hdop>
        <extensions>
          <osmand:speed>0.1</osmand:speed>
        </extensions>
      </trkpt>
      <trkpt lat="43.7555274" lon="6.5657417">
        <ele>916.7</ele>
        <time>2026-07-19T15:43:21Z</time>
        <hdop>3</hdop>
        <extensions>
          <osmand:speed>0.1</osmand:speed>
        </extensions>
      </trkpt>
      <trkpt lat="43.7555269" lon="6.565741">
        <ele>916.9</ele>
        <time>2026-07-19T15:43:27Z</time>
        <hdop>3</hdop>
        <extensions>
          <osmand:speed>0.1</osmand:speed>
        </extensions>
      </trkpt>
      <trkpt lat="43.7555263" lon="6.5657399">
        <ele>916.8</ele>
        <time>2026-07-19T15:43:32Z</time>
        <hdop>3</hdop>
        <extensions>
          <osmand:speed>0.1</osmand:speed>
        </extensions>
      </trkpt>
      <trkpt lat="43.7555257" lon="6.5657395">
        <ele>916.7</ele>
        <time>2026-07-19T15:43:37Z</time>
        <hdop>3</hdop>
        <extensions>
          <osmand:speed>0.1</osmand:speed>
        </extensions>
      </trkpt>
      <trkpt lat="43.7555254" lon="6.5657389">
        <ele>916.6</ele>
        <time>2026-07-19T15:43:43Z</time>
        <hdop>3</hdop>
        <extensions>
          <osmand:speed>0.1</osmand:speed>
        </extensions>
      </trkpt>
      <trkpt lat="43.755525" lon="6.5657385">
        <ele>916.8</ele>
        <time>2026-07-19T15:43:49Z</time>
        <hdop>3</hdop>
        <extensions>
          <osmand:speed>0.1</osmand:speed>
        </extensions>
      </trkpt>
      <trkpt lat="43.7555249" lon="6.5657383">
        <ele>917.1</ele>
        <time>2026-07-19T15:43:55Z</time>
        <hdop>3</hdop>
        <extensions>
          <osmand:speed>0.1</osmand:speed>
        </extensions>
      </trkpt>
      <trkpt lat="43.7555248" lon="6.5657373">
        <ele>917.3</ele>
        <time>2026-07-19T15:44:01Z</time>
        <hdop>3</hdop>
        <extensions>
          <osmand:speed>0.1</osmand:speed>
        </extensions>
      </trkpt>
      <trkpt lat="43.7555247" lon="6.5657365">
        <ele>917.1</ele>
        <time>2026-07-19T15:44:07Z</time>
        <hdop>3</hdop>
        <extensions>
          <osmand:speed>0.1</osmand:speed>
        </extensions>
      </trkpt>
      <trkpt lat="43.7555247" lon="6.5657362">
        <ele>917.2</ele>
        <time>2026-07-19T15:44:12Z</time>
        <hdop>3</hdop>
        <extensions>
          <osmand:speed>0.1</osmand:speed>
        </extensions>
      </trkpt>
      <trkpt lat="43.7555238" lon="6.5657367">
        <ele>917.2</ele>
        <time>2026-07-19T15:44:18Z</time>
        <hdop>3</hdop>
        <extensions>
          <osmand:speed>0.1</osmand:speed>
        </extensions>
      </trkpt>
      <trkpt lat="43.7555241" lon="6.5657369">
        <ele>917.4</ele>
        <time>2026-07-19T15:44:24Z</time>
        <hdop>3</hdop>
        <extensions>
          <osmand:speed>0.1</osmand:speed>
        </extensions>
      </trkpt>
      <trkpt lat="43.7555249" lon="6.5657378">
        <ele>917.4</ele>
        <time>2026-07-19T15:44:30Z</time>
        <hdop>3</hdop>
        <extensions>
          <osmand:speed>0.1</osmand:speed>
        </extensions>
      </trkpt>
      <trkpt lat="43.7555254" lon="6.5657384">
        <ele>917.4</ele>
        <time>2026-07-19T15:44:35Z</time>
        <hdop>3</hdop>
        <extensions>
          <osmand:speed>0.1</osmand:speed>
        </extensions>
      </trkpt>
      <trkpt lat="43.7555259" lon="6.5657388">
        <ele>917.6</ele>
        <time>2026-07-19T15:44:40Z</time>
        <hdop>3</hdop>
        <extensions>
          <osmand:speed>0.1</osmand:speed>
        </extensions>
      </trkpt>
      <trkpt lat="43.7555262" lon="6.5657389">
        <ele>917.6</ele>
        <time>2026-07-19T15:44:46Z</time>
        <hdop>3</hdop>
        <extensions>
          <osmand:speed>0.1</osmand:speed>
        </extensions>
      </trkpt>
      <trkpt lat="43.7555268" lon="6.5657392">
        <ele>917.7</ele>
        <time>2026-07-19T15:44:52Z</time>
        <hdop>3</hdop>
        <extensions>
          <osmand:speed>0.1</osmand:speed>
        </extensions>
      </trkpt>
      <trkpt lat="43.7555274" lon="6.5657392">
        <ele>917.5</ele>
        <time>2026-07-19T15:44:58Z</time>
        <hdop>3</hdop>
        <extensions>
          <osmand:speed>0.1</osmand:speed>
        </extensions>
      </trkpt>
      <trkpt lat="43.755528" lon="6.5657391">
        <ele>917.2</ele>
        <time>2026-07-19T15:45:03Z</time>
        <hdop>3</hdop>
        <extensions>
          <osmand:speed>0.1</osmand:speed>
        </extensions>
      </trkpt>
      <trkpt lat="43.7555288" lon="6.5657396">
        <ele>916.9</ele>
        <time>2026-07-19T15:45:09Z</time>
        <hdop>3</hdop>
        <extensions>
          <osmand:speed>0.1</osmand:speed>
        </extensions>
      </trkpt>
      <trkpt lat="43.7555295" lon="6.56574">
        <ele>916.8</ele>
        <time>2026-07-19T15:45:14Z</time>
        <hdop>3</hdop>
        <extensions>
          <osmand:speed>0.1</osmand:speed>
        </extensions>
      </trkpt>
      <trkpt lat="43.75553" lon="6.5657401">
        <ele>916.8</ele>
        <time>2026-07-19T15:45:20Z</time>
        <hdop>3</hdop>
        <extensions>
          <osmand:speed>0.1</osmand:speed>
        </extensions>
      </trkpt>
      <trkpt lat="43.75553" lon="6.56574">
        <ele>916.8</ele>
        <time>2026-07-19T15:45:26Z</time>
        <hdop>3</hdop>
        <extensions>
          <osmand:speed>0.1</osmand:speed>
        </extensions>
      </trkpt>
      <trkpt lat="43.75553" lon="6.5657401">
        <ele>917</ele>
        <time>2026-07-19T15:45:32Z</time>
        <hdop>3</hdop>
        <extensions>
          <osmand:speed>0.1</osmand:speed>
        </extensions>
      </trkpt>
      <trkpt lat="43.7555304" lon="6.5657401">
        <ele>917.2</ele>
        <time>2026-07-19T15:45:38Z</time>
        <hdop>3</hdop>
        <extensions>
          <osmand:speed>0.1</osmand:speed>
        </extensions>
      </trkpt>
      <trkpt lat="43.7555303" lon="6.5657402">
        <ele>917.2</ele>
        <time>2026-07-19T15:45:44Z</time>
        <hdop>3</hdop>
        <extensions>
          <osmand:speed>0.1</osmand:speed>
        </extensions>
      </trkpt>
      <trkpt lat="43.7555302" lon="6.56574">
        <ele>917.2</ele>
        <time>2026-07-19T15:45:49Z</time>
        <hdop>3</hdop>
        <extensions>
          <osmand:speed>0.1</osmand:speed>
        </extensions>
      </trkpt>
      <trkpt lat="43.7555302" lon="6.5657396">
        <ele>917.1</ele>
        <time>2026-07-19T15:45:54Z</time>
        <hdop>3</hdop>
        <extensions>
          <osmand:speed>0.1</osmand:speed>
        </extensions>
      </trkpt>
      <trkpt lat="43.75553" lon="6.56574">
        <ele>917.1</ele>
        <time>2026-07-19T15:46:00Z</time>
        <hdop>3</hdop>
        <extensions>
          <osmand:speed>0.1</osmand:speed>
        </extensions>
      </trkpt>
      <trkpt lat="43.75553" lon="6.5657403">
        <ele>917.1</ele>
        <time>2026-07-19T15:46:05Z</time>
        <hdop>3</hdop>
        <extensions>
          <osmand:speed>0.1</osmand:speed>
        </extensions>
      </trkpt>
      <trkpt lat="43.7555305" lon="6.5657408">
        <ele>917.1</ele>
        <time>2026-07-19T15:46:11Z</time>
        <hdop>3</hdop>
        <extensions>
          <osmand:speed>0.1</osmand:speed>
        </extensions>
      </trkpt>
      <trkpt lat="43.7555307" lon="6.5657412">
        <ele>917.3</ele>
        <time>2026-07-19T15:46:17Z</time>
        <hdop>3</hdop>
        <extensions>
          <osmand:speed>0.1</osmand:speed>
        </extensions>
      </trkpt>
      <trkpt lat="43.7555305" lon="6.5657419">
        <ele>917.2</ele>
        <time>2026-07-19T15:46:23Z</time>
        <hdop>3</hdop>
        <extensions>
          <osmand:speed>0.1</osmand:speed>
        </extensions>
      </trkpt>
      <trkpt lat="43.7555306" lon="6.5657429">
        <ele>917.1</ele>
        <time>2026-07-19T15:46:29Z</time>
        <hdop>3</hdop>
        <extensions>
          <osmand:speed>0.1</osmand:speed>
        </extensions>
      </trkpt>
      <trkpt lat="43.7555308" lon="6.5657431">
        <ele>917.3</ele>
        <time>2026-07-19T15:46:34Z</time>
        <hdop>3</hdop>
        <extensions>
          <osmand:speed>0.1</osmand:speed>
        </extensions>
      </trkpt>
      <trkpt lat="43.755531" lon="6.5657424">
        <ele>917.3</ele>
        <time>2026-07-19T15:46:39Z</time>
        <hdop>3</hdop>
        <extensions>
          <osmand:speed>0.1</osmand:speed>
        </extensions>
      </trkpt>
      <trkpt lat="43.7555307" lon="6.5657411">
        <ele>917.6</ele>
        <time>2026-07-19T15:46:45Z</time>
        <hdop>3</hdop>
        <extensions>
          <osmand:speed>0.1</osmand:speed>
        </extensions>
      </trkpt>
      <trkpt lat="43.7555305" lon="6.5657401">
        <ele>917.7</ele>
        <time>2026-07-19T15:46:51Z</time>
        <hdop>3</hdop>
        <extensions>
          <osmand:speed>0.1</osmand:speed>
        </extensions>
      </trkpt>
      <trkpt lat="43.7555306" lon="6.5657396">
        <ele>917.6</ele>
        <time>2026-07-19T15:46:56Z</time>
        <hdop>3</hdop>
        <extensions>
          <osmand:speed>0.1</osmand:speed>
        </extensions>
      </trkpt>
      <trkpt lat="43.7555313" lon="6.565739">
        <ele>917.7</ele>
        <time>2026-07-19T15:47:02Z</time>
        <hdop>3</hdop>
        <extensions>
          <osmand:speed>0.1</osmand:speed>
        </extensions>
      </trkpt>
      <trkpt lat="43.7555321" lon="6.5657389">
        <ele>917.8</ele>
        <time>2026-07-19T15:47:08Z</time>
        <hdop>3</hdop>
        <extensions>
          <osmand:speed>0.1</osmand:speed>
        </extensions>
      </trkpt>
      <trkpt lat="43.7555331" lon="6.5657398">
        <ele>917.9</ele>
        <time>2026-07-19T15:47:14Z</time>
        <hdop>3</hdop>
        <extensions>
          <osmand:speed>0.1</osmand:speed>
        </extensions>
      </trkpt>
      <trkpt lat="43.7555341" lon="6.5657412">
        <ele>917.9</ele>
        <time>2026-07-19T15:47:19Z</time>
        <hdop>3</hdop>
        <extensions>
          <osmand:speed>0.1</osmand:speed>
        </extensions>
      </trkpt>
      <trkpt lat="43.7555351" lon="6.5657429">
        <ele>917.9</ele>
        <time>2026-07-19T15:47:25Z</time>
        <hdop>3</hdop>
        <extensions>
          <osmand:speed>0.1</osmand:speed>
        </extensions>
      </trkpt>
      <trkpt lat="43.7555356" lon="6.5657443">
        <ele>918</ele>
        <time>2026-07-19T15:47:30Z</time>
        <hdop>3</hdop>
        <extensions>
          <osmand:speed>0.1</osmand:speed>
        </extensions>
      </trkpt>
      <trkpt lat="43.7555355" lon="6.5657445">
        <ele>918</ele>
        <time>2026-07-19T15:47:36Z</time>
        <hdop>3</hdop>
        <extensions>
          <osmand:speed>0.1</osmand:speed>
        </extensions>
      </trkpt>
      <trkpt lat="43.7555354" lon="6.5657441">
        <ele>918</ele>
        <time>2026-07-19T15:47:41Z</time>
        <hdop>3</hdop>
        <extensions>
          <osmand:speed>0.1</osmand:speed>
        </extensions>
      </trkpt>
      <trkpt lat="43.7555355" lon="6.5657438">
        <ele>917.8</ele>
        <time>2026-07-19T15:47:47Z</time>
        <hdop>3</hdop>
        <extensions>
          <osmand:speed>0.1</osmand:speed>
        </extensions>
      </trkpt>
      <trkpt lat="43.7555355" lon="6.5657438">
        <ele>917.8</ele>
        <time>2026-07-19T15:47:53Z</time>
        <hdop>3</hdop>
        <extensions>
          <osmand:speed>0.1</osmand:speed>
        </extensions>
      </trkpt>
      <trkpt lat="43.7555358" lon="6.5657435">
        <ele>917.9</ele>
        <time>2026-07-19T15:47:59Z</time>
        <hdop>3</hdop>
        <extensions>
          <osmand:speed>0.1</osmand:speed>
        </extensions>
      </trkpt>
      <trkpt lat="43.7555359" lon="6.5657433">
        <ele>917.8</ele>
        <time>2026-07-19T15:48:04Z</time>
        <hdop>3</hdop>
        <extensions>
          <osmand:speed>0.1</osmand:speed>
        </extensions>
      </trkpt>
      <trkpt lat="43.755536" lon="6.5657432">
        <ele>918</ele>
        <time>2026-07-19T15:48:10Z</time>
        <hdop>3</hdop>
        <extensions>
          <osmand:speed>0.1</osmand:speed>
        </extensions>
      </trkpt>
      <trkpt lat="43.7555367" lon="6.5657431">
        <ele>917.9</ele>
        <time>2026-07-19T15:48:15Z</time>
        <hdop>3</hdop>
        <extensions>
          <osmand:speed>0.1</osmand:speed>
        </extensions>
      </trkpt>
      <trkpt lat="43.7555371" lon="6.5657435">
        <ele>918.2</ele>
        <time>2026-07-19T15:48:20Z</time>
        <hdop>3</hdop>
        <extensions>
          <osmand:speed>0.1</osmand:speed>
        </extensions>
      </trkpt>
      <trkpt lat="43.7555372" lon="6.5657433">
        <ele>918.2</ele>
        <time>2026-07-19T15:48:25Z</time>
        <hdop>3</hdop>
        <extensions>
          <osmand:speed>0.1</osmand:speed>
        </extensions>
      </trkpt>
      <trkpt lat="43.7555366" lon="6.5657431">
        <ele>918.2</ele>
        <time>2026-07-19T15:48:31Z</time>
        <hdop>3</hdop>
        <extensions>
          <osmand:speed>0.1</osmand:speed>
        </extensions>
      </trkpt>
      <trkpt lat="43.7555362" lon="6.5657432">
        <ele>918.4</ele>
        <time>2026-07-19T15:48:36Z</time>
        <hdop>3</hdop>
        <extensions>
          <osmand:speed>0.1</osmand:speed>
        </extensions>
      </trkpt>
      <trkpt lat="43.7555353" lon="6.5657427">
        <ele>918.2</ele>
        <time>2026-07-19T15:48:42Z</time>
        <hdop>3</hdop>
        <extensions>
          <osmand:speed>0.1</osmand:speed>
        </extensions>
      </trkpt>
      <trkpt lat="43.7555348" lon="6.5657422">
        <ele>917.9</ele>
        <time>2026-07-19T15:48:48Z</time>
        <hdop>3</hdop>
        <extensions>
          <osmand:speed>0.1</osmand:speed>
        </extensions>
      </trkpt>
      <trkpt lat="43.7555345" lon="6.5657414">
        <ele>917.7</ele>
        <time>2026-07-19T15:48:53Z</time>
        <hdop>3</hdop>
        <extensions>
          <osmand:speed>0.1</osmand:speed>
        </extensions>
      </trkpt>
      <trkpt lat="43.7555341" lon="6.5657411">
        <ele>917.7</ele>
        <time>2026-07-19T15:48:59Z</time>
        <hdop>3</hdop>
        <extensions>
          <osmand:speed>0.1</osmand:speed>
        </extensions>
      </trkpt>
      <trkpt lat="43.7555335" lon="6.5657411">
        <ele>917.7</ele>
        <time>2026-07-19T15:49:04Z</time>
        <hdop>3</hdop>
        <extensions>
          <osmand:speed>0.1</osmand:speed>
        </extensions>
      </trkpt>
      <trkpt lat="43.755533" lon="6.5657415">
        <ele>917.6</ele>
        <time>2026-07-19T15:49:10Z</time>
        <hdop>3</hdop>
        <extensions>
          <osmand:speed>0.1</osmand:speed>
        </extensions>
      </trkpt>
      <trkpt lat="43.7555328" lon="6.5657421">
        <ele>917.6</ele>
        <time>2026-07-19T15:49:16Z</time>
        <hdop>3</hdop>
        <extensions>
          <osmand:speed>0.1</osmand:speed>
        </extensions>
      </trkpt>
      <trkpt lat="43.7555323" lon="6.565742">
        <ele>917.6</ele>
        <time>2026-07-19T15:49:22Z</time>
        <hdop>3</hdop>
        <extensions>
          <osmand:speed>0.1</osmand:speed>
        </extensions>
      </trkpt>
      <trkpt lat="43.7555321" lon="6.5657421">
        <ele>917.6</ele>
        <time>2026-07-19T15:49:28Z</time>
        <hdop>3</hdop>
        <extensions>
          <osmand:speed>0.1</osmand:speed>
        </extensions>
      </trkpt>
      <trkpt lat="43.7555319" lon="6.5657422">
        <ele>917.5</ele>
        <time>2026-07-19T15:49:34Z</time>
        <hdop>3</hdop>
        <extensions>
          <osmand:speed>0.1</osmand:speed>
        </extensions>
      </trkpt>
      <trkpt lat="43.7555318" lon="6.5657422">
        <ele>917.4</ele>
        <time>2026-07-19T15:49:40Z</time>
        <hdop>3</hdop>
        <extensions>
          <osmand:speed>0.1</osmand:speed>
        </extensions>
      </trkpt>
      <trkpt lat="43.7555316" lon="6.5657425">
        <ele>917.4</ele>
        <time>2026-07-19T15:49:46Z</time>
        <hdop>3</hdop>
        <extensions>
          <osmand:speed>0.1</osmand:speed>
        </extensions>
      </trkpt>
      <trkpt lat="43.7555315" lon="6.5657423">
        <ele>917.8</ele>
        <time>2026-07-19T15:49:51Z</time>
        <hdop>3</hdop>
        <extensions>
          <osmand:speed>0.1</osmand:speed>
        </extensions>
      </trkpt>
      <trkpt lat="43.7555315" lon="6.5657422">
        <ele>917.8</ele>
        <time>2026-07-19T15:49:57Z</time>
        <hdop>3</hdop>
        <extensions>
          <osmand:speed>0.1</osmand:speed>
        </extensions>
      </trkpt>
      <trkpt lat="43.7555317" lon="6.565743">
        <ele>917.7</ele>
        <time>2026-07-19T15:50:02Z</time>
        <hdop>3</hdop>
        <extensions>
          <osmand:speed>0.1</osmand:speed>
        </extensions>
      </trkpt>
      <trkpt lat="43.7555317" lon="6.5657433">
        <ele>917.5</ele>
        <time>2026-07-19T15:50:08Z</time>
        <hdop>3</hdop>
        <extensions>
          <osmand:speed>0.1</osmand:speed>
        </extensions>
      </trkpt>
      <trkpt lat="43.7555319" lon="6.5657433">
        <ele>917.7</ele>
        <time>2026-07-19T15:50:14Z</time>
        <hdop>3</hdop>
        <extensions>
          <osmand:speed>0.1</osmand:speed>
        </extensions>
      </trkpt>
      <trkpt lat="43.755532" lon="6.5657438">
        <ele>917.9</ele>
        <time>2026-07-19T15:50:19Z</time>
        <hdop>3</hdop>
        <extensions>
          <osmand:speed>0.1</osmand:speed>
        </extensions>
      </trkpt>
      <trkpt lat="43.755532" lon="6.5657441">
        <ele>918.3</ele>
        <time>2026-07-19T15:50:25Z</time>
        <hdop>3</hdop>
        <extensions>
          <osmand:speed>0.1</osmand:speed>
        </extensions>
      </trkpt>
      <trkpt lat="43.7555321" lon="6.5657443">
        <ele>918.5</ele>
        <time>2026-07-19T15:50:30Z</time>
        <hdop>3</hdop>
        <extensions>
          <osmand:speed>0.1</osmand:speed>
        </extensions>
      </trkpt>
      <trkpt lat="43.7555329" lon="6.5657445">
        <ele>918.4</ele>
        <time>2026-07-19T15:50:36Z</time>
        <hdop>3</hdop>
        <extensions>
          <osmand:speed>0.1</osmand:speed>
        </extensions>
      </trkpt>
      <trkpt lat="43.7555338" lon="6.5657444">
        <ele>918.4</ele>
        <time>2026-07-19T15:50:42Z</time>
        <hdop>3</hdop>
        <extensions>
          <osmand:speed>0.1</osmand:speed>
        </extensions>
      </trkpt>
      <trkpt lat="43.7555344" lon="6.5657439">
        <ele>918.5</ele>
        <time>2026-07-19T15:50:47Z</time>
        <hdop>3</hdop>
        <extensions>
          <osmand:speed>0.1</osmand:speed>
        </extensions>
      </trkpt>
      <trkpt lat="43.7555351" lon="6.5657431">
        <ele>918.6</ele>
        <time>2026-07-19T15:50:52Z</time>
        <hdop>3</hdop>
        <extensions>
          <osmand:speed>0.1</osmand:speed>
        </extensions>
      </trkpt>
      <trkpt lat="43.7555359" lon="6.5657433">
        <ele>918.8</ele>
        <time>2026-07-19T15:50:58Z</time>
        <hdop>3</hdop>
        <extensions>
          <osmand:speed>0.1</osmand:speed>
        </extensions>
      </trkpt>
      <trkpt lat="43.7555365" lon="6.5657431">
        <ele>918.9</ele>
        <time>2026-07-19T15:51:04Z</time>
        <hdop>3</hdop>
        <extensions>
          <osmand:speed>0.1</osmand:speed>
        </extensions>
      </trkpt>
      <trkpt lat="43.7555368" lon="6.5657436">
        <ele>918.7</ele>
        <time>2026-07-19T15:51:09Z</time>
        <hdop>3</hdop>
        <extensions>
          <osmand:speed>0.1</osmand:speed>
        </extensions>
      </trkpt>
      <trkpt lat="43.7555368" lon="6.565744">
        <ele>918.7</ele>
        <time>2026-07-19T15:51:15Z</time>
        <hdop>3</hdop>
        <extensions>
          <osmand:speed>0.1</osmand:speed>
        </extensions>
      </trkpt>
      <trkpt lat="43.7555367" lon="6.5657445">
        <ele>918.6</ele>
        <time>2026-07-19T15:51:21Z</time>
        <hdop>3</hdop>
        <extensions>
          <osmand:speed>0.1</osmand:speed>
        </extensions>
      </trkpt>
      <trkpt lat="43.7555369" lon="6.5657443">
        <ele>918.6</ele>
        <time>2026-07-19T15:51:27Z</time>
        <hdop>3</hdop>
        <extensions>
          <osmand:speed>0.1</osmand:speed>
        </extensions>
      </trkpt>
      <trkpt lat="43.7555372" lon="6.565744">
        <ele>918.6</ele>
        <time>2026-07-19T15:51:33Z</time>
        <hdop>3</hdop>
        <extensions>
          <osmand:speed>0.1</osmand:speed>
        </extensions>
      </trkpt>
      <trkpt lat="43.7555371" lon="6.5657445">
        <ele>918.5</ele>
        <time>2026-07-19T15:51:38Z</time>
        <hdop>3</hdop>
        <extensions>
          <osmand:speed>0.1</osmand:speed>
        </extensions>
      </trkpt>
      <trkpt lat="43.7555371" lon="6.5657453">
        <ele>918.6</ele>
        <time>2026-07-19T15:51:44Z</time>
        <hdop>3</hdop>
        <extensions>
          <osmand:speed>0.1</osmand:speed>
        </extensions>
      </trkpt>
      <trkpt lat="43.7555368" lon="6.565746">
        <ele>918.5</ele>
        <time>2026-07-19T15:51:50Z</time>
        <hdop>3</hdop>
        <extensions>
          <osmand:speed>0.1</osmand:speed>
        </extensions>
      </trkpt>
      <trkpt lat="43.7555367" lon="6.5657466">
        <ele>918.5</ele>
        <time>2026-07-19T15:51:56Z</time>
        <hdop>3</hdop>
        <extensions>
          <osmand:speed>0.1</osmand:speed>
        </extensions>
      </trkpt>
      <trkpt lat="43.7555367" lon="6.5657466">
        <ele>918.4</ele>
        <time>2026-07-19T15:52:02Z</time>
        <hdop>3</hdop>
        <extensions>
          <osmand:speed>0.1</osmand:speed>
        </extensions>
      </trkpt>
      <trkpt lat="43.7555361" lon="6.5657462">
        <ele>918.3</ele>
        <time>2026-07-19T15:52:07Z</time>
        <hdop>3</hdop>
        <extensions>
          <osmand:speed>0.1</osmand:speed>
        </extensions>
      </trkpt>
      <trkpt lat="43.7555357" lon="6.565746">
        <ele>918.3</ele>
        <time>2026-07-19T15:52:13Z</time>
        <hdop>3</hdop>
        <extensions>
          <osmand:speed>0.1</osmand:speed>
        </extensions>
      </trkpt>
      <trkpt lat="43.7555352" lon="6.5657456">
        <ele>918.3</ele>
        <time>2026-07-19T15:52:18Z</time>
        <hdop>3</hdop>
        <extensions>
          <osmand:speed>0.1</osmand:speed>
        </extensions>
      </trkpt>
      <trkpt lat="43.7555342" lon="6.5657456">
        <ele>918.4</ele>
        <time>2026-07-19T15:52:24Z</time>
        <hdop>3</hdop>
        <extensions>
          <osmand:speed>0.1</osmand:speed>
        </extensions>
      </trkpt>
      <trkpt lat="43.7555339" lon="6.5657448">
        <ele>918.4</ele>
        <time>2026-07-19T15:52:30Z</time>
        <hdop>3</hdop>
        <extensions>
          <osmand:speed>0.1</osmand:speed>
        </extensions>
      </trkpt>
      <trkpt lat="43.7555342" lon="6.5657446">
        <ele>918.4</ele>
        <time>2026-07-19T15:52:36Z</time>
        <hdop>3</hdop>
        <extensions>
          <osmand:speed>0.1</osmand:speed>
        </extensions>
      </trkpt>
      <trkpt lat="43.755534" lon="6.5657444">
        <ele>918.5</ele>
        <time>2026-07-19T15:52:42Z</time>
        <hdop>3</hdop>
        <extensions>
          <osmand:speed>0.1</osmand:speed>
        </extensions>
      </trkpt>
      <trkpt lat="43.7555337" lon="6.5657438">
        <ele>918.6</ele>
        <time>2026-07-19T15:52:48Z</time>
        <hdop>3</hdop>
        <extensions>
          <osmand:speed>0.1</osmand:speed>
        </extensions>
      </trkpt>
      <trkpt lat="43.7555332" lon="6.5657437">
        <ele>918.5</ele>
        <time>2026-07-19T15:52:54Z</time>
        <hdop>3</hdop>
        <extensions>
          <osmand:speed>0.1</osmand:speed>
        </extensions>
      </trkpt>
      <trkpt lat="43.7555329" lon="6.5657447">
        <ele>918.5</ele>
        <time>2026-07-19T15:53:00Z</time>
        <hdop>3</hdop>
        <extensions>
          <osmand:speed>0.1</osmand:speed>
        </extensions>
      </trkpt>
      <trkpt lat="43.755533" lon="6.565745">
        <ele>918.4</ele>
        <time>2026-07-19T15:53:05Z</time>
        <hdop>3</hdop>
        <extensions>
          <osmand:speed>0.1</osmand:speed>
        </extensions>
      </trkpt>
      <trkpt lat="43.755533" lon="6.5657449">
        <ele>918.4</ele>
        <time>2026-07-19T15:53:11Z</time>
        <hdop>3</hdop>
        <extensions>
          <osmand:speed>0.1</osmand:speed>
        </extensions>
      </trkpt>
      <trkpt lat="43.7555327" lon="6.5657445">
        <ele>918.4</ele>
        <time>2026-07-19T15:53:16Z</time>
        <hdop>3</hdop>
        <extensions>
          <osmand:speed>0.1</osmand:speed>
        </extensions>
      </trkpt>
      <trkpt lat="43.7555326" lon="6.5657444">
        <ele>918.4</ele>
        <time>2026-07-19T15:53:22Z</time>
        <hdop>3</hdop>
        <extensions>
          <osmand:speed>0.1</osmand:speed>
        </extensions>
      </trkpt>
      <trkpt lat="43.7555327" lon="6.5657444">
        <ele>918.3</ele>
        <time>2026-07-19T15:53:28Z</time>
        <hdop>3</hdop>
        <extensions>
          <osmand:speed>0.1</osmand:speed>
        </extensions>
      </trkpt>
      <trkpt lat="43.7555329" lon="6.5657439">
        <ele>918.2</ele>
        <time>2026-07-19T15:53:34Z</time>
        <hdop>3</hdop>
        <extensions>
          <osmand:speed>0.1</osmand:speed>
        </extensions>
      </trkpt>
      <trkpt lat="43.7555331" lon="6.5657438">
        <ele>918.1</ele>
        <time>2026-07-19T15:53:39Z</time>
        <hdop>3</hdop>
        <extensions>
          <osmand:speed>0.1</osmand:speed>
        </extensions>
      </trkpt>
      <trkpt lat="43.7555336" lon="6.5657434">
        <ele>918</ele>
        <time>2026-07-19T15:53:45Z</time>
        <hdop>3</hdop>
        <extensions>
          <osmand:speed>0.1</osmand:speed>
        </extensions>
      </trkpt>
      <trkpt lat="43.7555337" lon="6.5657433">
        <ele>918</ele>
        <time>2026-07-19T15:53:50Z</time>
        <hdop>3</hdop>
        <extensions>
          <osmand:speed>0.1</osmand:speed>
        </extensions>
      </trkpt>
      <trkpt lat="43.7555344" lon="6.5657432">
        <ele>917.9</ele>
        <time>2026-07-19T15:53:56Z</time>
        <hdop>3</hdop>
        <extensions>
          <osmand:speed>0.1</osmand:speed>
        </extensions>
      </trkpt>
      <trkpt lat="43.7555347" lon="6.5657432">
        <ele>917.9</ele>
        <time>2026-07-19T15:54:02Z</time>
        <hdop>3</hdop>
        <extensions>
          <osmand:speed>0.1</osmand:speed>
        </extensions>
      </trkpt>
      <trkpt lat="43.755535" lon="6.5657437">
        <ele>917.8</ele>
        <time>2026-07-19T15:54:07Z</time>
        <hdop>3</hdop>
        <extensions>
          <osmand:speed>0.1</osmand:speed>
        </extensions>
      </trkpt>
      <trkpt lat="43.7555351" lon="6.5657433">
        <ele>918</ele>
        <time>2026-07-19T15:54:13Z</time>
        <hdop>3</hdop>
        <extensions>
          <osmand:speed>0.1</osmand:speed>
        </extensions>
      </trkpt>
      <trkpt lat="43.7555357" lon="6.565744">
        <ele>917.9</ele>
        <time>2026-07-19T15:54:19Z</time>
        <hdop>3</hdop>
        <extensions>
          <osmand:speed>0.1</osmand:speed>
        </extensions>
      </trkpt>
      <trkpt lat="43.7555367" lon="6.5657445">
        <ele>917.8</ele>
        <time>2026-07-19T15:54:25Z</time>
        <hdop>3</hdop>
        <extensions>
          <osmand:speed>0.1</osmand:speed>
        </extensions>
      </trkpt>
      <trkpt lat="43.7555376" lon="6.5657451">
        <ele>917.7</ele>
        <time>2026-07-19T15:54:31Z</time>
        <hdop>3</hdop>
        <extensions>
          <osmand:speed>0.1</osmand:speed>
        </extensions>
      </trkpt>
      <trkpt lat="43.7555378" lon="6.5657453">
        <ele>917.4</ele>
        <time>2026-07-19T15:54:36Z</time>
        <hdop>3</hdop>
        <extensions>
          <osmand:speed>0.1</osmand:speed>
        </extensions>
      </trkpt>
      <trkpt lat="43.7555385" lon="6.5657446">
        <ele>917.1</ele>
        <time>2026-07-19T15:54:42Z</time>
        <hdop>3</hdop>
        <extensions>
          <osmand:speed>0.1</osmand:speed>
        </extensions>
      </trkpt>
      <trkpt lat="43.7555396" lon="6.5657442">
        <ele>917</ele>
        <time>2026-07-19T15:54:48Z</time>
        <hdop>3</hdop>
        <extensions>
          <osmand:speed>0.1</osmand:speed>
        </extensions>
      </trkpt>
      <trkpt lat="43.7555399" lon="6.5657436">
        <ele>917.7</ele>
        <time>2026-07-19T15:54:53Z</time>
        <hdop>3</hdop>
        <extensions>
          <osmand:speed>0.1</osmand:speed>
        </extensions>
      </trkpt>
      <trkpt lat="43.7555404" lon="6.5657435">
        <ele>918.2</ele>
        <time>2026-07-19T15:54:59Z</time>
        <hdop>3</hdop>
        <extensions>
          <osmand:speed>0.1</osmand:speed>
        </extensions>
      </trkpt>
      <trkpt lat="43.7555404" lon="6.5657432">
        <ele>917.2</ele>
        <time>2026-07-19T15:55:05Z</time>
        <hdop>3</hdop>
        <extensions>
          <osmand:speed>0.1</osmand:speed>
        </extensions>
      </trkpt>
      <trkpt lat="43.75554" lon="6.5657432">
        <ele>917</ele>
        <time>2026-07-19T15:55:11Z</time>
        <hdop>3</hdop>
        <extensions>
          <osmand:speed>0.1</osmand:speed>
        </extensions>
      </trkpt>
      <trkpt lat="43.7555392" lon="6.5657432">
        <ele>917.3</ele>
        <time>2026-07-19T15:55:17Z</time>
        <hdop>3</hdop>
        <extensions>
          <osmand:speed>0.1</osmand:speed>
        </extensions>
      </trkpt>
      <trkpt lat="43.7555381" lon="6.5657426">
        <ele>917.4</ele>
        <time>2026-07-19T15:55:23Z</time>
        <hdop>3</hdop>
        <extensions>
          <osmand:speed>0.1</osmand:speed>
        </extensions>
      </trkpt>
      <trkpt lat="43.7555371" lon="6.5657422">
        <ele>917.2</ele>
        <time>2026-07-19T15:55:29Z</time>
        <hdop>3</hdop>
        <extensions>
          <osmand:speed>0.1</osmand:speed>
        </extensions>
      </trkpt>
      <trkpt lat="43.7555367" lon="6.5657415">
        <ele>917.6</ele>
        <time>2026-07-19T15:55:35Z</time>
        <hdop>3</hdop>
        <extensions>
          <osmand:speed>0.1</osmand:speed>
        </extensions>
      </trkpt>
      <trkpt lat="43.7555362" lon="6.5657411">
        <ele>917.7</ele>
        <time>2026-07-19T15:55:40Z</time>
        <hdop>3</hdop>
        <extensions>
          <osmand:speed>0.1</osmand:speed>
        </extensions>
      </trkpt>
      <trkpt lat="43.7555355" lon="6.5657411">
        <ele>917.7</ele>
        <time>2026-07-19T15:55:46Z</time>
        <hdop>3</hdop>
        <extensions>
          <osmand:speed>0.1</osmand:speed>
        </extensions>
      </trkpt>
      <trkpt lat="43.7555355" lon="6.5657412">
        <ele>917.3</ele>
        <time>2026-07-19T15:55:52Z</time>
        <hdop>3</hdop>
        <extensions>
          <osmand:speed>0.1</osmand:speed>
        </extensions>
      </trkpt>
      <trkpt lat="43.7555355" lon="6.5657409">
        <ele>917.3</ele>
        <time>2026-07-19T15:55:58Z</time>
        <hdop>3</hdop>
        <extensions>
          <osmand:speed>0.1</osmand:speed>
        </extensions>
      </trkpt>
      <trkpt lat="43.7555353" lon="6.5657413">
        <ele>917.7</ele>
        <time>2026-07-19T15:56:03Z</time>
        <hdop>3</hdop>
        <extensions>
          <osmand:speed>0.1</osmand:speed>
        </extensions>
      </trkpt>
      <trkpt lat="43.7555357" lon="6.5657424">
        <ele>917.9</ele>
        <time>2026-07-19T15:56:09Z</time>
        <hdop>3</hdop>
        <extensions>
          <osmand:speed>0.1</osmand:speed>
        </extensions>
      </trkpt>
      <trkpt lat="43.7555364" lon="6.5657432">
        <ele>917.7</ele>
        <time>2026-07-19T15:56:15Z</time>
        <hdop>3</hdop>
        <extensions>
          <osmand:speed>0.1</osmand:speed>
        </extensions>
      </trkpt>
      <trkpt lat="43.7555368" lon="6.5657437">
        <ele>917.6</ele>
        <time>2026-07-19T15:56:20Z</time>
        <hdop>3</hdop>
        <extensions>
          <osmand:speed>0.1</osmand:speed>
        </extensions>
      </trkpt>
      <trkpt lat="43.7555369" lon="6.5657443">
        <ele>917.4</ele>
        <time>2026-07-19T15:56:25Z</time>
        <hdop>3</hdop>
        <extensions>
          <osmand:speed>0.1</osmand:speed>
        </extensions>
      </trkpt>
      <trkpt lat="43.7555368" lon="6.5657436">
        <ele>917.3</ele>
        <time>2026-07-19T15:56:31Z</time>
        <hdop>3</hdop>
        <extensions>
          <osmand:speed>0.1</osmand:speed>
        </extensions>
      </trkpt>
      <trkpt lat="43.7555368" lon="6.5657435">
        <ele>917.2</ele>
        <time>2026-07-19T15:56:37Z</time>
        <hdop>3</hdop>
        <extensions>
          <osmand:speed>0.1</osmand:speed>
        </extensions>
      </trkpt>
      <trkpt lat="43.7555372" lon="6.5657432">
        <ele>917.4</ele>
        <time>2026-07-19T15:56:42Z</time>
        <hdop>3</hdop>
        <extensions>
          <osmand:speed>0.1</osmand:speed>
        </extensions>
      </trkpt>
      <trkpt lat="43.7555377" lon="6.5657429">
        <ele>917.6</ele>
        <time>2026-07-19T15:56:47Z</time>
        <hdop>3</hdop>
        <extensions>
          <osmand:speed>0.1</osmand:speed>
        </extensions>
      </trkpt>
      <trkpt lat="43.7555377" lon="6.5657431">
        <ele>917.8</ele>
        <time>2026-07-19T15:56:53Z</time>
        <hdop>3</hdop>
        <extensions>
          <osmand:speed>0.1</osmand:speed>
        </extensions>
      </trkpt>
      <trkpt lat="43.7555376" lon="6.565743">
        <ele>917.7</ele>
        <time>2026-07-19T15:56:59Z</time>
        <hdop>3</hdop>
        <extensions>
          <osmand:speed>0.1</osmand:speed>
        </extensions>
      </trkpt>
      <trkpt lat="43.7555374" lon="6.565743">
        <ele>917.4</ele>
        <time>2026-07-19T15:57:05Z</time>
        <hdop>3</hdop>
        <extensions>
          <osmand:speed>0.1</osmand:speed>
        </extensions>
      </trkpt>
      <trkpt lat="43.7555375" lon="6.5657431">
        <ele>917.7</ele>
        <time>2026-07-19T15:57:11Z</time>
        <hdop>3</hdop>
        <extensions>
          <osmand:speed>0.1</osmand:speed>
        </extensions>
      </trkpt>
      <trkpt lat="43.7555373" lon="6.565743">
        <ele>918</ele>
        <time>2026-07-19T15:57:16Z</time>
        <hdop>3</hdop>
        <extensions>
          <osmand:speed>0.1</osmand:speed>
        </extensions>
      </trkpt>
      <trkpt lat="43.7555369" lon="6.5657435">
        <ele>918.1</ele>
        <time>2026-07-19T15:57:22Z</time>
        <hdop>3</hdop>
        <extensions>
          <osmand:speed>0.1</osmand:speed>
        </extensions>
      </trkpt>
      <trkpt lat="43.7555367" lon="6.5657438">
        <ele>918.2</ele>
        <time>2026-07-19T15:57:27Z</time>
        <hdop>3</hdop>
        <extensions>
          <osmand:speed>0.1</osmand:speed>
        </extensions>
      </trkpt>
      <trkpt lat="43.755537" lon="6.5657444">
        <ele>918.3</ele>
        <time>2026-07-19T15:57:33Z</time>
        <hdop>3</hdop>
        <extensions>
          <osmand:speed>0.1</osmand:speed>
        </extensions>
      </trkpt>
      <trkpt lat="43.7555379" lon="6.5657447">
        <ele>918</ele>
        <time>2026-07-19T15:57:39Z</time>
        <hdop>3</hdop>
        <extensions>
          <osmand:speed>0.1</osmand:speed>
        </extensions>
      </trkpt>
      <trkpt lat="43.7555381" lon="6.5657449">
        <ele>918</ele>
        <time>2026-07-19T15:57:45Z</time>
        <hdop>3</hdop>
        <extensions>
          <osmand:speed>0.1</osmand:speed>
        </extensions>
      </trkpt>
      <trkpt lat="43.7555377" lon="6.5657448">
        <ele>918</ele>
        <time>2026-07-19T15:57:51Z</time>
        <hdop>3</hdop>
        <extensions>
          <osmand:speed>0.1</osmand:speed>
        </extensions>
      </trkpt>
      <trkpt lat="43.7555376" lon="6.5657447">
        <ele>918.2</ele>
        <time>2026-07-19T15:57:56Z</time>
        <hdop>3</hdop>
        <extensions>
          <osmand:speed>0.1</osmand:speed>
        </extensions>
      </trkpt>
      <trkpt lat="43.7555377" lon="6.565744">
        <ele>918.3</ele>
        <time>2026-07-19T15:58:02Z</time>
        <hdop>3</hdop>
        <extensions>
          <osmand:speed>0.1</osmand:speed>
        </extensions>
      </trkpt>
      <trkpt lat="43.7555381" lon="6.5657445">
        <ele>918.4</ele>
        <time>2026-07-19T15:58:07Z</time>
        <hdop>3</hdop>
        <extensions>
          <osmand:speed>0.1</osmand:speed>
        </extensions>
      </trkpt>
      <trkpt lat="43.7555386" lon="6.5657444">
        <ele>918.1</ele>
        <time>2026-07-19T15:58:13Z</time>
        <hdop>3</hdop>
        <extensions>
          <osmand:speed>0.1</osmand:speed>
        </extensions>
      </trkpt>
      <trkpt lat="43.7555388" lon="6.5657443">
        <ele>918.4</ele>
        <time>2026-07-19T15:58:19Z</time>
        <hdop>3</hdop>
        <extensions>
          <osmand:speed>0.1</osmand:speed>
        </extensions>
      </trkpt>
      <trkpt lat="43.7555391" lon="6.5657443">
        <ele>918.7</ele>
        <time>2026-07-19T15:58:25Z</time>
        <hdop>3</hdop>
        <extensions>
          <osmand:speed>0.1</osmand:speed>
        </extensions>
      </trkpt>
      <trkpt lat="43.7555392" lon="6.5657442">
        <ele>918.7</ele>
        <time>2026-07-19T15:58:30Z</time>
        <hdop>3</hdop>
        <extensions>
          <osmand:speed>0.1</osmand:speed>
        </extensions>
      </trkpt>
      <trkpt lat="43.7555393" lon="6.5657437">
        <ele>918.7</ele>
        <time>2026-07-19T15:58:36Z</time>
        <hdop>3</hdop>
        <extensions>
          <osmand:speed>0.1</osmand:speed>
        </extensions>
      </trkpt>
      <trkpt lat="43.7555387" lon="6.5657431">
        <ele>918.7</ele>
        <time>2026-07-19T15:58:42Z</time>
        <hdop>3</hdop>
        <extensions>
          <osmand:speed>0.1</osmand:speed>
        </extensions>
      </trkpt>
      <trkpt lat="43.7555387" lon="6.5657429">
        <ele>918.7</ele>
        <time>2026-07-19T15:58:47Z</time>
        <hdop>3</hdop>
        <extensions>
          <osmand:speed>0.1</osmand:speed>
        </extensions>
      </trkpt>
      <trkpt lat="43.7555386" lon="6.5657421">
        <ele>918.8</ele>
        <time>2026-07-19T15:58:53Z</time>
        <hdop>3</hdop>
        <extensions>
          <osmand:speed>0.1</osmand:speed>
        </extensions>
      </trkpt>
      <trkpt lat="43.7555392" lon="6.5657417">
        <ele>918.6</ele>
        <time>2026-07-19T15:58:59Z</time>
        <hdop>3</hdop>
        <extensions>
          <osmand:speed>0.1</osmand:speed>
        </extensions>
      </trkpt>
      <trkpt lat="43.7555394" lon="6.5657419">
        <ele>918.6</ele>
        <time>2026-07-19T15:59:05Z</time>
        <hdop>3</hdop>
        <extensions>
          <osmand:speed>0.1</osmand:speed>
        </extensions>
      </trkpt>
      <trkpt lat="43.7555394" lon="6.5657419">
        <ele>918.5</ele>
        <time>2026-07-19T15:59:11Z</time>
        <hdop>3</hdop>
        <extensions>
          <osmand:speed>0.1</osmand:speed>
        </extensions>
      </trkpt>
      <trkpt lat="43.7555391" lon="6.5657421">
        <ele>918.5</ele>
        <time>2026-07-19T15:59:17Z</time>
        <hdop>3</hdop>
        <extensions>
          <osmand:speed>0.1</osmand:speed>
        </extensions>
      </trkpt>
      <trkpt lat="43.7555392" lon="6.5657425">
        <ele>918.8</ele>
        <time>2026-07-19T15:59:23Z</time>
        <hdop>3</hdop>
        <extensions>
          <osmand:speed>0.1</osmand:speed>
        </extensions>
      </trkpt>
      <trkpt lat="43.7555391" lon="6.565743">
        <ele>918.7</ele>
        <time>2026-07-19T15:59:29Z</time>
        <hdop>3</hdop>
        <extensions>
          <osmand:speed>0.1</osmand:speed>
        </extensions>
      </trkpt>
      <trkpt lat="43.7555387" lon="6.5657435">
        <ele>918.7</ele>
        <time>2026-07-19T15:59:35Z</time>
        <hdop>3</hdop>
        <extensions>
          <osmand:speed>0.1</osmand:speed>
        </extensions>
      </trkpt>
      <trkpt lat="43.7555385" lon="6.5657437">
        <ele>918.8</ele>
        <time>2026-07-19T15:59:40Z</time>
        <hdop>3</hdop>
        <extensions>
          <osmand:speed>0.1</osmand:speed>
        </extensions>
      </trkpt>
      <trkpt lat="43.7555377" lon="6.5657447">
        <ele>918.7</ele>
        <time>2026-07-19T15:59:46Z</time>
        <hdop>3</hdop>
        <extensions>
          <osmand:speed>0.1</osmand:speed>
        </extensions>
      </trkpt>
      <trkpt lat="43.755537" lon="6.5657456">
        <ele>918.7</ele>
        <time>2026-07-19T15:59:52Z</time>
        <hdop>3</hdop>
        <extensions>
          <osmand:speed>0.1</osmand:speed>
        </extensions>
      </trkpt>
      <trkpt lat="43.7555364" lon="6.5657459">
        <ele>918.7</ele>
        <time>2026-07-19T15:59:58Z</time>
        <hdop>3</hdop>
        <extensions>
          <osmand:speed>0.1</osmand:speed>
        </extensions>
      </trkpt>
      <trkpt lat="43.7555363" lon="6.5657456">
        <ele>918.6</ele>
        <time>2026-07-19T16:00:03Z</time>
        <hdop>3</hdop>
        <extensions>
          <osmand:speed>0.1</osmand:speed>
        </extensions>
      </trkpt>
      <trkpt lat="43.755536" lon="6.5657458">
        <ele>918.9</ele>
        <time>2026-07-19T16:00:08Z</time>
        <hdop>3</hdop>
        <extensions>
          <osmand:speed>0.1</osmand:speed>
        </extensions>
      </trkpt>
      <trkpt lat="43.7555366" lon="6.5657456">
        <ele>918.9</ele>
        <time>2026-07-19T16:00:13Z</time>
        <hdop>3</hdop>
        <extensions>
          <osmand:speed>0.1</osmand:speed>
        </extensions>
      </trkpt>
      <trkpt lat="43.7555377" lon="6.5657456">
        <ele>918.7</ele>
        <time>2026-07-19T16:00:19Z</time>
        <hdop>3</hdop>
        <extensions>
          <osmand:speed>0.1</osmand:speed>
        </extensions>
      </trkpt>
      <trkpt lat="43.7555385" lon="6.5657461">
        <ele>918.9</ele>
        <time>2026-07-19T16:00:25Z</time>
        <hdop>3</hdop>
        <extensions>
          <osmand:speed>0.1</osmand:speed>
        </extensions>
      </trkpt>
      <trkpt lat="43.7555387" lon="6.5657465">
        <ele>918.9</ele>
        <time>2026-07-19T16:00:31Z</time>
        <hdop>3</hdop>
        <extensions>
          <osmand:speed>0.1</osmand:speed>
        </extensions>
      </trkpt>
      <trkpt lat="43.7555385" lon="6.5657466">
        <ele>918.9</ele>
        <time>2026-07-19T16:00:37Z</time>
        <hdop>3</hdop>
        <extensions>
          <osmand:speed>0.1</osmand:speed>
        </extensions>
      </trkpt>
      <trkpt lat="43.755539" lon="6.5657478">
        <ele>918.9</ele>
        <time>2026-07-19T16:00:43Z</time>
        <hdop>3</hdop>
        <extensions>
          <osmand:speed>0.1</osmand:speed>
        </extensions>
      </trkpt>
      <trkpt lat="43.7555389" lon="6.5657478">
        <ele>919</ele>
        <time>2026-07-19T16:00:48Z</time>
        <hdop>3</hdop>
        <extensions>
          <osmand:speed>0.1</osmand:speed>
        </extensions>
      </trkpt>
      <trkpt lat="43.7555384" lon="6.5657473">
        <ele>919.2</ele>
        <time>2026-07-19T16:00:54Z</time>
        <hdop>3</hdop>
        <extensions>
          <osmand:speed>0.1</osmand:speed>
        </extensions>
      </trkpt>
      <trkpt lat="43.7555386" lon="6.5657468">
        <ele>919.2</ele>
        <time>2026-07-19T16:01:00Z</time>
        <hdop>3</hdop>
        <extensions>
          <osmand:speed>0.1</osmand:speed>
        </extensions>
      </trkpt>
      <trkpt lat="43.7555383" lon="6.565747">
        <ele>919.1</ele>
        <time>2026-07-19T16:01:05Z</time>
        <hdop>3</hdop>
        <extensions>
          <osmand:speed>0.1</osmand:speed>
        </extensions>
      </trkpt>
      <trkpt lat="43.7555382" lon="6.5657476">
        <ele>919.1</ele>
        <time>2026-07-19T16:01:11Z</time>
        <hdop>3</hdop>
        <extensions>
          <osmand:speed>0.1</osmand:speed>
        </extensions>
      </trkpt>
      <trkpt lat="43.755538" lon="6.5657474">
        <ele>919.2</ele>
        <time>2026-07-19T16:01:17Z</time>
        <hdop>3</hdop>
        <extensions>
          <osmand:speed>0.1</osmand:speed>
        </extensions>
      </trkpt>
      <trkpt lat="43.7555381" lon="6.5657471">
        <ele>919.1</ele>
        <time>2026-07-19T16:01:23Z</time>
        <hdop>3</hdop>
        <extensions>
          <osmand:speed>0.1</osmand:speed>
        </extensions>
      </trkpt>
      <trkpt lat="43.7555382" lon="6.5657464">
        <ele>919.2</ele>
        <time>2026-07-19T16:01:29Z</time>
        <hdop>3</hdop>
        <extensions>
          <osmand:speed>0.1</osmand:speed>
        </extensions>
      </trkpt>
      <trkpt lat="43.7555388" lon="6.5657464">
        <ele>919.3</ele>
        <time>2026-07-19T16:01:35Z</time>
        <hdop>3</hdop>
        <extensions>
          <osmand:speed>0.1</osmand:speed>
        </extensions>
      </trkpt>
      <trkpt lat="43.7555394" lon="6.5657467">
        <ele>919.4</ele>
        <time>2026-07-19T16:01:41Z</time>
        <hdop>3</hdop>
        <extensions>
          <osmand:speed>0.1</osmand:speed>
        </extensions>
      </trkpt>
      <trkpt lat="43.7555395" lon="6.5657466">
        <ele>919.5</ele>
        <time>2026-07-19T16:01:46Z</time>
        <hdop>3</hdop>
        <extensions>
          <osmand:speed>0.1</osmand:speed>
        </extensions>
      </trkpt>
      <trkpt lat="43.7555395" lon="6.5657461">
        <ele>919.4</ele>
        <time>2026-07-19T16:01:52Z</time>
        <hdop>3</hdop>
        <extensions>
          <osmand:speed>0.1</osmand:speed>
        </extensions>
      </trkpt>
      <trkpt lat="43.7555396" lon="6.565746">
        <ele>919.5</ele>
        <time>2026-07-19T16:01:57Z</time>
        <hdop>3</hdop>
        <extensions>
          <osmand:speed>0.1</osmand:speed>
        </extensions>
      </trkpt>
      <trkpt lat="43.7555393" lon="6.5657461">
        <ele>919.6</ele>
        <time>2026-07-19T16:02:03Z</time>
        <hdop>3</hdop>
        <extensions>
          <osmand:speed>0.1</osmand:speed>
        </extensions>
      </trkpt>
      <trkpt lat="43.755539" lon="6.565746">
        <ele>919.6</ele>
        <time>2026-07-19T16:02:09Z</time>
        <hdop>3</hdop>
        <extensions>
          <osmand:speed>0.1</osmand:speed>
        </extensions>
      </trkpt>
      <trkpt lat="43.7555392" lon="6.5657457">
        <ele>919.6</ele>
        <time>2026-07-19T16:02:14Z</time>
        <hdop>3</hdop>
        <extensions>
          <osmand:speed>0.1</osmand:speed>
        </extensions>
      </trkpt>
      <trkpt lat="43.7555392" lon="6.565746">
        <ele>919.5</ele>
        <time>2026-07-19T16:02:20Z</time>
        <hdop>3</hdop>
        <extensions>
          <osmand:speed>0.1</osmand:speed>
        </extensions>
      </trkpt>
      <trkpt lat="43.7555391" lon="6.5657456">
        <ele>919.4</ele>
        <time>2026-07-19T16:02:26Z</time>
        <hdop>3</hdop>
        <extensions>
          <osmand:speed>0.1</osmand:speed>
        </extensions>
      </trkpt>
      <trkpt lat="43.7555389" lon="6.5657448">
        <ele>919.5</ele>
        <time>2026-07-19T16:02:32Z</time>
        <hdop>3</hdop>
        <extensions>
          <osmand:speed>0.1</osmand:speed>
        </extensions>
      </trkpt>
      <trkpt lat="43.7555391" lon="6.5657448">
        <ele>919.8</ele>
        <time>2026-07-19T16:02:38Z</time>
        <hdop>3</hdop>
        <extensions>
          <osmand:speed>0.1</osmand:speed>
        </extensions>
      </trkpt>
      <trkpt lat="43.7555391" lon="6.5657449">
        <ele>919.7</ele>
        <time>2026-07-19T16:02:44Z</time>
        <hdop>3</hdop>
        <extensions>
          <osmand:speed>0.1</osmand:speed>
        </extensions>
      </trkpt>
      <trkpt lat="43.7555391" lon="6.5657448">
        <ele>919.6</ele>
        <time>2026-07-19T16:02:50Z</time>
        <hdop>3</hdop>
        <extensions>
          <osmand:speed>0.1</osmand:speed>
        </extensions>
      </trkpt>
      <trkpt lat="43.755539" lon="6.5657441">
        <ele>919.4</ele>
        <time>2026-07-19T16:02:56Z</time>
        <hdop>3</hdop>
        <extensions>
          <osmand:speed>0.1</osmand:speed>
        </extensions>
      </trkpt>
      <trkpt lat="43.7555393" lon="6.565744">
        <ele>919.4</ele>
        <time>2026-07-19T16:03:01Z</time>
        <hdop>3</hdop>
        <extensions>
          <osmand:speed>0.1</osmand:speed>
        </extensions>
      </trkpt>
      <trkpt lat="43.7555397" lon="6.5657438">
        <ele>919.4</ele>
        <time>2026-07-19T16:03:07Z</time>
        <hdop>3</hdop>
        <extensions>
          <osmand:speed>0.1</osmand:speed>
        </extensions>
      </trkpt>
      <trkpt lat="43.7555393" lon="6.5657439">
        <ele>919.3</ele>
        <time>2026-07-19T16:03:13Z</time>
        <hdop>3</hdop>
        <extensions>
          <osmand:speed>0.1</osmand:speed>
        </extensions>
      </trkpt>
      <trkpt lat="43.7555392" lon="6.5657441">
        <ele>919.2</ele>
        <time>2026-07-19T16:03:19Z</time>
        <hdop>3</hdop>
        <extensions>
          <osmand:speed>0.1</osmand:speed>
        </extensions>
      </trkpt>
      <trkpt lat="43.7555387" lon="6.5657443">
        <ele>919.3</ele>
        <time>2026-07-19T16:03:25Z</time>
        <hdop>3</hdop>
        <extensions>
          <osmand:speed>0.1</osmand:speed>
        </extensions>
      </trkpt>
      <trkpt lat="43.7555386" lon="6.5657445">
        <ele>919.4</ele>
        <time>2026-07-19T16:03:31Z</time>
        <hdop>3</hdop>
        <extensions>
          <osmand:speed>0.1</osmand:speed>
        </extensions>
      </trkpt>
      <trkpt lat="43.7555386" lon="6.5657442">
        <ele>919.2</ele>
        <time>2026-07-19T16:03:37Z</time>
        <hdop>3</hdop>
        <extensions>
          <osmand:speed>0.1</osmand:speed>
        </extensions>
      </trkpt>
      <trkpt lat="43.755539" lon="6.565743">
        <ele>919.2</ele>
        <time>2026-07-19T16:03:43Z</time>
        <hdop>3</hdop>
        <extensions>
          <osmand:speed>0.1</osmand:speed>
        </extensions>
      </trkpt>
      <trkpt lat="43.7555393" lon="6.5657419">
        <ele>918.9</ele>
        <time>2026-07-19T16:03:49Z</time>
        <hdop>3</hdop>
        <extensions>
          <osmand:speed>0.1</osmand:speed>
        </extensions>
      </trkpt>
      <trkpt lat="43.7555397" lon="6.5657416">
        <ele>918.8</ele>
        <time>2026-07-19T16:03:55Z</time>
        <hdop>3</hdop>
        <extensions>
          <osmand:speed>0.1</osmand:speed>
        </extensions>
      </trkpt>
      <trkpt lat="43.7555401" lon="6.565742">
        <ele>919</ele>
        <time>2026-07-19T16:04:00Z</time>
        <hdop>3</hdop>
        <extensions>
          <osmand:speed>0.1</osmand:speed>
        </extensions>
      </trkpt>
      <trkpt lat="43.7555398" lon="6.5657424">
        <ele>919.5</ele>
        <time>2026-07-19T16:04:06Z</time>
        <hdop>3</hdop>
        <extensions>
          <osmand:speed>0.1</osmand:speed>
        </extensions>
      </trkpt>
      <trkpt lat="43.7555392" lon="6.5657426">
        <ele>919.6</ele>
        <time>2026-07-19T16:04:12Z</time>
        <hdop>3</hdop>
        <extensions>
          <osmand:speed>0.1</osmand:speed>
        </extensions>
      </trkpt>
      <trkpt lat="43.7555392" lon="6.5657426">
        <ele>919.7</ele>
        <time>2026-07-19T16:04:18Z</time>
        <hdop>3</hdop>
        <extensions>
          <osmand:speed>0.1</osmand:speed>
        </extensions>
      </trkpt>
      <trkpt lat="43.7555388" lon="6.565743">
        <ele>920.1</ele>
        <time>2026-07-19T16:04:23Z</time>
        <hdop>3</hdop>
        <extensions>
          <osmand:speed>0.1</osmand:speed>
        </extensions>
      </trkpt>
      <trkpt lat="43.755539" lon="6.5657432">
        <ele>919.9</ele>
        <time>2026-07-19T16:04:29Z</time>
        <hdop>3</hdop>
        <extensions>
          <osmand:speed>0.1</osmand:speed>
        </extensions>
      </trkpt>
      <trkpt lat="43.755539" lon="6.5657433">
        <ele>920</ele>
        <time>2026-07-19T16:04:35Z</time>
        <hdop>3</hdop>
        <extensions>
          <osmand:speed>0.1</osmand:speed>
        </extensions>
      </trkpt>
      <trkpt lat="43.7555387" lon="6.5657432">
        <ele>920.1</ele>
        <time>2026-07-19T16:04:41Z</time>
        <hdop>3</hdop>
        <extensions>
          <osmand:speed>0.1</osmand:speed>
        </extensions>
      </trkpt>
      <trkpt lat="43.7555387" lon="6.5657437">
        <ele>920.2</ele>
        <time>2026-07-19T16:04:47Z</time>
        <hdop>3</hdop>
        <extensions>
          <osmand:speed>0.1</osmand:speed>
        </extensions>
      </trkpt>
      <trkpt lat="43.7555389" lon="6.5657444">
        <ele>920.1</ele>
        <time>2026-07-19T16:04:53Z</time>
        <hdop>3</hdop>
        <extensions>
          <osmand:speed>0.1</osmand:speed>
        </extensions>
      </trkpt>
      <trkpt lat="43.7555388" lon="6.5657449">
        <ele>920</ele>
        <time>2026-07-19T16:04:59Z</time>
        <hdop>3</hdop>
        <extensions>
          <osmand:speed>0.1</osmand:speed>
        </extensions>
      </trkpt>
      <trkpt lat="43.7555387" lon="6.5657447">
        <ele>920</ele>
        <time>2026-07-19T16:05:04Z</time>
        <hdop>3</hdop>
        <extensions>
          <osmand:speed>0.1</osmand:speed>
        </extensions>
      </trkpt>
      <trkpt lat="43.7555384" lon="6.5657443">
        <ele>920.2</ele>
        <time>2026-07-19T16:05:10Z</time>
        <hdop>3</hdop>
        <extensions>
          <osmand:speed>0.1</osmand:speed>
        </extensions>
      </trkpt>
      <trkpt lat="43.7555387" lon="6.5657442">
        <ele>920.2</ele>
        <time>2026-07-19T16:05:16Z</time>
        <hdop>3</hdop>
        <extensions>
          <osmand:speed>0.1</osmand:speed>
        </extensions>
      </trkpt>
      <trkpt lat="43.7555389" lon="6.5657439">
        <ele>920</ele>
        <time>2026-07-19T16:05:21Z</time>
        <hdop>3</hdop>
        <extensions>
          <osmand:speed>0.1</osmand:speed>
        </extensions>
      </trkpt>
      <trkpt lat="43.755539" lon="6.5657436">
        <ele>920</ele>
        <time>2026-07-19T16:05:26Z</time>
        <hdop>3</hdop>
        <extensions>
          <osmand:speed>0.1</osmand:speed>
        </extensions>
      </trkpt>
      <trkpt lat="43.7555394" lon="6.5657438">
        <ele>920.1</ele>
        <time>2026-07-19T16:05:32Z</time>
        <hdop>3</hdop>
        <extensions>
          <osmand:speed>0.1</osmand:speed>
        </extensions>
      </trkpt>
      <trkpt lat="43.7555396" lon="6.5657441">
        <ele>920.2</ele>
        <time>2026-07-19T16:05:38Z</time>
        <hdop>3</hdop>
        <extensions>
          <osmand:speed>0.1</osmand:speed>
        </extensions>
      </trkpt>
      <trkpt lat="43.7555396" lon="6.5657439">
        <ele>920</ele>
        <time>2026-07-19T16:05:43Z</time>
        <hdop>3</hdop>
        <extensions>
          <osmand:speed>0.1</osmand:speed>
        </extensions>
      </trkpt>
      <trkpt lat="43.7555393" lon="6.5657436">
        <ele>919.9</ele>
        <time>2026-07-19T16:05:49Z</time>
        <hdop>3</hdop>
        <extensions>
          <osmand:speed>0.1</osmand:speed>
        </extensions>
      </trkpt>
      <trkpt lat="43.755539" lon="6.565743">
        <ele>919.8</ele>
        <time>2026-07-19T16:05:54Z</time>
        <hdop>3</hdop>
        <extensions>
          <osmand:speed>0.1</osmand:speed>
        </extensions>
      </trkpt>
      <trkpt lat="43.7555389" lon="6.5657426">
        <ele>919.8</ele>
        <time>2026-07-19T16:06:00Z</time>
        <hdop>3</hdop>
        <extensions>
          <osmand:speed>0.1</osmand:speed>
        </extensions>
      </trkpt>
      <trkpt lat="43.7555392" lon="6.5657419">
        <ele>919.9</ele>
        <time>2026-07-19T16:06:06Z</time>
        <hdop>3</hdop>
        <extensions>
          <osmand:speed>0.1</osmand:speed>
        </extensions>
      </trkpt>
      <trkpt lat="43.7555397" lon="6.5657413">
        <ele>920</ele>
        <time>2026-07-19T16:06:11Z</time>
        <hdop>3</hdop>
        <extensions>
          <osmand:speed>0.1</osmand:speed>
        </extensions>
      </trkpt>
      <trkpt lat="43.7555398" lon="6.5657416">
        <ele>920</ele>
        <time>2026-07-19T16:06:17Z</time>
        <hdop>3</hdop>
        <extensions>
          <osmand:speed>0.1</osmand:speed>
        </extensions>
      </trkpt>
      <trkpt lat="43.7555403" lon="6.565742">
        <ele>919.9</ele>
        <time>2026-07-19T16:06:23Z</time>
        <hdop>3</hdop>
        <extensions>
          <osmand:speed>0.1</osmand:speed>
        </extensions>
      </trkpt>
      <trkpt lat="43.7555409" lon="6.565742">
        <ele>919.9</ele>
        <time>2026-07-19T16:06:29Z</time>
        <hdop>3</hdop>
        <extensions>
          <osmand:speed>0.1</osmand:speed>
        </extensions>
      </trkpt>
      <trkpt lat="43.7555411" lon="6.5657427">
        <ele>920</ele>
        <time>2026-07-19T16:06:35Z</time>
        <hdop>3</hdop>
        <extensions>
          <osmand:speed>0.1</osmand:speed>
        </extensions>
      </trkpt>
      <trkpt lat="43.7555413" lon="6.5657426">
        <ele>920</ele>
        <time>2026-07-19T16:06:41Z</time>
        <hdop>3</hdop>
        <extensions>
          <osmand:speed>0.1</osmand:speed>
        </extensions>
      </trkpt>
      <trkpt lat="43.7555412" lon="6.5657429">
        <ele>920</ele>
        <time>2026-07-19T16:06:47Z</time>
        <hdop>3</hdop>
        <extensions>
          <osmand:speed>0.1</osmand:speed>
        </extensions>
      </trkpt>
      <trkpt lat="43.7555409" lon="6.5657428">
        <ele>919.9</ele>
        <time>2026-07-19T16:06:53Z</time>
        <hdop>3</hdop>
        <extensions>
          <osmand:speed>0.1</osmand:speed>
        </extensions>
      </trkpt>
      <trkpt lat="43.7555409" lon="6.5657427">
        <ele>919.8</ele>
        <time>2026-07-19T16:06:58Z</time>
        <hdop>3</hdop>
        <extensions>
          <osmand:speed>0.1</osmand:speed>
        </extensions>
      </trkpt>
      <trkpt lat="43.7555408" lon="6.5657422">
        <ele>919.9</ele>
        <time>2026-07-19T16:07:04Z</time>
        <hdop>3</hdop>
        <extensions>
          <osmand:speed>0.1</osmand:speed>
        </extensions>
      </trkpt>
      <trkpt lat="43.7555405" lon="6.5657414">
        <ele>919.9</ele>
        <time>2026-07-19T16:07:10Z</time>
        <hdop>3</hdop>
        <extensions>
          <osmand:speed>0.1</osmand:speed>
        </extensions>
      </trkpt>
      <trkpt lat="43.7555404" lon="6.565741">
        <ele>919.9</ele>
        <time>2026-07-19T16:07:15Z</time>
        <hdop>3</hdop>
        <extensions>
          <osmand:speed>0.1</osmand:speed>
        </extensions>
      </trkpt>
      <trkpt lat="43.7555402" lon="6.56574">
        <ele>919.7</ele>
        <time>2026-07-19T16:07:21Z</time>
        <hdop>3</hdop>
        <extensions>
          <osmand:speed>0.1</osmand:speed>
        </extensions>
      </trkpt>
      <trkpt lat="43.7555404" lon="6.5657392">
        <ele>919.6</ele>
        <time>2026-07-19T16:07:27Z</time>
        <hdop>3</hdop>
        <extensions>
          <osmand:speed>0.1</osmand:speed>
        </extensions>
      </trkpt>
      <trkpt lat="43.7555406" lon="6.5657388">
        <ele>919.7</ele>
        <time>2026-07-19T16:07:33Z</time>
        <hdop>3</hdop>
        <extensions>
          <osmand:speed>0.1</osmand:speed>
        </extensions>
      </trkpt>
      <trkpt lat="43.7555413" lon="6.5657389">
        <ele>919.8</ele>
        <time>2026-07-19T16:07:39Z</time>
        <hdop>3</hdop>
        <extensions>
          <osmand:speed>0.1</osmand:speed>
        </extensions>
      </trkpt>
      <trkpt lat="43.7555414" lon="6.5657387">
        <ele>919.7</ele>
        <time>2026-07-19T16:07:44Z</time>
        <hdop>3</hdop>
        <extensions>
          <osmand:speed>0.1</osmand:speed>
        </extensions>
      </trkpt>
      <trkpt lat="43.7555411" lon="6.5657393">
        <ele>919.6</ele>
        <time>2026-07-19T16:07:50Z</time>
        <hdop>3</hdop>
        <extensions>
          <osmand:speed>0.1</osmand:speed>
        </extensions>
      </trkpt>
      <trkpt lat="43.7555413" lon="6.5657393">
        <ele>919.8</ele>
        <time>2026-07-19T16:07:56Z</time>
        <hdop>3</hdop>
        <extensions>
          <osmand:speed>0.1</osmand:speed>
        </extensions>
      </trkpt>
      <trkpt lat="43.7555412" lon="6.5657402">
        <ele>919.8</ele>
        <time>2026-07-19T16:08:02Z</time>
        <hdop>3</hdop>
        <extensions>
          <osmand:speed>0.1</osmand:speed>
        </extensions>
      </trkpt>
      <trkpt lat="43.7555414" lon="6.5657415">
        <ele>919.8</ele>
        <time>2026-07-19T16:08:08Z</time>
        <hdop>3</hdop>
        <extensions>
          <osmand:speed>0.1</osmand:speed>
        </extensions>
      </trkpt>
      <trkpt lat="43.7555414" lon="6.5657423">
        <ele>919.7</ele>
        <time>2026-07-19T16:08:14Z</time>
        <hdop>3</hdop>
        <extensions>
          <osmand:speed>0.1</osmand:speed>
        </extensions>
      </trkpt>
      <trkpt lat="43.7555412" lon="6.565742">
        <ele>919.5</ele>
        <time>2026-07-19T16:08:19Z</time>
        <hdop>3</hdop>
        <extensions>
          <osmand:speed>0.1</osmand:speed>
        </extensions>
      </trkpt>
      <trkpt lat="43.7555412" lon="6.5657416">
        <ele>919.5</ele>
        <time>2026-07-19T16:08:24Z</time>
        <hdop>3</hdop>
        <extensions>
          <osmand:speed>0.1</osmand:speed>
        </extensions>
      </trkpt>
      <trkpt lat="43.7555413" lon="6.5657398">
        <ele>919.5</ele>
        <time>2026-07-19T16:08:30Z</time>
        <hdop>3</hdop>
        <extensions>
          <osmand:speed>0.1</osmand:speed>
        </extensions>
      </trkpt>
      <trkpt lat="43.7555414" lon="6.5657397">
        <ele>919.5</ele>
        <time>2026-07-19T16:08:35Z</time>
        <hdop>3</hdop>
        <extensions>
          <osmand:speed>0.1</osmand:speed>
        </extensions>
      </trkpt>
      <trkpt lat="43.7555413" lon="6.5657398">
        <ele>919.2</ele>
        <time>2026-07-19T16:08:41Z</time>
        <hdop>3</hdop>
        <extensions>
          <osmand:speed>0.1</osmand:speed>
        </extensions>
      </trkpt>
      <trkpt lat="43.7555412" lon="6.5657397">
        <ele>919.4</ele>
        <time>2026-07-19T16:08:46Z</time>
        <hdop>3</hdop>
        <extensions>
          <osmand:speed>0.1</osmand:speed>
        </extensions>
      </trkpt>
      <trkpt lat="43.7555405" lon="6.5657393">
        <ele>919.5</ele>
        <time>2026-07-19T16:08:52Z</time>
        <hdop>3</hdop>
        <extensions>
          <osmand:speed>0.1</osmand:speed>
        </extensions>
      </trkpt>
      <trkpt lat="43.7555403" lon="6.5657391">
        <ele>919.6</ele>
        <time>2026-07-19T16:08:58Z</time>
        <hdop>3</hdop>
        <extensions>
          <osmand:speed>0.1</osmand:speed>
        </extensions>
      </trkpt>
      <trkpt lat="43.7555399" lon="6.5657391">
        <ele>919.8</ele>
        <time>2026-07-19T16:09:03Z</time>
        <hdop>3</hdop>
        <extensions>
          <osmand:speed>0.1</osmand:speed>
        </extensions>
      </trkpt>
      <trkpt lat="43.7555397" lon="6.5657397">
        <ele>919.7</ele>
        <time>2026-07-19T16:09:09Z</time>
        <hdop>3</hdop>
        <extensions>
          <osmand:speed>0.1</osmand:speed>
        </extensions>
      </trkpt>
      <trkpt lat="43.7555394" lon="6.5657396">
        <ele>919.7</ele>
        <time>2026-07-19T16:09:15Z</time>
        <hdop>3</hdop>
        <extensions>
          <osmand:speed>0.1</osmand:speed>
        </extensions>
      </trkpt>
      <trkpt lat="43.7555394" lon="6.5657389">
        <ele>919.4</ele>
        <time>2026-07-19T16:09:20Z</time>
        <hdop>3</hdop>
        <extensions>
          <osmand:speed>0.1</osmand:speed>
        </extensions>
      </trkpt>
      <trkpt lat="43.75554" lon="6.565739">
        <ele>919.3</ele>
        <time>2026-07-19T16:09:26Z</time>
        <hdop>3</hdop>
        <extensions>
          <osmand:speed>0.1</osmand:speed>
        </extensions>
      </trkpt>
      <trkpt lat="43.7555402" lon="6.5657388">
        <ele>919.2</ele>
        <time>2026-07-19T16:09:31Z</time>
        <hdop>3</hdop>
        <extensions>
          <osmand:speed>0.1</osmand:speed>
        </extensions>
      </trkpt>
      <trkpt lat="43.7555403" lon="6.5657385">
        <ele>919.2</ele>
        <time>2026-07-19T16:09:37Z</time>
        <hdop>3</hdop>
        <extensions>
          <osmand:speed>0.1</osmand:speed>
        </extensions>
      </trkpt>
      <trkpt lat="43.7555407" lon="6.5657392">
        <ele>919.1</ele>
        <time>2026-07-19T16:09:42Z</time>
        <hdop>3</hdop>
        <extensions>
          <osmand:speed>0.1</osmand:speed>
        </extensions>
      </trkpt>
      <trkpt lat="43.755541" lon="6.5657402">
        <ele>919.5</ele>
        <time>2026-07-19T16:09:48Z</time>
        <hdop>3</hdop>
        <extensions>
          <osmand:speed>0.1</osmand:speed>
        </extensions>
      </trkpt>
      <trkpt lat="43.7555413" lon="6.5657404">
        <ele>919.8</ele>
        <time>2026-07-19T16:09:53Z</time>
        <hdop>3</hdop>
        <extensions>
          <osmand:speed>0.1</osmand:speed>
        </extensions>
      </trkpt>
      <trkpt lat="43.7555415" lon="6.5657403">
        <ele>920.1</ele>
        <time>2026-07-19T16:09:59Z</time>
        <hdop>3</hdop>
        <extensions>
          <osmand:speed>0.1</osmand:speed>
        </extensions>
      </trkpt>
      <trkpt lat="43.7555421" lon="6.5657399">
        <ele>920.2</ele>
        <time>2026-07-19T16:10:05Z</time>
        <hdop>3</hdop>
        <extensions>
          <osmand:speed>0.1</osmand:speed>
        </extensions>
      </trkpt>
      <trkpt lat="43.7555428" lon="6.5657405">
        <ele>920.2</ele>
        <time>2026-07-19T16:10:11Z</time>
        <hdop>3</hdop>
        <extensions>
          <osmand:speed>0.1</osmand:speed>
        </extensions>
      </trkpt>
      <trkpt lat="43.7555433" lon="6.5657406">
        <ele>920.1</ele>
        <time>2026-07-19T16:10:16Z</time>
        <hdop>3</hdop>
        <extensions>
          <osmand:speed>0.1</osmand:speed>
        </extensions>
      </trkpt>
      <trkpt lat="43.7555438" lon="6.5657416">
        <ele>920</ele>
        <time>2026-07-19T16:10:22Z</time>
        <hdop>3</hdop>
        <extensions>
          <osmand:speed>0.1</osmand:speed>
        </extensions>
      </trkpt>
      <trkpt lat="43.755544" lon="6.5657415">
        <ele>920.1</ele>
        <time>2026-07-19T16:10:28Z</time>
        <hdop>3</hdop>
        <extensions>
          <osmand:speed>0.1</osmand:speed>
        </extensions>
      </trkpt>
      <trkpt lat="43.7555438" lon="6.5657412">
        <ele>920.1</ele>
        <time>2026-07-19T16:10:34Z</time>
        <hdop>3</hdop>
        <extensions>
          <osmand:speed>0.1</osmand:speed>
        </extensions>
      </trkpt>
      <trkpt lat="43.7555438" lon="6.5657409">
        <ele>920.1</ele>
        <time>2026-07-19T16:10:39Z</time>
        <hdop>3</hdop>
        <extensions>
          <osmand:speed>0.1</osmand:speed>
        </extensions>
      </trkpt>
      <trkpt lat="43.7555441" lon="6.5657403">
        <ele>920.1</ele>
        <time>2026-07-19T16:10:45Z</time>
        <hdop>3</hdop>
        <extensions>
          <osmand:speed>0.1</osmand:speed>
        </extensions>
      </trkpt>
      <trkpt lat="43.7555446" lon="6.5657399">
        <ele>919.9</ele>
        <time>2026-07-19T16:10:50Z</time>
        <hdop>3</hdop>
        <extensions>
          <osmand:speed>0.1</osmand:speed>
        </extensions>
      </trkpt>
      <trkpt lat="43.7555448" lon="6.56574">
        <ele>919.8</ele>
        <time>2026-07-19T16:10:56Z</time>
        <hdop>3</hdop>
        <extensions>
          <osmand:speed>0.1</osmand:speed>
        </extensions>
      </trkpt>
      <trkpt lat="43.7555446" lon="6.5657402">
        <ele>919.9</ele>
        <time>2026-07-19T16:11:02Z</time>
        <hdop>3</hdop>
        <extensions>
          <osmand:speed>0.1</osmand:speed>
        </extensions>
      </trkpt>
      <trkpt lat="43.7555447" lon="6.5657404">
        <ele>919.9</ele>
        <time>2026-07-19T16:11:08Z</time>
        <hdop>3</hdop>
        <extensions>
          <osmand:speed>0.1</osmand:speed>
        </extensions>
      </trkpt>
      <trkpt lat="43.7555445" lon="6.5657402">
        <ele>919.8</ele>
        <time>2026-07-19T16:11:13Z</time>
        <hdop>3</hdop>
        <extensions>
          <osmand:speed>0.1</osmand:speed>
        </extensions>
      </trkpt>
      <trkpt lat="43.7555444" lon="6.5657403">
        <ele>919.5</ele>
        <time>2026-07-19T16:11:18Z</time>
        <hdop>3</hdop>
        <extensions>
          <osmand:speed>0.1</osmand:speed>
        </extensions>
      </trkpt>
      <trkpt lat="43.7555443" lon="6.56574">
        <ele>919.4</ele>
        <time>2026-07-19T16:11:24Z</time>
        <hdop>3</hdop>
        <extensions>
          <osmand:speed>0.1</osmand:speed>
        </extensions>
      </trkpt>
      <trkpt lat="43.7555444" lon="6.5657399">
        <ele>919.5</ele>
        <time>2026-07-19T16:11:29Z</time>
        <hdop>3</hdop>
        <extensions>
          <osmand:speed>0.1</osmand:speed>
        </extensions>
      </trkpt>
      <trkpt lat="43.7555441" lon="6.5657391">
        <ele>919.7</ele>
        <time>2026-07-19T16:11:35Z</time>
        <hdop>3</hdop>
        <extensions>
          <osmand:speed>0.1</osmand:speed>
        </extensions>
      </trkpt>
      <trkpt lat="43.7555437" lon="6.5657392">
        <ele>919.9</ele>
        <time>2026-07-19T16:11:41Z</time>
        <hdop>3</hdop>
        <extensions>
          <osmand:speed>0.1</osmand:speed>
        </extensions>
      </trkpt>
      <trkpt lat="43.7555438" lon="6.565739">
        <ele>919.9</ele>
        <time>2026-07-19T16:11:47Z</time>
        <hdop>3</hdop>
        <extensions>
          <osmand:speed>0.1</osmand:speed>
        </extensions>
      </trkpt>
      <trkpt lat="43.7555435" lon="6.5657394">
        <ele>920.1</ele>
        <time>2026-07-19T16:11:52Z</time>
        <hdop>3</hdop>
        <extensions>
          <osmand:speed>0.1</osmand:speed>
        </extensions>
      </trkpt>
      <trkpt lat="43.7555436" lon="6.5657395">
        <ele>920.1</ele>
        <time>2026-07-19T16:11:58Z</time>
        <hdop>3</hdop>
        <extensions>
          <osmand:speed>0.1</osmand:speed>
        </extensions>
      </trkpt>
      <trkpt lat="43.7555436" lon="6.5657393">
        <ele>920.2</ele>
        <time>2026-07-19T16:12:03Z</time>
        <hdop>3</hdop>
        <extensions>
          <osmand:speed>0.1</osmand:speed>
        </extensions>
      </trkpt>
      <trkpt lat="43.7555435" lon="6.565739">
        <ele>920.1</ele>
        <time>2026-07-19T16:12:08Z</time>
        <hdop>3</hdop>
        <extensions>
          <osmand:speed>0.1</osmand:speed>
        </extensions>
      </trkpt>
      <trkpt lat="43.7555433" lon="6.565739">
        <ele>920.1</ele>
        <time>2026-07-19T16:12:14Z</time>
        <hdop>3</hdop>
        <extensions>
          <osmand:speed>0.1</osmand:speed>
        </extensions>
      </trkpt>
      <trkpt lat="43.755543" lon="6.5657386">
        <ele>920</ele>
        <time>2026-07-19T16:12:20Z</time>
        <hdop>3</hdop>
        <extensions>
          <osmand:speed>0.1</osmand:speed>
        </extensions>
      </trkpt>
      <trkpt lat="43.7555432" lon="6.5657385">
        <ele>920.1</ele>
        <time>2026-07-19T16:12:26Z</time>
        <hdop>3</hdop>
        <extensions>
          <osmand:speed>0.1</osmand:speed>
        </extensions>
      </trkpt>
      <trkpt lat="43.7555432" lon="6.5657386">
        <ele>920.2</ele>
        <time>2026-07-19T16:12:32Z</time>
        <hdop>3</hdop>
        <extensions>
          <osmand:speed>0.1</osmand:speed>
        </extensions>
      </trkpt>
      <trkpt lat="43.7555431" lon="6.5657393">
        <ele>920.1</ele>
        <time>2026-07-19T16:12:38Z</time>
        <hdop>3</hdop>
        <extensions>
          <osmand:speed>0.1</osmand:speed>
        </extensions>
      </trkpt>
      <trkpt lat="43.7555429" lon="6.5657398">
        <ele>920</ele>
        <time>2026-07-19T16:12:43Z</time>
        <hdop>3</hdop>
        <extensions>
          <osmand:speed>0.1</osmand:speed>
        </extensions>
      </trkpt>
      <trkpt lat="43.7555428" lon="6.5657407">
        <ele>919.8</ele>
        <time>2026-07-19T16:12:49Z</time>
        <hdop>3</hdop>
        <extensions>
          <osmand:speed>0.1</osmand:speed>
        </extensions>
      </trkpt>
      <trkpt lat="43.7555428" lon="6.565741">
        <ele>920</ele>
        <time>2026-07-19T16:12:54Z</time>
        <hdop>3</hdop>
        <extensions>
          <osmand:speed>0.1</osmand:speed>
        </extensions>
      </trkpt>
      <trkpt lat="43.7555429" lon="6.5657412">
        <ele>920.1</ele>
        <time>2026-07-19T16:13:00Z</time>
        <hdop>3</hdop>
        <extensions>
          <osmand:speed>0.1</osmand:speed>
        </extensions>
      </trkpt>
      <trkpt lat="43.7555434" lon="6.5657408">
        <ele>920.1</ele>
        <time>2026-07-19T16:13:06Z</time>
        <hdop>3</hdop>
        <extensions>
          <osmand:speed>0.1</osmand:speed>
        </extensions>
      </trkpt>
      <trkpt lat="43.7555438" lon="6.5657408">
        <ele>920.1</ele>
        <time>2026-07-19T16:13:11Z</time>
        <hdop>3</hdop>
        <extensions>
          <osmand:speed>0.1</osmand:speed>
        </extensions>
      </trkpt>
      <trkpt lat="43.7555439" lon="6.5657409">
        <ele>920</ele>
        <time>2026-07-19T16:13:17Z</time>
        <hdop>3</hdop>
        <extensions>
          <osmand:speed>0.1</osmand:speed>
        </extensions>
      </trkpt>
      <trkpt lat="43.755544" lon="6.5657412">
        <ele>920.1</ele>
        <time>2026-07-19T16:13:23Z</time>
        <hdop>3</hdop>
        <extensions>
          <osmand:speed>0.1</osmand:speed>
        </extensions>
      </trkpt>
      <trkpt lat="43.7555444" lon="6.5657413">
        <ele>920.2</ele>
        <time>2026-07-19T16:13:28Z</time>
        <hdop>3</hdop>
        <extensions>
          <osmand:speed>0.1</osmand:speed>
        </extensions>
      </trkpt>
      <trkpt lat="43.755545" lon="6.565741">
        <ele>920.3</ele>
        <time>2026-07-19T16:13:34Z</time>
        <hdop>3</hdop>
        <extensions>
          <osmand:speed>0.1</osmand:speed>
        </extensions>
      </trkpt>
      <trkpt lat="43.7555454" lon="6.5657406">
        <ele>920.3</ele>
        <time>2026-07-19T16:13:40Z</time>
        <hdop>3</hdop>
        <extensions>
          <osmand:speed>0.1</osmand:speed>
        </extensions>
      </trkpt>
      <trkpt lat="43.7555458" lon="6.5657404">
        <ele>920.2</ele>
        <time>2026-07-19T16:13:45Z</time>
        <hdop>3</hdop>
        <extensions>
          <osmand:speed>0.1</osmand:speed>
        </extensions>
      </trkpt>
      <trkpt lat="43.7555458" lon="6.5657398">
        <ele>920.3</ele>
        <time>2026-07-19T16:13:51Z</time>
        <hdop>3</hdop>
        <extensions>
          <osmand:speed>0.1</osmand:speed>
        </extensions>
      </trkpt>
      <trkpt lat="43.7555459" lon="6.5657402">
        <ele>920.3</ele>
        <time>2026-07-19T16:13:57Z</time>
        <hdop>3</hdop>
        <extensions>
          <osmand:speed>0.1</osmand:speed>
        </extensions>
      </trkpt>
      <trkpt lat="43.7555463" lon="6.5657397">
        <ele>920.2</ele>
        <time>2026-07-19T16:14:03Z</time>
        <hdop>3</hdop>
        <extensions>
          <osmand:speed>0.1</osmand:speed>
        </extensions>
      </trkpt>
      <trkpt lat="43.7555462" lon="6.5657389">
        <ele>920.1</ele>
        <time>2026-07-19T16:14:09Z</time>
        <hdop>3</hdop>
        <extensions>
          <osmand:speed>0.1</osmand:speed>
        </extensions>
      </trkpt>
      <trkpt lat="43.7555459" lon="6.5657386">
        <ele>920.1</ele>
        <time>2026-07-19T16:14:14Z</time>
        <hdop>3</hdop>
        <extensions>
          <osmand:speed>0.1</osmand:speed>
        </extensions>
      </trkpt>
      <trkpt lat="43.7555459" lon="6.5657385">
        <ele>920.2</ele>
        <time>2026-07-19T16:14:20Z</time>
        <hdop>3</hdop>
        <extensions>
          <osmand:speed>0.1</osmand:speed>
        </extensions>
      </trkpt>
      <trkpt lat="43.7555454" lon="6.5657385">
        <ele>920.3</ele>
        <time>2026-07-19T16:14:25Z</time>
        <hdop>3</hdop>
        <extensions>
          <osmand:speed>0.1</osmand:speed>
        </extensions>
      </trkpt>
      <trkpt lat="43.7555451" lon="6.5657382">
        <ele>920.3</ele>
        <time>2026-07-19T16:14:31Z</time>
        <hdop>3</hdop>
        <extensions>
          <osmand:speed>0.1</osmand:speed>
        </extensions>
      </trkpt>
      <trkpt lat="43.7555451" lon="6.565738">
        <ele>920.3</ele>
        <time>2026-07-19T16:14:36Z</time>
        <hdop>3</hdop>
        <extensions>
          <osmand:speed>0.1</osmand:speed>
        </extensions>
      </trkpt>
      <trkpt lat="43.7555453" lon="6.5657377">
        <ele>920.2</ele>
        <time>2026-07-19T16:14:42Z</time>
        <hdop>3</hdop>
        <extensions>
          <osmand:speed>0.1</osmand:speed>
        </extensions>
      </trkpt>
      <trkpt lat="43.7555451" lon="6.5657383">
        <ele>920.2</ele>
        <time>2026-07-19T16:14:48Z</time>
        <hdop>3</hdop>
        <extensions>
          <osmand:speed>0.1</osmand:speed>
        </extensions>
      </trkpt>
      <trkpt lat="43.7555447" lon="6.5657387">
        <ele>920.3</ele>
        <time>2026-07-19T16:14:53Z</time>
        <hdop>3</hdop>
        <extensions>
          <osmand:speed>0.1</osmand:speed>
        </extensions>
      </trkpt>
      <trkpt lat="43.7555438" lon="6.5657415">
        <ele>920.3</ele>
        <time>2026-07-19T16:14:59Z</time>
        <hdop>3.2</hdop>
        <extensions>
          <osmand:speed>0.7</osmand:speed>
        </extensions>
      </trkpt>
      <trkpt lat="43.7555499" lon="6.5657494">
        <ele>920.2</ele>
        <time>2026-07-19T16:15:05Z</time>
        <hdop>3.1</hdop>
        <extensions>
          <osmand:speed>0.1</osmand:speed>
        </extensions>
      </trkpt>
      <trkpt lat="43.7555515" lon="6.5657525">
        <ele>920.1</ele>
        <time>2026-07-19T16:15:11Z</time>
        <hdop>3</hdop>
        <extensions>
          <osmand:speed>0.1</osmand:speed>
        </extensions>
      </trkpt>
      <trkpt lat="43.7555522" lon="6.5657555">
        <ele>920.1</ele>
        <time>2026-07-19T16:15:17Z</time>
        <hdop>3</hdop>
        <extensions>
          <osmand:speed>0.1</osmand:speed>
        </extensions>
      </trkpt>
      <trkpt lat="43.7555527" lon="6.565757">
        <ele>919.9</ele>
        <time>2026-07-19T16:15:22Z</time>
        <hdop>3</hdop>
        <extensions>
          <osmand:speed>0.1</osmand:speed>
        </extensions>
      </trkpt>
      <trkpt lat="43.7555535" lon="6.5657578">
        <ele>919.9</ele>
        <time>2026-07-19T16:15:28Z</time>
        <hdop>3</hdop>
        <extensions>
          <osmand:speed>0.1</osmand:speed>
        </extensions>
      </trkpt>
      <trkpt lat="43.7555538" lon="6.565758">
        <ele>919.9</ele>
        <time>2026-07-19T16:15:33Z</time>
        <hdop>3</hdop>
        <extensions>
          <osmand:speed>0.1</osmand:speed>
        </extensions>
      </trkpt>
      <trkpt lat="43.7555616" lon="6.565775">
        <ele>920.6</ele>
        <time>2026-07-19T16:15:39Z</time>
        <hdop>3.4</hdop>
        <extensions>
          <osmand:speed>0.8</osmand:speed>
        </extensions>
      </trkpt>
      <trkpt lat="43.7555675" lon="6.5658091">
        <ele>921.1</ele>
        <time>2026-07-19T16:15:44Z</time>
        <hdop>3.4</hdop>
        <extensions>
          <osmand:speed>0.6</osmand:speed>
        </extensions>
      </trkpt>
      <trkpt lat="43.7555548" lon="6.5658836">
        <ele>921.5</ele>
        <time>2026-07-19T16:15:49Z</time>
        <hdop>3.2</hdop>
        <extensions>
          <osmand:speed>0.8</osmand:speed>
        </extensions>
      </trkpt>
      <trkpt lat="43.7555352" lon="6.5659548">
        <ele>921.7</ele>
        <time>2026-07-19T16:15:54Z</time>
        <hdop>3</hdop>
        <extensions>
          <osmand:speed>1</osmand:speed>
        </extensions>
      </trkpt>
      <trkpt lat="43.7555298" lon="6.566008">
        <ele>922.1</ele>
        <time>2026-07-19T16:16:00Z</time>
        <hdop>3</hdop>
        <extensions>
          <osmand:speed>0.8</osmand:speed>
        </extensions>
      </trkpt>
      <trkpt lat="43.7555199" lon="6.5660573">
        <ele>922.4</ele>
        <time>2026-07-19T16:16:05Z</time>
        <hdop>3</hdop>
        <extensions>
          <osmand:speed>0.9</osmand:speed>
        </extensions>
      </trkpt>
      <trkpt lat="43.7555213" lon="6.5661063">
        <ele>922.7</ele>
        <time>2026-07-19T16:16:10Z</time>
        <hdop>3</hdop>
        <extensions>
          <osmand:speed>0.9</osmand:speed>
        </extensions>
      </trkpt>
      <trkpt lat="43.7555387" lon="6.5661648">
        <ele>922.9</ele>
        <time>2026-07-19T16:16:16Z</time>
        <hdop>3</hdop>
        <extensions>
          <osmand:speed>0.9</osmand:speed>
        </extensions>
      </trkpt>
      <trkpt lat="43.7555714" lon="6.5662229">
        <ele>923</ele>
        <time>2026-07-19T16:16:21Z</time>
        <hdop>3</hdop>
        <extensions>
          <osmand:speed>1</osmand:speed>
        </extensions>
      </trkpt>
      <trkpt lat="43.7556047" lon="6.5662654">
        <ele>923.2</ele>
        <time>2026-07-19T16:16:26Z</time>
        <hdop>3</hdop>
        <extensions>
          <osmand:speed>0.9</osmand:speed>
        </extensions>
      </trkpt>
      <trkpt lat="43.7556318" lon="6.5663082">
        <ele>923.3</ele>
        <time>2026-07-19T16:16:31Z</time>
        <hdop>3</hdop>
        <extensions>
          <osmand:speed>0.9</osmand:speed>
        </extensions>
      </trkpt>
      <trkpt lat="43.7556456" lon="6.5663621">
        <ele>923.4</ele>
        <time>2026-07-19T16:16:36Z</time>
        <hdop>3</hdop>
        <extensions>
          <osmand:speed>1</osmand:speed>
        </extensions>
      </trkpt>
      <trkpt lat="43.7556678" lon="6.5664375">
        <ele>923.4</ele>
        <time>2026-07-19T16:16:42Z</time>
        <hdop>3.4</hdop>
        <extensions>
          <osmand:speed>1.1</osmand:speed>
        </extensions>
      </trkpt>
      <trkpt lat="43.7557151" lon="6.5664989">
        <ele>923.4</ele>
        <time>2026-07-19T16:16:47Z</time>
        <hdop>3.5</hdop>
        <extensions>
          <osmand:speed>1.1</osmand:speed>
        </extensions>
      </trkpt>
      <trkpt lat="43.7557579" lon="6.5665562">
        <ele>923.6</ele>
        <time>2026-07-19T16:16:53Z</time>
        <hdop>3</hdop>
        <extensions>
          <osmand:speed>0.9</osmand:speed>
        </extensions>
      </trkpt>
      <trkpt lat="43.7557976" lon="6.566606">
        <ele>923.4</ele>
        <time>2026-07-19T16:16:58Z</time>
        <hdop>3</hdop>
        <extensions>
          <osmand:speed>1</osmand:speed>
        </extensions>
      </trkpt>
      <trkpt lat="43.7558369" lon="6.5666574">
        <ele>923.4</ele>
        <time>2026-07-19T16:17:03Z</time>
        <hdop>3</hdop>
        <extensions>
          <osmand:speed>1.1</osmand:speed>
        </extensions>
      </trkpt>
      <trkpt lat="43.7558798" lon="6.566706">
        <ele>923.4</ele>
        <time>2026-07-19T16:17:08Z</time>
        <hdop>3</hdop>
        <extensions>
          <osmand:speed>1</osmand:speed>
        </extensions>
      </trkpt>
      <trkpt lat="43.7559176" lon="6.5667522">
        <ele>923.3</ele>
        <time>2026-07-19T16:17:14Z</time>
        <hdop>3</hdop>
        <extensions>
          <osmand:speed>1</osmand:speed>
        </extensions>
      </trkpt>
      <trkpt lat="43.7559535" lon="6.5668091">
        <ele>923.4</ele>
        <time>2026-07-19T16:17:19Z</time>
        <hdop>3</hdop>
        <extensions>
          <osmand:speed>1</osmand:speed>
        </extensions>
      </trkpt>
      <trkpt lat="43.7559831" lon="6.5668612">
        <ele>923.4</ele>
        <time>2026-07-19T16:17:24Z</time>
        <hdop>3</hdop>
        <extensions>
          <osmand:speed>1.1</osmand:speed>
        </extensions>
      </trkpt>
      <trkpt lat="43.7560138" lon="6.5669266">
        <ele>923.6</ele>
        <time>2026-07-19T16:17:30Z</time>
        <hdop>3</hdop>
        <extensions>
          <osmand:speed>1.1</osmand:speed>
        </extensions>
      </trkpt>
      <trkpt lat="43.7560414" lon="6.5669993">
        <ele>923.8</ele>
        <time>2026-07-19T16:17:35Z</time>
        <hdop>3</hdop>
        <extensions>
          <osmand:speed>1.1</osmand:speed>
        </extensions>
      </trkpt>
      <trkpt lat="43.7560711" lon="6.5670609">
        <ele>923.8</ele>
        <time>2026-07-19T16:17:40Z</time>
        <hdop>3</hdop>
        <extensions>
          <osmand:speed>0.9</osmand:speed>
        </extensions>
      </trkpt>
      <trkpt lat="43.7561118" lon="6.5671011">
        <ele>923.9</ele>
        <time>2026-07-19T16:17:45Z</time>
        <hdop>3</hdop>
        <extensions>
          <osmand:speed>1</osmand:speed>
        </extensions>
      </trkpt>
      <trkpt lat="43.7561584" lon="6.5671411">
        <ele>924</ele>
        <time>2026-07-19T16:17:50Z</time>
        <hdop>3.4</hdop>
        <extensions>
          <osmand:speed>1.1</osmand:speed>
        </extensions>
      </trkpt>
      <trkpt lat="43.7562092" lon="6.5671903">
        <ele>924</ele>
        <time>2026-07-19T16:17:56Z</time>
        <hdop>4.3</hdop>
        <extensions>
          <osmand:speed>1.1</osmand:speed>
        </extensions>
      </trkpt>
      <trkpt lat="43.7562603" lon="6.5672312">
        <ele>924.1</ele>
        <time>2026-07-19T16:18:01Z</time>
        <hdop>4.8</hdop>
        <extensions>
          <osmand:speed>1.1</osmand:speed>
        </extensions>
      </trkpt>
      <trkpt lat="43.7563145" lon="6.5672559">
        <ele>924.4</ele>
        <time>2026-07-19T16:18:07Z</time>
        <hdop>4.9</hdop>
        <extensions>
          <osmand:speed>1.1</osmand:speed>
        </extensions>
      </trkpt>
      <trkpt lat="43.756368" lon="6.5672821">
        <ele>924.6</ele>
        <time>2026-07-19T16:18:12Z</time>
        <hdop>5</hdop>
        <extensions>
          <osmand:speed>1.1</osmand:speed>
        </extensions>
      </trkpt>
      <trkpt lat="43.7564209" lon="6.567306">
        <ele>924.7</ele>
        <time>2026-07-19T16:18:18Z</time>
        <hdop>5.2</hdop>
        <extensions>
          <osmand:speed>1.1</osmand:speed>
        </extensions>
      </trkpt>
      <trkpt lat="43.7564791" lon="6.5672992">
        <ele>924.7</ele>
        <time>2026-07-19T16:18:23Z</time>
        <hdop>4.7</hdop>
        <extensions>
          <osmand:speed>1.1</osmand:speed>
        </extensions>
      </trkpt>
      <trkpt lat="43.7565426" lon="6.5672988">
        <ele>924.7</ele>
        <time>2026-07-19T16:18:29Z</time>
        <hdop>4.5</hdop>
        <extensions>
          <osmand:speed>1.1</osmand:speed>
        </extensions>
      </trkpt>
      <trkpt lat="43.7566086" lon="6.5673061">
        <ele>924.7</ele>
        <time>2026-07-19T16:18:34Z</time>
        <hdop>4.7</hdop>
        <extensions>
          <osmand:speed>1.1</osmand:speed>
        </extensions>
      </trkpt>
      <trkpt lat="43.756673" lon="6.5673227">
        <ele>924.4</ele>
        <time>2026-07-19T16:18:40Z</time>
        <hdop>4.8</hdop>
        <extensions>
          <osmand:speed>1.2</osmand:speed>
        </extensions>
      </trkpt>
      <trkpt lat="43.7567388" lon="6.5673406">
        <ele>924.6</ele>
        <time>2026-07-19T16:18:45Z</time>
        <hdop>4.7</hdop>
        <extensions>
          <osmand:speed>1.2</osmand:speed>
        </extensions>
      </trkpt>
      <trkpt lat="43.7567998" lon="6.5673578">
        <ele>924.3</ele>
        <time>2026-07-19T16:18:50Z</time>
        <hdop>4.9</hdop>
        <extensions>
          <osmand:speed>1.2</osmand:speed>
        </extensions>
      </trkpt>
      <trkpt lat="43.7568541" lon="6.5673753">
        <ele>924.1</ele>
        <time>2026-07-19T16:18:55Z</time>
        <hdop>5.2</hdop>
        <extensions>
          <osmand:speed>1.1</osmand:speed>
        </extensions>
      </trkpt>
      <trkpt lat="43.7568811" lon="6.5673901">
        <ele>923.4</ele>
        <time>2026-07-19T16:19:01Z</time>
        <hdop>4.9</hdop>
        <extensions>
          <osmand:speed>0.2</osmand:speed>
        </extensions>
      </trkpt>
      <trkpt lat="43.756915" lon="6.567439">
        <ele>923.5</ele>
        <time>2026-07-19T16:19:07Z</time>
        <hdop>3.3</hdop>
        <extensions>
          <osmand:speed>1</osmand:speed>
        </extensions>
      </trkpt>
      <trkpt lat="43.7569714" lon="6.5674829">
        <ele>923.9</ele>
        <time>2026-07-19T16:19:12Z</time>
        <hdop>3</hdop>
        <extensions>
          <osmand:speed>1.1</osmand:speed>
        </extensions>
      </trkpt>
      <trkpt lat="43.7570313" lon="6.5675159">
        <ele>923.8</ele>
        <time>2026-07-19T16:19:17Z</time>
        <hdop>3</hdop>
        <extensions>
          <osmand:speed>1.2</osmand:speed>
        </extensions>
      </trkpt>
      <trkpt lat="43.7570871" lon="6.5675498">
        <ele>923.6</ele>
        <time>2026-07-19T16:19:23Z</time>
        <hdop>3</hdop>
        <extensions>
          <osmand:speed>1.1</osmand:speed>
        </extensions>
      </trkpt>
      <trkpt lat="43.7571484" lon="6.5675721">
        <ele>923.5</ele>
        <time>2026-07-19T16:19:28Z</time>
        <hdop>3</hdop>
        <extensions>
          <osmand:speed>1.1</osmand:speed>
        </extensions>
      </trkpt>
      <trkpt lat="43.7572024" lon="6.5675917">
        <ele>923.3</ele>
        <time>2026-07-19T16:19:33Z</time>
        <hdop>3</hdop>
        <extensions>
          <osmand:speed>1.2</osmand:speed>
        </extensions>
      </trkpt>
      <trkpt lat="43.7572704" lon="6.5676076">
        <ele>923.3</ele>
        <time>2026-07-19T16:19:39Z</time>
        <hdop>3</hdop>
        <extensions>
          <osmand:speed>1.2</osmand:speed>
        </extensions>
      </trkpt>
      <trkpt lat="43.7573275" lon="6.5676278">
        <ele>923.2</ele>
        <time>2026-07-19T16:19:44Z</time>
        <hdop>3</hdop>
        <extensions>
          <osmand:speed>1.2</osmand:speed>
        </extensions>
      </trkpt>
      <trkpt lat="43.7573896" lon="6.5676224">
        <ele>923.1</ele>
        <time>2026-07-19T16:19:50Z</time>
        <hdop>3</hdop>
        <extensions>
          <osmand:speed>1.1</osmand:speed>
        </extensions>
      </trkpt>
      <trkpt lat="43.7574471" lon="6.567624">
        <ele>923.3</ele>
        <time>2026-07-19T16:19:55Z</time>
        <hdop>3</hdop>
        <extensions>
          <osmand:speed>1.2</osmand:speed>
        </extensions>
      </trkpt>
      <trkpt lat="43.7574939" lon="6.56761">
        <ele>923.2</ele>
        <time>2026-07-19T16:20:01Z</time>
        <hdop>3</hdop>
        <extensions>
          <osmand:speed>1.1</osmand:speed>
        </extensions>
      </trkpt>
      <trkpt lat="43.7575486" lon="6.5676251">
        <ele>923.1</ele>
        <time>2026-07-19T16:20:06Z</time>
        <hdop>3</hdop>
        <extensions>
          <osmand:speed>0.7</osmand:speed>
        </extensions>
      </trkpt>
      <trkpt lat="43.7575582" lon="6.5676362">
        <ele>923.2</ele>
        <time>2026-07-19T16:20:12Z</time>
        <hdop>3</hdop>
        <extensions>
          <osmand:speed>0.3</osmand:speed>
        </extensions>
      </trkpt>
      <trkpt lat="43.7576196" lon="6.5676178">
        <ele>923.1</ele>
        <time>2026-07-19T16:20:17Z</time>
        <hdop>3</hdop>
        <extensions>
          <osmand:speed>1</osmand:speed>
        </extensions>
      </trkpt>
      <trkpt lat="43.757679" lon="6.5675981">
        <ele>923</ele>
        <time>2026-07-19T16:20:22Z</time>
        <hdop>3</hdop>
        <extensions>
          <osmand:speed>1.2</osmand:speed>
        </extensions>
      </trkpt>
      <trkpt lat="43.7577436" lon="6.5675866">
        <ele>923</ele>
        <time>2026-07-19T16:20:28Z</time>
        <hdop>3</hdop>
        <extensions>
          <osmand:speed>1.2</osmand:speed>
        </extensions>
      </trkpt>
      <trkpt lat="43.7577988" lon="6.567572">
        <ele>923.3</ele>
        <time>2026-07-19T16:20:33Z</time>
        <hdop>3</hdop>
        <extensions>
          <osmand:speed>1.2</osmand:speed>
        </extensions>
      </trkpt>
      <trkpt lat="43.7578587" lon="6.5675475">
        <ele>923.8</ele>
        <time>2026-07-19T16:20:39Z</time>
        <hdop>3</hdop>
        <extensions>
          <osmand:speed>1.1</osmand:speed>
        </extensions>
      </trkpt>
      <trkpt lat="43.7579122" lon="6.5675288">
        <ele>924.1</ele>
        <time>2026-07-19T16:20:44Z</time>
        <hdop>3.2</hdop>
        <extensions>
          <osmand:speed>1.1</osmand:speed>
        </extensions>
      </trkpt>
      <trkpt lat="43.7579614" lon="6.5675104">
        <ele>924.2</ele>
        <time>2026-07-19T16:20:49Z</time>
        <hdop>3.1</hdop>
        <extensions>
          <osmand:speed>1.1</osmand:speed>
        </extensions>
      </trkpt>
      <trkpt lat="43.758016" lon="6.567494">
        <ele>924.3</ele>
        <time>2026-07-19T16:20:54Z</time>
        <hdop>3.5</hdop>
        <extensions>
          <osmand:speed>1.1</osmand:speed>
        </extensions>
      </trkpt>
      <trkpt lat="43.7580587" lon="6.5674855">
        <ele>924.2</ele>
        <time>2026-07-19T16:20:59Z</time>
        <hdop>3.9</hdop>
        <extensions>
          <osmand:speed>0.6</osmand:speed>
        </extensions>
      </trkpt>
      <trkpt lat="43.7580413" lon="6.5674844">
        <ele>924.2</ele>
        <time>2026-07-19T16:21:05Z</time>
        <hdop>3.1</hdop>
        <extensions>
          <osmand:speed>0.1</osmand:speed>
        </extensions>
      </trkpt>
      <trkpt lat="43.7580375" lon="6.5674815">
        <ele>924.2</ele>
        <time>2026-07-19T16:21:11Z</time>
        <hdop>3</hdop>
        <extensions>
          <osmand:speed>0.1</osmand:speed>
        </extensions>
      </trkpt>
      <trkpt lat="43.7580381" lon="6.5674808">
        <ele>924.3</ele>
        <time>2026-07-19T16:21:17Z</time>
        <hdop>3</hdop>
        <extensions>
          <osmand:speed>0</osmand:speed>
        </extensions>
      </trkpt>
      <trkpt lat="43.7580423" lon="6.5674792">
        <ele>924.4</ele>
        <time>2026-07-19T16:21:23Z</time>
        <hdop>3</hdop>
        <extensions>
          <osmand:speed>0.1</osmand:speed>
        </extensions>
      </trkpt>
      <trkpt lat="43.7580492" lon="6.5674818">
        <ele>924.4</ele>
        <time>2026-07-19T16:21:28Z</time>
        <hdop>3</hdop>
        <extensions>
          <osmand:speed>0.1</osmand:speed>
        </extensions>
      </trkpt>
      <trkpt lat="43.7581019" lon="6.567487">
        <ele>924.6</ele>
        <time>2026-07-19T16:21:33Z</time>
        <hdop>3.4</hdop>
        <extensions>
          <osmand:speed>1</osmand:speed>
        </extensions>
      </trkpt>
      <trkpt lat="43.7581461" lon="6.567483">
        <ele>924.9</ele>
        <time>2026-07-19T16:21:38Z</time>
        <hdop>3.1</hdop>
        <extensions>
          <osmand:speed>0.8</osmand:speed>
        </extensions>
      </trkpt>
      <trkpt lat="43.7581406" lon="6.5674793">
        <ele>925.1</ele>
        <time>2026-07-19T16:21:44Z</time>
        <hdop>3</hdop>
        <extensions>
          <osmand:speed>0.1</osmand:speed>
        </extensions>
      </trkpt>
      <trkpt lat="43.7581718" lon="6.5674471">
        <ele>925.1</ele>
        <time>2026-07-19T16:21:50Z</time>
        <hdop>3</hdop>
        <extensions>
          <osmand:speed>1</osmand:speed>
        </extensions>
      </trkpt>
      <trkpt lat="43.7581923" lon="6.567388">
        <ele>925.5</ele>
        <time>2026-07-19T16:21:55Z</time>
        <hdop>3</hdop>
        <extensions>
          <osmand:speed>0.9</osmand:speed>
        </extensions>
      </trkpt>
      <trkpt lat="43.7581984" lon="6.5673483">
        <ele>926.5</ele>
        <time>2026-07-19T16:22:00Z</time>
        <hdop>3</hdop>
        <extensions>
          <osmand:speed>0.5</osmand:speed>
        </extensions>
      </trkpt>
      <trkpt lat="43.7581993" lon="6.5673556">
        <ele>926.9</ele>
        <time>2026-07-19T16:22:06Z</time>
        <hdop>3</hdop>
        <extensions>
          <osmand:speed>0.1</osmand:speed>
        </extensions>
      </trkpt>
      <trkpt lat="43.7582023" lon="6.5673251">
        <ele>927</ele>
        <time>2026-07-19T16:22:12Z</time>
        <hdop>3</hdop>
        <extensions>
          <osmand:speed>0.4</osmand:speed>
        </extensions>
      </trkpt>
      <trkpt lat="43.7582106" lon="6.5672675">
        <ele>927.5</ele>
        <time>2026-07-19T16:22:17Z</time>
        <hdop>3</hdop>
        <extensions>
          <osmand:speed>0.5</osmand:speed>
        </extensions>
      </trkpt>
      <trkpt lat="43.7582066" lon="6.5672647">
        <ele>927.5</ele>
        <time>2026-07-19T16:22:23Z</time>
        <hdop>3.1</hdop>
        <extensions>
          <osmand:speed>0.1</osmand:speed>
        </extensions>
      </trkpt>
      <trkpt lat="43.758196" lon="6.5671854">
        <ele>927.4</ele>
        <time>2026-07-19T16:22:29Z</time>
        <hdop>3</hdop>
        <extensions>
          <osmand:speed>1</osmand:speed>
        </extensions>
      </trkpt>
      <trkpt lat="43.758173" lon="6.5671053">
        <ele>927.9</ele>
        <time>2026-07-19T16:22:35Z</time>
        <hdop>3</hdop>
        <extensions>
          <osmand:speed>1</osmand:speed>
        </extensions>
      </trkpt>
      <trkpt lat="43.7581754" lon="6.5671027">
        <ele>927.5</ele>
        <time>2026-07-19T16:22:40Z</time>
        <hdop>3</hdop>
        <extensions>
          <osmand:speed>0.1</osmand:speed>
        </extensions>
      </trkpt>
      <trkpt lat="43.7581716" lon="6.5670968">
        <ele>927.5</ele>
        <time>2026-07-19T16:22:46Z</time>
        <hdop>3</hdop>
        <extensions>
          <osmand:speed>0.2</osmand:speed>
        </extensions>
      </trkpt>
      <trkpt lat="43.758184" lon="6.5670187">
        <ele>927.7</ele>
        <time>2026-07-19T16:22:51Z</time>
        <hdop>3.2</hdop>
        <extensions>
          <osmand:speed>1</osmand:speed>
        </extensions>
      </trkpt>
      <trkpt lat="43.758176" lon="6.5669613">
        <ele>928</ele>
        <time>2026-07-19T16:22:56Z</time>
        <hdop>3.6</hdop>
        <extensions>
          <osmand:speed>0.8</osmand:speed>
        </extensions>
      </trkpt>
      <trkpt lat="43.7581735" lon="6.5668844">
        <ele>928.1</ele>
        <time>2026-07-19T16:23:02Z</time>
        <hdop>3.1</hdop>
        <extensions>
          <osmand:speed>1.1</osmand:speed>
        </extensions>
      </trkpt>
      <trkpt lat="43.75817" lon="6.5668179">
        <ele>928.3</ele>
        <time>2026-07-19T16:23:07Z</time>
        <hdop>3</hdop>
        <extensions>
          <osmand:speed>0.7</osmand:speed>
        </extensions>
      </trkpt>
      <trkpt lat="43.7581689" lon="6.5668209">
        <ele>928.3</ele>
        <time>2026-07-19T16:23:13Z</time>
        <hdop>3</hdop>
        <extensions>
          <osmand:speed>0.1</osmand:speed>
        </extensions>
      </trkpt>
      <trkpt lat="43.7581631" lon="6.5667762">
        <ele>928.1</ele>
        <time>2026-07-19T16:23:19Z</time>
        <hdop>3</hdop>
        <extensions>
          <osmand:speed>0.9</osmand:speed>
        </extensions>
      </trkpt>
      <trkpt lat="43.7581411" lon="6.5666842">
        <ele>928.3</ele>
        <time>2026-07-19T16:23:24Z</time>
        <hdop>3</hdop>
        <extensions>
          <osmand:speed>1.1</osmand:speed>
        </extensions>
      </trkpt>
      <trkpt lat="43.7581316" lon="6.5666013">
        <ele>928.7</ele>
        <time>2026-07-19T16:23:29Z</time>
        <hdop>3</hdop>
        <extensions>
          <osmand:speed>1.1</osmand:speed>
        </extensions>
      </trkpt>
      <trkpt lat="43.7581378" lon="6.5665756">
        <ele>928.5</ele>
        <time>2026-07-19T16:23:35Z</time>
        <hdop>3</hdop>
        <extensions>
          <osmand:speed>0.1</osmand:speed>
        </extensions>
      </trkpt>
      <trkpt lat="43.758138" lon="6.5665156">
        <ele>928.4</ele>
        <time>2026-07-19T16:23:41Z</time>
        <hdop>3</hdop>
        <extensions>
          <osmand:speed>1</osmand:speed>
        </extensions>
      </trkpt>
      <trkpt lat="43.758126" lon="6.5664266">
        <ele>928.5</ele>
        <time>2026-07-19T16:23:46Z</time>
        <hdop>3</hdop>
        <extensions>
          <osmand:speed>1.1</osmand:speed>
        </extensions>
      </trkpt>
      <trkpt lat="43.7581181" lon="6.5663546">
        <ele>928.7</ele>
        <time>2026-07-19T16:23:51Z</time>
        <hdop>3</hdop>
        <extensions>
          <osmand:speed>1</osmand:speed>
        </extensions>
      </trkpt>
      <trkpt lat="43.7581174" lon="6.5662877">
        <ele>928.8</ele>
        <time>2026-07-19T16:23:57Z</time>
        <hdop>3</hdop>
        <extensions>
          <osmand:speed>1</osmand:speed>
        </extensions>
      </trkpt>
      <trkpt lat="43.7581163" lon="6.5662261">
        <ele>929</ele>
        <time>2026-07-19T16:24:02Z</time>
        <hdop>3</hdop>
        <extensions>
          <osmand:speed>1</osmand:speed>
        </extensions>
      </trkpt>
      <trkpt lat="43.758111" lon="6.5662127">
        <ele>928.9</ele>
        <time>2026-07-19T16:24:07Z</time>
        <hdop>3</hdop>
        <extensions>
          <osmand:speed>0.1</osmand:speed>
        </extensions>
      </trkpt>
      <trkpt lat="43.7581084" lon="6.566202">
        <ele>928.8</ele>
        <time>2026-07-19T16:24:13Z</time>
        <hdop>3</hdop>
        <extensions>
          <osmand:speed>0.1</osmand:speed>
        </extensions>
      </trkpt>
      <trkpt lat="43.7581348" lon="6.5661493">
        <ele>928.8</ele>
        <time>2026-07-19T16:24:18Z</time>
        <hdop>3</hdop>
        <extensions>
          <osmand:speed>1</osmand:speed>
        </extensions>
      </trkpt>
      <trkpt lat="43.7581569" lon="6.5660685">
        <ele>929.2</ele>
        <time>2026-07-19T16:24:23Z</time>
        <hdop>3.2</hdop>
        <extensions>
          <osmand:speed>0.9</osmand:speed>
        </extensions>
      </trkpt>
      <trkpt lat="43.7581802" lon="6.5659932">
        <ele>929.8</ele>
        <time>2026-07-19T16:24:28Z</time>
        <hdop>3.1</hdop>
        <extensions>
          <osmand:speed>1</osmand:speed>
        </extensions>
      </trkpt>
      <trkpt lat="43.7581877" lon="6.5659304">
        <ele>929.9</ele>
        <time>2026-07-19T16:24:34Z</time>
        <hdop>3</hdop>
        <extensions>
          <osmand:speed>0.9</osmand:speed>
        </extensions>
      </trkpt>
      <trkpt lat="43.7581948" lon="6.5658582">
        <ele>930.5</ele>
        <time>2026-07-19T16:24:39Z</time>
        <hdop>3.2</hdop>
        <extensions>
          <osmand:speed>0.9</osmand:speed>
        </extensions>
      </trkpt>
      <trkpt lat="43.7582048" lon="6.5657819">
        <ele>930.9</ele>
        <time>2026-07-19T16:24:44Z</time>
        <hdop>4.6</hdop>
        <extensions>
          <osmand:speed>1</osmand:speed>
        </extensions>
      </trkpt>
      <trkpt lat="43.7582039" lon="6.5657028">
        <ele>931.4</ele>
        <time>2026-07-19T16:24:49Z</time>
        <hdop>5.2</hdop>
        <extensions>
          <osmand:speed>1</osmand:speed>
        </extensions>
      </trkpt>
      <trkpt lat="43.7581938" lon="6.5656275">
        <ele>932</ele>
        <time>2026-07-19T16:24:55Z</time>
        <hdop>5.3</hdop>
        <extensions>
          <osmand:speed>1</osmand:speed>
        </extensions>
      </trkpt>
      <trkpt lat="43.7581897" lon="6.5655622">
        <ele>932.4</ele>
        <time>2026-07-19T16:25:00Z</time>
        <hdop>5.4</hdop>
        <extensions>
          <osmand:speed>0.9</osmand:speed>
        </extensions>
      </trkpt>
      <trkpt lat="43.7582103" lon="6.5655069">
        <ele>932.8</ele>
        <time>2026-07-19T16:25:06Z</time>
        <hdop>5</hdop>
        <extensions>
          <osmand:speed>0.8</osmand:speed>
        </extensions>
      </trkpt>
      <trkpt lat="43.7582473" lon="6.5654497">
        <ele>933.2</ele>
        <time>2026-07-19T16:25:11Z</time>
        <hdop>5.1</hdop>
        <extensions>
          <osmand:speed>0.8</osmand:speed>
        </extensions>
      </trkpt>
      <trkpt lat="43.7582823" lon="6.5653997">
        <ele>933.4</ele>
        <time>2026-07-19T16:25:16Z</time>
        <hdop>5</hdop>
        <extensions>
          <osmand:speed>0.8</osmand:speed>
        </extensions>
      </trkpt>
      <trkpt lat="43.7583118" lon="6.5653338">
        <ele>933.5</ele>
        <time>2026-07-19T16:25:22Z</time>
        <hdop>4.9</hdop>
        <extensions>
          <osmand:speed>1</osmand:speed>
        </extensions>
      </trkpt>
      <trkpt lat="43.7583405" lon="6.5652751">
        <ele>933.9</ele>
        <time>2026-07-19T16:25:27Z</time>
        <hdop>4.7</hdop>
        <extensions>
          <osmand:speed>1</osmand:speed>
        </extensions>
      </trkpt>
      <trkpt lat="43.7583743" lon="6.5652246">
        <ele>934.6</ele>
        <time>2026-07-19T16:25:32Z</time>
        <hdop>4.6</hdop>
        <extensions>
          <osmand:speed>0.9</osmand:speed>
        </extensions>
      </trkpt>
      <trkpt lat="43.7584021" lon="6.5651816">
        <ele>935.1</ele>
        <time>2026-07-19T16:25:38Z</time>
        <hdop>4.7</hdop>
        <extensions>
          <osmand:speed>0.8</osmand:speed>
        </extensions>
      </trkpt>
      <trkpt lat="43.7584364" lon="6.5651409">
        <ele>935.5</ele>
        <time>2026-07-19T16:25:43Z</time>
        <hdop>4.9</hdop>
        <extensions>
          <osmand:speed>0.8</osmand:speed>
        </extensions>
      </trkpt>
      <trkpt lat="43.7584598" lon="6.5651062">
        <ele>935.8</ele>
        <time>2026-07-19T16:25:49Z</time>
        <hdop>4.9</hdop>
        <extensions>
          <osmand:speed>0.7</osmand:speed>
        </extensions>
      </trkpt>
      <trkpt lat="43.758502" lon="6.5650697">
        <ele>936.6</ele>
        <time>2026-07-19T16:25:54Z</time>
        <hdop>4.9</hdop>
        <extensions>
          <osmand:speed>0.9</osmand:speed>
        </extensions>
      </trkpt>
      <trkpt lat="43.7585467" lon="6.5650403">
        <ele>937.3</ele>
        <time>2026-07-19T16:25:59Z</time>
        <hdop>5</hdop>
        <extensions>
          <osmand:speed>1</osmand:speed>
        </extensions>
      </trkpt>
      <trkpt lat="43.7585831" lon="6.565008">
        <ele>937.5</ele>
        <time>2026-07-19T16:26:05Z</time>
        <hdop>4.8</hdop>
        <extensions>
          <osmand:speed>0.8</osmand:speed>
        </extensions>
      </trkpt>
      <trkpt lat="43.7586116" lon="6.5649741">
        <ele>938.3</ele>
        <time>2026-07-19T16:26:10Z</time>
        <hdop>4.9</hdop>
        <extensions>
          <osmand:speed>0.8</osmand:speed>
        </extensions>
      </trkpt>
      <trkpt lat="43.758639" lon="6.5649304">
        <ele>938.3</ele>
        <time>2026-07-19T16:26:15Z</time>
        <hdop>5.1</hdop>
        <extensions>
          <osmand:speed>0.9</osmand:speed>
        </extensions>
      </trkpt>
      <trkpt lat="43.7586719" lon="6.5648989">
        <ele>938.7</ele>
        <time>2026-07-19T16:26:20Z</time>
        <hdop>4.8</hdop>
        <extensions>
          <osmand:speed>0.8</osmand:speed>
        </extensions>
      </trkpt>
      <trkpt lat="43.7587088" lon="6.5648602">
        <ele>939.5</ele>
        <time>2026-07-19T16:26:25Z</time>
        <hdop>4.8</hdop>
        <extensions>
          <osmand:speed>0.9</osmand:speed>
        </extensions>
      </trkpt>
      <trkpt lat="43.7587452" lon="6.5648149">
        <ele>940.2</ele>
        <time>2026-07-19T16:26:31Z</time>
        <hdop>4.8</hdop>
        <extensions>
          <osmand:speed>0.9</osmand:speed>
        </extensions>
      </trkpt>
      <trkpt lat="43.7587818" lon="6.564767">
        <ele>940.7</ele>
        <time>2026-07-19T16:26:36Z</time>
        <hdop>5.2</hdop>
        <extensions>
          <osmand:speed>0.9</osmand:speed>
        </extensions>
      </trkpt>
      <trkpt lat="43.7588167" lon="6.5647296">
        <ele>940.6</ele>
        <time>2026-07-19T16:26:42Z</time>
        <hdop>5.5</hdop>
        <extensions>
          <osmand:speed>0.8</osmand:speed>
        </extensions>
      </trkpt>
      <trkpt lat="43.7588489" lon="6.5646816">
        <ele>940.9</ele>
        <time>2026-07-19T16:26:47Z</time>
        <hdop>5.6</hdop>
        <extensions>
          <osmand:speed>0.9</osmand:speed>
        </extensions>
      </trkpt>
      <trkpt lat="43.7588676" lon="6.5646245">
        <ele>941.6</ele>
        <time>2026-07-19T16:26:52Z</time>
        <hdop>5.6</hdop>
        <extensions>
          <osmand:speed>1</osmand:speed>
        </extensions>
      </trkpt>
      <trkpt lat="43.7588796" lon="6.5645675">
        <ele>942</ele>
        <time>2026-07-19T16:26:57Z</time>
        <hdop>5.4</hdop>
        <extensions>
          <osmand:speed>1</osmand:speed>
        </extensions>
      </trkpt>
      <trkpt lat="43.7588903" lon="6.5645016">
        <ele>942.3</ele>
        <time>2026-07-19T16:27:03Z</time>
        <hdop>5</hdop>
        <extensions>
          <osmand:speed>1</osmand:speed>
        </extensions>
      </trkpt>
      <trkpt lat="43.7588981" lon="6.5644302">
        <ele>942.8</ele>
        <time>2026-07-19T16:27:08Z</time>
        <hdop>4.9</hdop>
        <extensions>
          <osmand:speed>1</osmand:speed>
        </extensions>
      </trkpt>
      <trkpt lat="43.7589064" lon="6.5643641">
        <ele>942.7</ele>
        <time>2026-07-19T16:27:13Z</time>
        <hdop>5</hdop>
        <extensions>
          <osmand:speed>1</osmand:speed>
        </extensions>
      </trkpt>
      <trkpt lat="43.7589172" lon="6.5642905">
        <ele>943.7</ele>
        <time>2026-07-19T16:27:18Z</time>
        <hdop>4.8</hdop>
        <extensions>
          <osmand:speed>0.9</osmand:speed>
        </extensions>
      </trkpt>
      <trkpt lat="43.7589428" lon="6.5642062">
        <ele>944.6</ele>
        <time>2026-07-19T16:27:23Z</time>
        <hdop>4.2</hdop>
        <extensions>
          <osmand:speed>1.1</osmand:speed>
        </extensions>
      </trkpt>
      <trkpt lat="43.7589662" lon="6.5641212">
        <ele>945.3</ele>
        <time>2026-07-19T16:27:29Z</time>
        <hdop>3</hdop>
        <extensions>
          <osmand:speed>1.1</osmand:speed>
        </extensions>
      </trkpt>
      <trkpt lat="43.7589901" lon="6.5640516">
        <ele>945.6</ele>
        <time>2026-07-19T16:27:34Z</time>
        <hdop>3</hdop>
        <extensions>
          <osmand:speed>1</osmand:speed>
        </extensions>
      </trkpt>
      <trkpt lat="43.7590186" lon="6.5639773">
        <ele>945.4</ele>
        <time>2026-07-19T16:27:39Z</time>
        <hdop>3</hdop>
        <extensions>
          <osmand:speed>1.1</osmand:speed>
        </extensions>
      </trkpt>
      <trkpt lat="43.7590432" lon="6.5639153">
        <ele>945.8</ele>
        <time>2026-07-19T16:27:45Z</time>
        <hdop>3</hdop>
        <extensions>
          <osmand:speed>1</osmand:speed>
        </extensions>
      </trkpt>
      <trkpt lat="43.7590622" lon="6.5638565">
        <ele>946.4</ele>
        <time>2026-07-19T16:27:50Z</time>
        <hdop>3</hdop>
        <extensions>
          <osmand:speed>1</osmand:speed>
        </extensions>
      </trkpt>
      <trkpt lat="43.7590849" lon="6.5637874">
        <ele>947.1</ele>
        <time>2026-07-19T16:27:55Z</time>
        <hdop>3</hdop>
        <extensions>
          <osmand:speed>1.1</osmand:speed>
        </extensions>
      </trkpt>
      <trkpt lat="43.7591134" lon="6.5637188">
        <ele>947.2</ele>
        <time>2026-07-19T16:28:00Z</time>
        <hdop>3</hdop>
        <extensions>
          <osmand:speed>1.2</osmand:speed>
        </extensions>
      </trkpt>
      <trkpt lat="43.7591401" lon="6.563658">
        <ele>946.8</ele>
        <time>2026-07-19T16:28:05Z</time>
        <hdop>3.1</hdop>
        <extensions>
          <osmand:speed>1.1</osmand:speed>
        </extensions>
      </trkpt>
      <trkpt lat="43.7591359" lon="6.5636617">
        <ele>946.3</ele>
        <time>2026-07-19T16:28:11Z</time>
        <hdop>3</hdop>
        <extensions>
          <osmand:speed>0.1</osmand:speed>
        </extensions>
      </trkpt>
      <trkpt lat="43.7591355" lon="6.5636552">
        <ele>946.4</ele>
        <time>2026-07-19T16:28:16Z</time>
        <hdop>3</hdop>
        <extensions>
          <osmand:speed>0.1</osmand:speed>
        </extensions>
      </trkpt>
      <trkpt lat="43.7591353" lon="6.5636217">
        <ele>946.7</ele>
        <time>2026-07-19T16:28:22Z</time>
        <hdop>3</hdop>
        <extensions>
          <osmand:speed>0.6</osmand:speed>
        </extensions>
      </trkpt>
      <trkpt lat="43.7591495" lon="6.563536">
        <ele>946.3</ele>
        <time>2026-07-19T16:28:27Z</time>
        <hdop>3.1</hdop>
        <extensions>
          <osmand:speed>1.1</osmand:speed>
        </extensions>
      </trkpt>
      <trkpt lat="43.7592002" lon="6.5634499">
        <ele>945.9</ele>
        <time>2026-07-19T16:28:32Z</time>
        <hdop>3</hdop>
        <extensions>
          <osmand:speed>1.2</osmand:speed>
        </extensions>
      </trkpt>
      <trkpt lat="43.7592602" lon="6.5633844">
        <ele>945.5</ele>
        <time>2026-07-19T16:28:38Z</time>
        <hdop>3</hdop>
        <extensions>
          <osmand:speed>1.1</osmand:speed>
        </extensions>
      </trkpt>
      <trkpt lat="43.7593026" lon="6.5633168">
        <ele>945.4</ele>
        <time>2026-07-19T16:28:43Z</time>
        <hdop>3</hdop>
        <extensions>
          <osmand:speed>1.1</osmand:speed>
        </extensions>
      </trkpt>
      <trkpt lat="43.7593317" lon="6.563256">
        <ele>945.2</ele>
        <time>2026-07-19T16:28:48Z</time>
        <hdop>3.1</hdop>
        <extensions>
          <osmand:speed>1.1</osmand:speed>
        </extensions>
      </trkpt>
      <trkpt lat="43.7593599" lon="6.5632021">
        <ele>944.8</ele>
        <time>2026-07-19T16:28:53Z</time>
        <hdop>3.7</hdop>
        <extensions>
          <osmand:speed>0.8</osmand:speed>
        </extensions>
      </trkpt>
      <trkpt lat="43.7593875" lon="6.5631314">
        <ele>944.9</ele>
        <time>2026-07-19T16:28:59Z</time>
        <hdop>4.2</hdop>
        <extensions>
          <osmand:speed>1.1</osmand:speed>
        </extensions>
      </trkpt>
      <trkpt lat="43.75942" lon="6.5630534">
        <ele>944.8</ele>
        <time>2026-07-19T16:29:04Z</time>
        <hdop>4</hdop>
        <extensions>
          <osmand:speed>1.2</osmand:speed>
        </extensions>
      </trkpt>
      <trkpt lat="43.7594552" lon="6.5629919">
        <ele>944.7</ele>
        <time>2026-07-19T16:29:09Z</time>
        <hdop>3.6</hdop>
        <extensions>
          <osmand:speed>0.9</osmand:speed>
        </extensions>
      </trkpt>
      <trkpt lat="43.7594863" lon="6.562926">
        <ele>944.9</ele>
        <time>2026-07-19T16:29:15Z</time>
        <hdop>3</hdop>
        <extensions>
          <osmand:speed>1.1</osmand:speed>
        </extensions>
      </trkpt>
      <trkpt lat="43.7595166" lon="6.5628651">
        <ele>945.5</ele>
        <time>2026-07-19T16:29:20Z</time>
        <hdop>3</hdop>
        <extensions>
          <osmand:speed>1.1</osmand:speed>
        </extensions>
      </trkpt>
      <trkpt lat="43.7595521" lon="6.5628003">
        <ele>945.2</ele>
        <time>2026-07-19T16:29:25Z</time>
        <hdop>3</hdop>
        <extensions>
          <osmand:speed>1.1</osmand:speed>
        </extensions>
      </trkpt>
      <trkpt lat="43.7595848" lon="6.5627459">
        <ele>945.6</ele>
        <time>2026-07-19T16:29:30Z</time>
        <hdop>3</hdop>
        <extensions>
          <osmand:speed>1.1</osmand:speed>
        </extensions>
      </trkpt>
      <trkpt lat="43.7596308" lon="6.5626877">
        <ele>945.7</ele>
        <time>2026-07-19T16:29:36Z</time>
        <hdop>3</hdop>
        <extensions>
          <osmand:speed>1</osmand:speed>
        </extensions>
      </trkpt>
      <trkpt lat="43.7596774" lon="6.5626642">
        <ele>946</ele>
        <time>2026-07-19T16:29:41Z</time>
        <hdop>3</hdop>
        <extensions>
          <osmand:speed>1</osmand:speed>
        </extensions>
      </trkpt>
      <trkpt lat="43.7597333" lon="6.5626452">
        <ele>946.4</ele>
        <time>2026-07-19T16:29:47Z</time>
        <hdop>3</hdop>
        <extensions>
          <osmand:speed>1</osmand:speed>
        </extensions>
      </trkpt>
      <trkpt lat="43.7597895" lon="6.5626112">
        <ele>946.8</ele>
        <time>2026-07-19T16:29:52Z</time>
        <hdop>3</hdop>
        <extensions>
          <osmand:speed>1</osmand:speed>
        </extensions>
      </trkpt>
      <trkpt lat="43.7598469" lon="6.5625727">
        <ele>947.6</ele>
        <time>2026-07-19T16:29:57Z</time>
        <hdop>3</hdop>
        <extensions>
          <osmand:speed>1</osmand:speed>
        </extensions>
      </trkpt>
      <trkpt lat="43.7598985" lon="6.5625451">
        <ele>948.3</ele>
        <time>2026-07-19T16:30:02Z</time>
        <hdop>3</hdop>
        <extensions>
          <osmand:speed>1</osmand:speed>
        </extensions>
      </trkpt>
      <trkpt lat="43.7599468" lon="6.5624982">
        <ele>948.7</ele>
        <time>2026-07-19T16:30:07Z</time>
        <hdop>3</hdop>
        <extensions>
          <osmand:speed>1.2</osmand:speed>
        </extensions>
      </trkpt>
      <trkpt lat="43.7599913" lon="6.562452">
        <ele>949.3</ele>
        <time>2026-07-19T16:30:12Z</time>
        <hdop>3</hdop>
        <extensions>
          <osmand:speed>1.1</osmand:speed>
        </extensions>
      </trkpt>
      <trkpt lat="43.7600385" lon="6.5623972">
        <ele>949.8</ele>
        <time>2026-07-19T16:30:18Z</time>
        <hdop>3</hdop>
        <extensions>
          <osmand:speed>1</osmand:speed>
        </extensions>
      </trkpt>
      <trkpt lat="43.7600842" lon="6.5623468">
        <ele>949.8</ele>
        <time>2026-07-19T16:30:23Z</time>
        <hdop>3.4</hdop>
        <extensions>
          <osmand:speed>0.9</osmand:speed>
        </extensions>
      </trkpt>
      <trkpt lat="43.7601334" lon="6.5622814">
        <ele>949.9</ele>
        <time>2026-07-19T16:30:29Z</time>
        <hdop>3.1</hdop>
        <extensions>
          <osmand:speed>1.2</osmand:speed>
        </extensions>
      </trkpt>
      <trkpt lat="43.7601804" lon="6.5622143">
        <ele>949.5</ele>
        <time>2026-07-19T16:30:34Z</time>
        <hdop>3.1</hdop>
        <extensions>
          <osmand:speed>1.2</osmand:speed>
        </extensions>
      </trkpt>
      <trkpt lat="43.7602196" lon="6.5621532">
        <ele>949.1</ele>
        <time>2026-07-19T16:30:39Z</time>
        <hdop>3.1</hdop>
        <extensions>
          <osmand:speed>1.2</osmand:speed>
        </extensions>
      </trkpt>
      <trkpt lat="43.7602615" lon="6.5620882">
        <ele>948.7</ele>
        <time>2026-07-19T16:30:45Z</time>
        <hdop>3</hdop>
        <extensions>
          <osmand:speed>1.1</osmand:speed>
        </extensions>
      </trkpt>
      <trkpt lat="43.7603045" lon="6.5620234">
        <ele>948.5</ele>
        <time>2026-07-19T16:30:50Z</time>
        <hdop>3</hdop>
        <extensions>
          <osmand:speed>1.2</osmand:speed>
        </extensions>
      </trkpt>
      <trkpt lat="43.7603471" lon="6.5619579">
        <ele>948.4</ele>
        <time>2026-07-19T16:30:56Z</time>
        <hdop>3.1</hdop>
        <extensions>
          <osmand:speed>1.2</osmand:speed>
        </extensions>
      </trkpt>
      <trkpt lat="43.7603909" lon="6.5618944">
        <ele>948.4</ele>
        <time>2026-07-19T16:31:01Z</time>
        <hdop>3.4</hdop>
        <extensions>
          <osmand:speed>1.2</osmand:speed>
        </extensions>
      </trkpt>
      <trkpt lat="43.7604246" lon="6.5618338">
        <ele>948.2</ele>
        <time>2026-07-19T16:31:06Z</time>
        <hdop>3.1</hdop>
        <extensions>
          <osmand:speed>1.1</osmand:speed>
        </extensions>
      </trkpt>
      <trkpt lat="43.7604571" lon="6.5617745">
        <ele>947.8</ele>
        <time>2026-07-19T16:31:11Z</time>
        <hdop>3.1</hdop>
        <extensions>
          <osmand:speed>1.1</osmand:speed>
        </extensions>
      </trkpt>
      <trkpt lat="43.7604962" lon="6.5617075">
        <ele>947.3</ele>
        <time>2026-07-19T16:31:17Z</time>
        <hdop>3</hdop>
        <extensions>
          <osmand:speed>1.2</osmand:speed>
        </extensions>
      </trkpt>
      <trkpt lat="43.7605404" lon="6.5616435">
        <ele>947.1</ele>
        <time>2026-07-19T16:31:22Z</time>
        <hdop>3.1</hdop>
        <extensions>
          <osmand:speed>1.2</osmand:speed>
        </extensions>
      </trkpt>
      <trkpt lat="43.7605775" lon="6.5615884">
        <ele>947.4</ele>
        <time>2026-07-19T16:31:27Z</time>
        <hdop>3</hdop>
        <extensions>
          <osmand:speed>1.1</osmand:speed>
        </extensions>
      </trkpt>
      <trkpt lat="43.7606178" lon="6.5615292">
        <ele>947.8</ele>
        <time>2026-07-19T16:31:32Z</time>
        <hdop>3</hdop>
        <extensions>
          <osmand:speed>1.1</osmand:speed>
        </extensions>
      </trkpt>
      <trkpt lat="43.7606577" lon="6.5614747">
        <ele>948</ele>
        <time>2026-07-19T16:31:38Z</time>
        <hdop>3</hdop>
        <extensions>
          <osmand:speed>1.1</osmand:speed>
        </extensions>
      </trkpt>
      <trkpt lat="43.7607038" lon="6.5614082">
        <ele>947.8</ele>
        <time>2026-07-19T16:31:43Z</time>
        <hdop>3.1</hdop>
        <extensions>
          <osmand:speed>1.1</osmand:speed>
        </extensions>
      </trkpt>
      <trkpt lat="43.7607396" lon="6.5613418">
        <ele>947.2</ele>
        <time>2026-07-19T16:31:48Z</time>
        <hdop>3.8</hdop>
        <extensions>
          <osmand:speed>1.1</osmand:speed>
        </extensions>
      </trkpt>
      <trkpt lat="43.7607772" lon="6.561281">
        <ele>947</ele>
        <time>2026-07-19T16:31:54Z</time>
        <hdop>4.4</hdop>
        <extensions>
          <osmand:speed>1.1</osmand:speed>
        </extensions>
      </trkpt>
      <trkpt lat="43.7608239" lon="6.561225">
        <ele>946.5</ele>
        <time>2026-07-19T16:31:59Z</time>
        <hdop>3.7</hdop>
        <extensions>
          <osmand:speed>1.1</osmand:speed>
        </extensions>
      </trkpt>
      <trkpt lat="43.7608698" lon="6.5611853">
        <ele>946.6</ele>
        <time>2026-07-19T16:32:04Z</time>
        <hdop>4.1</hdop>
        <extensions>
          <osmand:speed>1.1</osmand:speed>
        </extensions>
      </trkpt>
      <trkpt lat="43.760921" lon="6.5611538">
        <ele>946.7</ele>
        <time>2026-07-19T16:32:10Z</time>
        <hdop>3.8</hdop>
        <extensions>
          <osmand:speed>1.1</osmand:speed>
        </extensions>
      </trkpt>
      <trkpt lat="43.7609655" lon="6.5611243">
        <ele>946.7</ele>
        <time>2026-07-19T16:32:15Z</time>
        <hdop>3.7</hdop>
        <extensions>
          <osmand:speed>0.9</osmand:speed>
        </extensions>
      </trkpt>
      <trkpt lat="43.7609937" lon="6.561047">
        <ele>946.7</ele>
        <time>2026-07-19T16:32:21Z</time>
        <hdop>3</hdop>
        <extensions>
          <osmand:speed>1.2</osmand:speed>
        </extensions>
      </trkpt>
      <trkpt lat="43.7610018" lon="6.5609683">
        <ele>946.7</ele>
        <time>2026-07-19T16:32:26Z</time>
        <hdop>3</hdop>
        <extensions>
          <osmand:speed>1.1</osmand:speed>
        </extensions>
      </trkpt>
      <trkpt lat="43.7610077" lon="6.560897">
        <ele>946.8</ele>
        <time>2026-07-19T16:32:32Z</time>
        <hdop>3</hdop>
        <extensions>
          <osmand:speed>1.1</osmand:speed>
        </extensions>
      </trkpt>
      <trkpt lat="43.7610167" lon="6.5608203">
        <ele>946.9</ele>
        <time>2026-07-19T16:32:37Z</time>
        <hdop>3.1</hdop>
        <extensions>
          <osmand:speed>1.1</osmand:speed>
        </extensions>
      </trkpt>
      <trkpt lat="43.7610323" lon="6.5607502">
        <ele>946.6</ele>
        <time>2026-07-19T16:32:42Z</time>
        <hdop>3</hdop>
        <extensions>
          <osmand:speed>1.1</osmand:speed>
        </extensions>
      </trkpt>
      <trkpt lat="43.7610613" lon="6.5606879">
        <ele>946.7</ele>
        <time>2026-07-19T16:32:48Z</time>
        <hdop>3</hdop>
        <extensions>
          <osmand:speed>0.9</osmand:speed>
        </extensions>
      </trkpt>
      <trkpt lat="43.7611005" lon="6.5606189">
        <ele>947</ele>
        <time>2026-07-19T16:32:53Z</time>
        <hdop>3</hdop>
        <extensions>
          <osmand:speed>1.1</osmand:speed>
        </extensions>
      </trkpt>
      <trkpt lat="43.7611255" lon="6.5605443">
        <ele>947.3</ele>
        <time>2026-07-19T16:32:58Z</time>
        <hdop>3</hdop>
        <extensions>
          <osmand:speed>1.1</osmand:speed>
        </extensions>
      </trkpt>
      <trkpt lat="43.7611296" lon="6.5604698">
        <ele>947.6</ele>
        <time>2026-07-19T16:33:04Z</time>
        <hdop>3</hdop>
        <extensions>
          <osmand:speed>1</osmand:speed>
        </extensions>
      </trkpt>
      <trkpt lat="43.7611267" lon="6.5604113">
        <ele>948.7</ele>
        <time>2026-07-19T16:33:09Z</time>
        <hdop>3.1</hdop>
        <extensions>
          <osmand:speed>0.5</osmand:speed>
        </extensions>
      </trkpt>
      <trkpt lat="43.7611122" lon="6.5604077">
        <ele>948.9</ele>
        <time>2026-07-19T16:33:15Z</time>
        <hdop>3.1</hdop>
        <extensions>
          <osmand:speed>0.3</osmand:speed>
        </extensions>
      </trkpt>
      <trkpt lat="43.7611094" lon="6.5603482">
        <ele>949.2</ele>
        <time>2026-07-19T16:33:20Z</time>
        <hdop>3</hdop>
        <extensions>
          <osmand:speed>0.8</osmand:speed>
        </extensions>
      </trkpt>
      <trkpt lat="43.7610988" lon="6.5602679">
        <ele>950.3</ele>
        <time>2026-07-19T16:33:25Z</time>
        <hdop>3</hdop>
        <extensions>
          <osmand:speed>1.1</osmand:speed>
        </extensions>
      </trkpt>
      <trkpt lat="43.7610942" lon="6.5601928">
        <ele>951.2</ele>
        <time>2026-07-19T16:33:30Z</time>
        <hdop>3</hdop>
        <extensions>
          <osmand:speed>1.1</osmand:speed>
        </extensions>
      </trkpt>
      <trkpt lat="43.7611013" lon="6.5601125">
        <ele>952</ele>
        <time>2026-07-19T16:33:36Z</time>
        <hdop>3.1</hdop>
        <extensions>
          <osmand:speed>1</osmand:speed>
        </extensions>
      </trkpt>
      <trkpt lat="43.7611157" lon="6.5600334">
        <ele>952.8</ele>
        <time>2026-07-19T16:33:41Z</time>
        <hdop>3</hdop>
        <extensions>
          <osmand:speed>1.1</osmand:speed>
        </extensions>
      </trkpt>
      <trkpt lat="43.7611382" lon="6.5599608">
        <ele>953.7</ele>
        <time>2026-07-19T16:33:46Z</time>
        <hdop>3</hdop>
        <extensions>
          <osmand:speed>1.2</osmand:speed>
        </extensions>
      </trkpt>
      <trkpt lat="43.7611641" lon="6.5598966">
        <ele>954.1</ele>
        <time>2026-07-19T16:33:52Z</time>
        <hdop>3.1</hdop>
        <extensions>
          <osmand:speed>1</osmand:speed>
        </extensions>
      </trkpt>
      <trkpt lat="43.7611844" lon="6.5598189">
        <ele>954.5</ele>
        <time>2026-07-19T16:33:57Z</time>
        <hdop>3.1</hdop>
        <extensions>
          <osmand:speed>1.1</osmand:speed>
        </extensions>
      </trkpt>
      <trkpt lat="43.7612028" lon="6.5597409">
        <ele>955</ele>
        <time>2026-07-19T16:34:02Z</time>
        <hdop>4.4</hdop>
        <extensions>
          <osmand:speed>1.1</osmand:speed>
        </extensions>
      </trkpt>
      <trkpt lat="43.7612262" lon="6.5596686">
        <ele>955.1</ele>
        <time>2026-07-19T16:34:08Z</time>
        <hdop>5</hdop>
        <extensions>
          <osmand:speed>1</osmand:speed>
        </extensions>
      </trkpt>
      <trkpt lat="43.7612498" lon="6.5596075">
        <ele>954.3</ele>
        <time>2026-07-19T16:34:13Z</time>
        <hdop>3.3</hdop>
        <extensions>
          <osmand:speed>1</osmand:speed>
        </extensions>
      </trkpt>
      <trkpt lat="43.7612749" lon="6.5595309">
        <ele>953.7</ele>
        <time>2026-07-19T16:34:18Z</time>
        <hdop>3.1</hdop>
        <extensions>
          <osmand:speed>1.1</osmand:speed>
        </extensions>
      </trkpt>
      <trkpt lat="43.7613027" lon="6.5594609">
        <ele>953.5</ele>
        <time>2026-07-19T16:34:24Z</time>
        <hdop>3.1</hdop>
        <extensions>
          <osmand:speed>1.1</osmand:speed>
        </extensions>
      </trkpt>
      <trkpt lat="43.76133" lon="6.5593803">
        <ele>954</ele>
        <time>2026-07-19T16:34:29Z</time>
        <hdop>3.2</hdop>
        <extensions>
          <osmand:speed>1.2</osmand:speed>
        </extensions>
      </trkpt>
      <trkpt lat="43.7613518" lon="6.5593064">
        <ele>954.4</ele>
        <time>2026-07-19T16:34:34Z</time>
        <hdop>3.9</hdop>
        <extensions>
          <osmand:speed>1.1</osmand:speed>
        </extensions>
      </trkpt>
      <trkpt lat="43.761368" lon="6.559229">
        <ele>954.5</ele>
        <time>2026-07-19T16:34:40Z</time>
        <hdop>4.4</hdop>
        <extensions>
          <osmand:speed>1.1</osmand:speed>
        </extensions>
      </trkpt>
      <trkpt lat="43.7613807" lon="6.5591518">
        <ele>955</ele>
        <time>2026-07-19T16:34:45Z</time>
        <hdop>4.5</hdop>
        <extensions>
          <osmand:speed>1</osmand:speed>
        </extensions>
      </trkpt>
      <trkpt lat="43.7613922" lon="6.5590717">
        <ele>955.5</ele>
        <time>2026-07-19T16:34:50Z</time>
        <hdop>4</hdop>
        <extensions>
          <osmand:speed>0.9</osmand:speed>
        </extensions>
      </trkpt>
      <trkpt lat="43.761388" lon="6.5589814">
        <ele>955.6</ele>
        <time>2026-07-19T16:34:55Z</time>
        <hdop>4.5</hdop>
        <extensions>
          <osmand:speed>1.1</osmand:speed>
        </extensions>
      </trkpt>
      <trkpt lat="43.7614025" lon="6.5589003">
        <ele>955.6</ele>
        <time>2026-07-19T16:35:01Z</time>
        <hdop>5.4</hdop>
        <extensions>
          <osmand:speed>1.1</osmand:speed>
        </extensions>
      </trkpt>
      <trkpt lat="43.7614448" lon="6.5588339">
        <ele>955.1</ele>
        <time>2026-07-19T16:35:06Z</time>
        <hdop>5.1</hdop>
        <extensions>
          <osmand:speed>1.1</osmand:speed>
        </extensions>
      </trkpt>
      <trkpt lat="43.7614901" lon="6.5587938">
        <ele>954.5</ele>
        <time>2026-07-19T16:35:11Z</time>
        <hdop>5</hdop>
        <extensions>
          <osmand:speed>0.9</osmand:speed>
        </extensions>
      </trkpt>
      <trkpt lat="43.7615389" lon="6.5587312">
        <ele>954.1</ele>
        <time>2026-07-19T16:35:16Z</time>
        <hdop>5</hdop>
        <extensions>
          <osmand:speed>1.2</osmand:speed>
        </extensions>
      </trkpt>
      <trkpt lat="43.7616085" lon="6.5586796">
        <ele>953.2</ele>
        <time>2026-07-19T16:35:22Z</time>
        <hdop>4</hdop>
        <extensions>
          <osmand:speed>1.2</osmand:speed>
        </extensions>
      </trkpt>
      <trkpt lat="43.7616571" lon="6.5586206">
        <ele>952.3</ele>
        <time>2026-07-19T16:35:27Z</time>
        <hdop>3.3</hdop>
        <extensions>
          <osmand:speed>1.2</osmand:speed>
        </extensions>
      </trkpt>
      <trkpt lat="43.7617181" lon="6.558595">
        <ele>953</ele>
        <time>2026-07-19T16:35:33Z</time>
        <hdop>3.1</hdop>
        <extensions>
          <osmand:speed>1</osmand:speed>
        </extensions>
      </trkpt>
      <trkpt lat="43.7617421" lon="6.5585998">
        <ele>953.5</ele>
        <time>2026-07-19T16:35:38Z</time>
        <hdop>3</hdop>
        <extensions>
          <osmand:speed>0.3</osmand:speed>
        </extensions>
      </trkpt>
      <trkpt lat="43.7617374" lon="6.5586052">
        <ele>950.3</ele>
        <time>2026-07-19T16:35:44Z</time>
        <hdop>3</hdop>
        <extensions>
          <osmand:speed>0.1</osmand:speed>
        </extensions>
      </trkpt>
      <trkpt lat="43.761736" lon="6.5586058">
        <ele>950.3</ele>
        <time>2026-07-19T16:35:50Z</time>
        <hdop>3</hdop>
        <extensions>
          <osmand:speed>0.1</osmand:speed>
        </extensions>
      </trkpt>
      <trkpt lat="43.7617347" lon="6.5586081">
        <ele>950.3</ele>
        <time>2026-07-19T16:35:56Z</time>
        <hdop>3</hdop>
        <extensions>
          <osmand:speed>0</osmand:speed>
        </extensions>
      </trkpt>
      <trkpt lat="43.7617345" lon="6.5586077">
        <ele>950.3</ele>
        <time>2026-07-19T16:36:02Z</time>
        <hdop>3</hdop>
        <extensions>
          <osmand:speed>0</osmand:speed>
        </extensions>
      </trkpt>
      <trkpt lat="43.7617358" lon="6.5586068">
        <ele>950.3</ele>
        <time>2026-07-19T16:36:07Z</time>
        <hdop>3</hdop>
        <extensions>
          <osmand:speed>0.1</osmand:speed>
        </extensions>
      </trkpt>
      <trkpt lat="43.7617365" lon="6.5586061">
        <ele>950.3</ele>
        <time>2026-07-19T16:36:13Z</time>
        <hdop>3</hdop>
        <extensions>
          <osmand:speed>0.1</osmand:speed>
        </extensions>
      </trkpt>
      <trkpt lat="43.7617371" lon="6.5586058">
        <ele>950.6</ele>
        <time>2026-07-19T16:36:19Z</time>
        <hdop>3</hdop>
        <extensions>
          <osmand:speed>0.1</osmand:speed>
        </extensions>
      </trkpt>
      <trkpt lat="43.7617369" lon="6.5586044">
        <ele>950.6</ele>
        <time>2026-07-19T16:36:24Z</time>
        <hdop>3</hdop>
        <extensions>
          <osmand:speed>0.1</osmand:speed>
        </extensions>
      </trkpt>
      <trkpt lat="43.7617368" lon="6.5586035">
        <ele>950.6</ele>
        <time>2026-07-19T16:36:30Z</time>
        <hdop>3</hdop>
        <extensions>
          <osmand:speed>0.1</osmand:speed>
        </extensions>
      </trkpt>
      <trkpt lat="43.7617365" lon="6.5586031">
        <ele>950.3</ele>
        <time>2026-07-19T16:36:36Z</time>
        <hdop>3</hdop>
        <extensions>
          <osmand:speed>0.1</osmand:speed>
        </extensions>
      </trkpt>
      <trkpt lat="43.761736" lon="6.5586028">
        <ele>950.6</ele>
        <time>2026-07-19T16:36:41Z</time>
        <hdop>3</hdop>
        <extensions>
          <osmand:speed>0.1</osmand:speed>
        </extensions>
      </trkpt>
      <trkpt lat="43.7617353" lon="6.558603">
        <ele>950.6</ele>
        <time>2026-07-19T16:36:47Z</time>
        <hdop>3</hdop>
        <extensions>
          <osmand:speed>0.1</osmand:speed>
        </extensions>
      </trkpt>
      <trkpt lat="43.7617349" lon="6.5586032">
        <ele>950.6</ele>
        <time>2026-07-19T16:36:52Z</time>
        <hdop>3</hdop>
        <extensions>
          <osmand:speed>0.1</osmand:speed>
        </extensions>
      </trkpt>
      <trkpt lat="43.7617344" lon="6.5586039">
        <ele>950.6</ele>
        <time>2026-07-19T16:36:58Z</time>
        <hdop>3</hdop>
        <extensions>
          <osmand:speed>0.1</osmand:speed>
        </extensions>
      </trkpt>
      <trkpt lat="43.7617339" lon="6.5586051">
        <ele>950.6</ele>
        <time>2026-07-19T16:37:04Z</time>
        <hdop>3</hdop>
        <extensions>
          <osmand:speed>0.1</osmand:speed>
        </extensions>
      </trkpt>
      <trkpt lat="43.7617339" lon="6.5586057">
        <ele>950.6</ele>
        <time>2026-07-19T16:37:10Z</time>
        <hdop>3</hdop>
        <extensions>
          <osmand:speed>0.1</osmand:speed>
        </extensions>
      </trkpt>
      <trkpt lat="43.7617337" lon="6.5586068">
        <ele>950.6</ele>
        <time>2026-07-19T16:37:16Z</time>
        <hdop>3</hdop>
        <extensions>
          <osmand:speed>0.1</osmand:speed>
        </extensions>
      </trkpt>
      <trkpt lat="43.7617328" lon="6.5586073">
        <ele>950.3</ele>
        <time>2026-07-19T16:37:22Z</time>
        <hdop>3</hdop>
        <extensions>
          <osmand:speed>0.1</osmand:speed>
        </extensions>
      </trkpt>
      <trkpt lat="43.7617319" lon="6.5586076">
        <ele>950.3</ele>
        <time>2026-07-19T16:37:28Z</time>
        <hdop>3</hdop>
        <extensions>
          <osmand:speed>0.1</osmand:speed>
        </extensions>
      </trkpt>
      <trkpt lat="43.7617311" lon="6.5586074">
        <ele>950.3</ele>
        <time>2026-07-19T16:37:33Z</time>
        <hdop>3</hdop>
        <extensions>
          <osmand:speed>0.1</osmand:speed>
        </extensions>
      </trkpt>
      <trkpt lat="43.7617304" lon="6.5586078">
        <ele>950.3</ele>
        <time>2026-07-19T16:37:38Z</time>
        <hdop>3</hdop>
        <extensions>
          <osmand:speed>0.1</osmand:speed>
        </extensions>
      </trkpt>
      <trkpt lat="43.7617298" lon="6.558608">
        <ele>950.6</ele>
        <time>2026-07-19T16:37:44Z</time>
        <hdop>3</hdop>
        <extensions>
          <osmand:speed>0.1</osmand:speed>
        </extensions>
      </trkpt>
      <trkpt lat="43.76173" lon="6.5586066">
        <ele>950.6</ele>
        <time>2026-07-19T16:37:50Z</time>
        <hdop>3</hdop>
        <extensions>
          <osmand:speed>0.1</osmand:speed>
        </extensions>
      </trkpt>
      <trkpt lat="43.7617305" lon="6.5586054">
        <ele>950.3</ele>
        <time>2026-07-19T16:37:56Z</time>
        <hdop>3</hdop>
        <extensions>
          <osmand:speed>0.1</osmand:speed>
        </extensions>
      </trkpt>
      <trkpt lat="43.7617312" lon="6.5586045">
        <ele>950.3</ele>
        <time>2026-07-19T16:38:01Z</time>
        <hdop>3</hdop>
        <extensions>
          <osmand:speed>0.1</osmand:speed>
        </extensions>
      </trkpt>
      <trkpt lat="43.7617318" lon="6.5586042">
        <ele>950.3</ele>
        <time>2026-07-19T16:38:06Z</time>
        <hdop>3</hdop>
        <extensions>
          <osmand:speed>0.1</osmand:speed>
        </extensions>
      </trkpt>
      <trkpt lat="43.7617325" lon="6.5586036">
        <ele>950.6</ele>
        <time>2026-07-19T16:38:12Z</time>
        <hdop>3</hdop>
        <extensions>
          <osmand:speed>0.1</osmand:speed>
        </extensions>
      </trkpt>
      <trkpt lat="43.7617324" lon="6.5586036">
        <ele>950.6</ele>
        <time>2026-07-19T16:38:18Z</time>
        <hdop>3</hdop>
        <extensions>
          <osmand:speed>0.1</osmand:speed>
        </extensions>
      </trkpt>
      <trkpt lat="43.7617317" lon="6.5586043">
        <ele>950.3</ele>
        <time>2026-07-19T16:38:24Z</time>
        <hdop>3</hdop>
        <extensions>
          <osmand:speed>0.1</osmand:speed>
        </extensions>
      </trkpt>
      <trkpt lat="43.7617313" lon="6.5586048">
        <ele>950.3</ele>
        <time>2026-07-19T16:38:29Z</time>
        <hdop>3</hdop>
        <extensions>
          <osmand:speed>0.1</osmand:speed>
        </extensions>
      </trkpt>
      <trkpt lat="43.7617307" lon="6.5586058">
        <ele>950.3</ele>
        <time>2026-07-19T16:38:35Z</time>
        <hdop>3</hdop>
        <extensions>
          <osmand:speed>0.1</osmand:speed>
        </extensions>
      </trkpt>
      <trkpt lat="43.7617296" lon="6.5586071">
        <ele>950.3</ele>
        <time>2026-07-19T16:38:41Z</time>
        <hdop>3</hdop>
        <extensions>
          <osmand:speed>0.1</osmand:speed>
        </extensions>
      </trkpt>
      <trkpt lat="43.7617292" lon="6.5586079">
        <ele>950.3</ele>
        <time>2026-07-19T16:38:47Z</time>
        <hdop>3</hdop>
        <extensions>
          <osmand:speed>0.1</osmand:speed>
        </extensions>
      </trkpt>
      <trkpt lat="43.7617289" lon="6.5586076">
        <ele>950.6</ele>
        <time>2026-07-19T16:38:53Z</time>
        <hdop>3</hdop>
        <extensions>
          <osmand:speed>0.1</osmand:speed>
        </extensions>
      </trkpt>
      <trkpt lat="43.7617292" lon="6.5586071">
        <ele>950.3</ele>
        <time>2026-07-19T16:38:59Z</time>
        <hdop>3</hdop>
        <extensions>
          <osmand:speed>0.1</osmand:speed>
        </extensions>
      </trkpt>
      <trkpt lat="43.7617293" lon="6.5586076">
        <ele>950.3</ele>
        <time>2026-07-19T16:39:05Z</time>
        <hdop>3</hdop>
        <extensions>
          <osmand:speed>0.1</osmand:speed>
        </extensions>
      </trkpt>
      <trkpt lat="43.7617292" lon="6.5586073">
        <ele>950.3</ele>
        <time>2026-07-19T16:39:11Z</time>
        <hdop>3</hdop>
        <extensions>
          <osmand:speed>0.1</osmand:speed>
        </extensions>
      </trkpt>
      <trkpt lat="43.7617292" lon="6.5586073">
        <ele>950.3</ele>
        <time>2026-07-19T16:39:16Z</time>
        <hdop>3</hdop>
        <extensions>
          <osmand:speed>0.1</osmand:speed>
        </extensions>
      </trkpt>
      <trkpt lat="43.7617296" lon="6.5586075">
        <ele>950.3</ele>
        <time>2026-07-19T16:39:22Z</time>
        <hdop>3</hdop>
        <extensions>
          <osmand:speed>0.1</osmand:speed>
        </extensions>
      </trkpt>
      <trkpt lat="43.7617299" lon="6.5586074">
        <ele>950.3</ele>
        <time>2026-07-19T16:39:28Z</time>
        <hdop>3</hdop>
        <extensions>
          <osmand:speed>0.1</osmand:speed>
        </extensions>
      </trkpt>
      <trkpt lat="43.76173" lon="6.5586075">
        <ele>950.3</ele>
        <time>2026-07-19T16:39:34Z</time>
        <hdop>3</hdop>
        <extensions>
          <osmand:speed>0.1</osmand:speed>
        </extensions>
      </trkpt>
      <trkpt lat="43.7617301" lon="6.5586077">
        <ele>950.6</ele>
        <time>2026-07-19T16:39:40Z</time>
        <hdop>3</hdop>
        <extensions>
          <osmand:speed>0.1</osmand:speed>
        </extensions>
      </trkpt>
      <trkpt lat="43.7617298" lon="6.5586077">
        <ele>950.3</ele>
        <time>2026-07-19T16:39:46Z</time>
        <hdop>3.1</hdop>
        <extensions>
          <osmand:speed>0.1</osmand:speed>
        </extensions>
      </trkpt>
      <trkpt lat="43.7617302" lon="6.5586072">
        <ele>950.6</ele>
        <time>2026-07-19T16:39:52Z</time>
        <hdop>3.4</hdop>
        <extensions>
          <osmand:speed>0.1</osmand:speed>
        </extensions>
      </trkpt>
      <trkpt lat="43.761729" lon="6.5586069">
        <ele>950.6</ele>
        <time>2026-07-19T16:39:58Z</time>
        <hdop>3</hdop>
        <extensions>
          <osmand:speed>0.1</osmand:speed>
        </extensions>
      </trkpt>
      <trkpt lat="43.7617297" lon="6.558607">
        <ele>950.6</ele>
        <time>2026-07-19T16:40:04Z</time>
        <hdop>3</hdop>
        <extensions>
          <osmand:speed>0.1</osmand:speed>
        </extensions>
      </trkpt>
      <trkpt lat="43.7617308" lon="6.5586071">
        <ele>950.6</ele>
        <time>2026-07-19T16:40:09Z</time>
        <hdop>3</hdop>
        <extensions>
          <osmand:speed>0.1</osmand:speed>
        </extensions>
      </trkpt>
      <trkpt lat="43.7617313" lon="6.5586073">
        <ele>950.8</ele>
        <time>2026-07-19T16:40:15Z</time>
        <hdop>3</hdop>
        <extensions>
          <osmand:speed>0.1</osmand:speed>
        </extensions>
      </trkpt>
      <trkpt lat="43.7617313" lon="6.5586073">
        <ele>950.8</ele>
        <time>2026-07-19T16:40:20Z</time>
        <hdop>3</hdop>
        <extensions>
          <osmand:speed>0.1</osmand:speed>
        </extensions>
      </trkpt>
      <trkpt lat="43.7617314" lon="6.5586071">
        <ele>950.3</ele>
        <time>2026-07-19T16:40:25Z</time>
        <hdop>3</hdop>
        <extensions>
          <osmand:speed>0.1</osmand:speed>
        </extensions>
      </trkpt>
      <trkpt lat="43.7617311" lon="6.5586072">
        <ele>950.3</ele>
        <time>2026-07-19T16:40:31Z</time>
        <hdop>3</hdop>
        <extensions>
          <osmand:speed>0.1</osmand:speed>
        </extensions>
      </trkpt>
      <trkpt lat="43.7617312" lon="6.5586071">
        <ele>950.6</ele>
        <time>2026-07-19T16:40:37Z</time>
        <hdop>3</hdop>
        <extensions>
          <osmand:speed>0.1</osmand:speed>
        </extensions>
      </trkpt>
      <trkpt lat="43.7617312" lon="6.5586073">
        <ele>950.3</ele>
        <time>2026-07-19T16:40:43Z</time>
        <hdop>3</hdop>
        <extensions>
          <osmand:speed>0.1</osmand:speed>
        </extensions>
      </trkpt>
      <trkpt lat="43.7617308" lon="6.5586078">
        <ele>950.3</ele>
        <time>2026-07-19T16:40:49Z</time>
        <hdop>3.1</hdop>
        <extensions>
          <osmand:speed>0.1</osmand:speed>
        </extensions>
      </trkpt>
      <trkpt lat="43.7617297" lon="6.558608">
        <ele>950.3</ele>
        <time>2026-07-19T16:40:55Z</time>
        <hdop>3.1</hdop>
        <extensions>
          <osmand:speed>0.1</osmand:speed>
        </extensions>
      </trkpt>
      <trkpt lat="43.7617288" lon="6.5586088">
        <ele>950.6</ele>
        <time>2026-07-19T16:41:01Z</time>
        <hdop>3</hdop>
        <extensions>
          <osmand:speed>0.1</osmand:speed>
        </extensions>
      </trkpt>
      <trkpt lat="43.7617285" lon="6.5586091">
        <ele>950.3</ele>
        <time>2026-07-19T16:41:06Z</time>
        <hdop>3</hdop>
        <extensions>
          <osmand:speed>0.1</osmand:speed>
        </extensions>
      </trkpt>
      <trkpt lat="43.7617276" lon="6.5586094">
        <ele>950.3</ele>
        <time>2026-07-19T16:41:12Z</time>
        <hdop>3</hdop>
        <extensions>
          <osmand:speed>0.1</osmand:speed>
        </extensions>
      </trkpt>
      <trkpt lat="43.7617267" lon="6.558609">
        <ele>950.3</ele>
        <time>2026-07-19T16:41:18Z</time>
        <hdop>3</hdop>
        <extensions>
          <osmand:speed>0.1</osmand:speed>
        </extensions>
      </trkpt>
      <trkpt lat="43.7617262" lon="6.5586084">
        <ele>950.3</ele>
        <time>2026-07-19T16:41:23Z</time>
        <hdop>3</hdop>
        <extensions>
          <osmand:speed>0.1</osmand:speed>
        </extensions>
      </trkpt>
      <trkpt lat="43.7617262" lon="6.5586078">
        <ele>950.3</ele>
        <time>2026-07-19T16:41:29Z</time>
        <hdop>3</hdop>
        <extensions>
          <osmand:speed>0.1</osmand:speed>
        </extensions>
      </trkpt>
      <trkpt lat="43.7617262" lon="6.5586088">
        <ele>950.6</ele>
        <time>2026-07-19T16:41:35Z</time>
        <hdop>3</hdop>
        <extensions>
          <osmand:speed>0.1</osmand:speed>
        </extensions>
      </trkpt>
      <trkpt lat="43.7617263" lon="6.5586097">
        <ele>950.3</ele>
        <time>2026-07-19T16:41:41Z</time>
        <hdop>3</hdop>
        <extensions>
          <osmand:speed>0.1</osmand:speed>
        </extensions>
      </trkpt>
      <trkpt lat="43.7617264" lon="6.55861">
        <ele>950.3</ele>
        <time>2026-07-19T16:41:47Z</time>
        <hdop>3</hdop>
        <extensions>
          <osmand:speed>0.1</osmand:speed>
        </extensions>
      </trkpt>
      <trkpt lat="43.7617262" lon="6.5586107">
        <ele>950.3</ele>
        <time>2026-07-19T16:41:52Z</time>
        <hdop>3</hdop>
        <extensions>
          <osmand:speed>0.1</osmand:speed>
        </extensions>
      </trkpt>
      <trkpt lat="43.7617266" lon="6.558612">
        <ele>950.3</ele>
        <time>2026-07-19T16:41:58Z</time>
        <hdop>3</hdop>
        <extensions>
          <osmand:speed>0.1</osmand:speed>
        </extensions>
      </trkpt>
      <trkpt lat="43.7617269" lon="6.5586125">
        <ele>950.8</ele>
        <time>2026-07-19T16:42:04Z</time>
        <hdop>3</hdop>
        <extensions>
          <osmand:speed>0.1</osmand:speed>
        </extensions>
      </trkpt>
      <trkpt lat="43.7617271" lon="6.5586126">
        <ele>950.3</ele>
        <time>2026-07-19T16:42:09Z</time>
        <hdop>3</hdop>
        <extensions>
          <osmand:speed>0.1</osmand:speed>
        </extensions>
      </trkpt>
      <trkpt lat="43.7617272" lon="6.5586124">
        <ele>950.3</ele>
        <time>2026-07-19T16:42:15Z</time>
        <hdop>3</hdop>
        <extensions>
          <osmand:speed>0.1</osmand:speed>
        </extensions>
      </trkpt>
      <trkpt lat="43.7617272" lon="6.5586131">
        <ele>950.3</ele>
        <time>2026-07-19T16:42:21Z</time>
        <hdop>3</hdop>
        <extensions>
          <osmand:speed>0.1</osmand:speed>
        </extensions>
      </trkpt>
      <trkpt lat="43.7617268" lon="6.5586135">
        <ele>950.3</ele>
        <time>2026-07-19T16:42:26Z</time>
        <hdop>3</hdop>
        <extensions>
          <osmand:speed>0.1</osmand:speed>
        </extensions>
      </trkpt>
      <trkpt lat="43.7617265" lon="6.5586146">
        <ele>950.3</ele>
        <time>2026-07-19T16:42:32Z</time>
        <hdop>3</hdop>
        <extensions>
          <osmand:speed>0.1</osmand:speed>
        </extensions>
      </trkpt>
      <trkpt lat="43.7617267" lon="6.5586147">
        <ele>950.3</ele>
        <time>2026-07-19T16:42:38Z</time>
        <hdop>3</hdop>
        <extensions>
          <osmand:speed>0.1</osmand:speed>
        </extensions>
      </trkpt>
      <trkpt lat="43.7617265" lon="6.558614">
        <ele>950.3</ele>
        <time>2026-07-19T16:42:43Z</time>
        <hdop>3</hdop>
        <extensions>
          <osmand:speed>0.1</osmand:speed>
        </extensions>
      </trkpt>
      <trkpt lat="43.7617264" lon="6.5586145">
        <ele>950.6</ele>
        <time>2026-07-19T16:42:49Z</time>
        <hdop>3</hdop>
        <extensions>
          <osmand:speed>0.1</osmand:speed>
        </extensions>
      </trkpt>
      <trkpt lat="43.7617264" lon="6.558616">
        <ele>950.6</ele>
        <time>2026-07-19T16:42:55Z</time>
        <hdop>3</hdop>
        <extensions>
          <osmand:speed>0.1</osmand:speed>
        </extensions>
      </trkpt>
      <trkpt lat="43.7617264" lon="6.5586169">
        <ele>950.3</ele>
        <time>2026-07-19T16:43:00Z</time>
        <hdop>3</hdop>
        <extensions>
          <osmand:speed>0.1</osmand:speed>
        </extensions>
      </trkpt>
      <trkpt lat="43.7617263" lon="6.5586184">
        <ele>950.3</ele>
        <time>2026-07-19T16:43:06Z</time>
        <hdop>3</hdop>
        <extensions>
          <osmand:speed>0.1</osmand:speed>
        </extensions>
      </trkpt>
      <trkpt lat="43.7617261" lon="6.5586188">
        <ele>950.3</ele>
        <time>2026-07-19T16:43:12Z</time>
        <hdop>3</hdop>
        <extensions>
          <osmand:speed>0.1</osmand:speed>
        </extensions>
      </trkpt>
      <trkpt lat="43.7617251" lon="6.5586189">
        <ele>950.3</ele>
        <time>2026-07-19T16:43:18Z</time>
        <hdop>3</hdop>
        <extensions>
          <osmand:speed>0.1</osmand:speed>
        </extensions>
      </trkpt>
      <trkpt lat="43.7617255" lon="6.5586193">
        <ele>950.3</ele>
        <time>2026-07-19T16:43:24Z</time>
        <hdop>3</hdop>
        <extensions>
          <osmand:speed>0.1</osmand:speed>
        </extensions>
      </trkpt>
      <trkpt lat="43.7617263" lon="6.5586194">
        <ele>950.3</ele>
        <time>2026-07-19T16:43:30Z</time>
        <hdop>3</hdop>
        <extensions>
          <osmand:speed>0.1</osmand:speed>
        </extensions>
      </trkpt>
      <trkpt lat="43.7617266" lon="6.5586197">
        <ele>950.3</ele>
        <time>2026-07-19T16:43:36Z</time>
        <hdop>3</hdop>
        <extensions>
          <osmand:speed>0.1</osmand:speed>
        </extensions>
      </trkpt>
      <trkpt lat="43.7617272" lon="6.5586199">
        <ele>950.3</ele>
        <time>2026-07-19T16:43:41Z</time>
        <hdop>3</hdop>
        <extensions>
          <osmand:speed>0.1</osmand:speed>
        </extensions>
      </trkpt>
      <trkpt lat="43.7617274" lon="6.5586201">
        <ele>950.6</ele>
        <time>2026-07-19T16:43:47Z</time>
        <hdop>3</hdop>
        <extensions>
          <osmand:speed>0.1</osmand:speed>
        </extensions>
      </trkpt>
      <trkpt lat="43.7617275" lon="6.5586206">
        <ele>950.6</ele>
        <time>2026-07-19T16:43:52Z</time>
        <hdop>3</hdop>
        <extensions>
          <osmand:speed>0.1</osmand:speed>
        </extensions>
      </trkpt>
      <trkpt lat="43.7617271" lon="6.5586208">
        <ele>950.3</ele>
        <time>2026-07-19T16:43:58Z</time>
        <hdop>3</hdop>
        <extensions>
          <osmand:speed>0.1</osmand:speed>
        </extensions>
      </trkpt>
      <trkpt lat="43.7617267" lon="6.5586207">
        <ele>950.3</ele>
        <time>2026-07-19T16:44:03Z</time>
        <hdop>3</hdop>
        <extensions>
          <osmand:speed>0.1</osmand:speed>
        </extensions>
      </trkpt>
      <trkpt lat="43.7617262" lon="6.558621">
        <ele>950.6</ele>
        <time>2026-07-19T16:44:09Z</time>
        <hdop>3</hdop>
        <extensions>
          <osmand:speed>0.1</osmand:speed>
        </extensions>
      </trkpt>
      <trkpt lat="43.761726" lon="6.5586207">
        <ele>950.6</ele>
        <time>2026-07-19T16:44:15Z</time>
        <hdop>3</hdop>
        <extensions>
          <osmand:speed>0.1</osmand:speed>
        </extensions>
      </trkpt>
      <trkpt lat="43.7617262" lon="6.5586206">
        <ele>950.8</ele>
        <time>2026-07-19T16:44:21Z</time>
        <hdop>3</hdop>
        <extensions>
          <osmand:speed>0.1</osmand:speed>
        </extensions>
      </trkpt>
      <trkpt lat="43.7617261" lon="6.5586199">
        <ele>950.3</ele>
        <time>2026-07-19T16:44:26Z</time>
        <hdop>3</hdop>
        <extensions>
          <osmand:speed>0.1</osmand:speed>
        </extensions>
      </trkpt>
      <trkpt lat="43.7617271" lon="6.5586191">
        <ele>950.6</ele>
        <time>2026-07-19T16:44:32Z</time>
        <hdop>3</hdop>
        <extensions>
          <osmand:speed>0.1</osmand:speed>
        </extensions>
      </trkpt>
      <trkpt lat="43.7617275" lon="6.5586182">
        <ele>950.3</ele>
        <time>2026-07-19T16:44:38Z</time>
        <hdop>3</hdop>
        <extensions>
          <osmand:speed>0.1</osmand:speed>
        </extensions>
      </trkpt>
      <trkpt lat="43.7617275" lon="6.5586175">
        <ele>950.6</ele>
        <time>2026-07-19T16:44:43Z</time>
        <hdop>3</hdop>
        <extensions>
          <osmand:speed>0.1</osmand:speed>
        </extensions>
      </trkpt>
      <trkpt lat="43.7617279" lon="6.5586176">
        <ele>950.3</ele>
        <time>2026-07-19T16:44:49Z</time>
        <hdop>3</hdop>
        <extensions>
          <osmand:speed>0.1</osmand:speed>
        </extensions>
      </trkpt>
      <trkpt lat="43.7617287" lon="6.5586182">
        <ele>950.3</ele>
        <time>2026-07-19T16:44:55Z</time>
        <hdop>3</hdop>
        <extensions>
          <osmand:speed>0.1</osmand:speed>
        </extensions>
      </trkpt>
      <trkpt lat="43.7617288" lon="6.5586185">
        <ele>950.6</ele>
        <time>2026-07-19T16:45:01Z</time>
        <hdop>3</hdop>
        <extensions>
          <osmand:speed>0.1</osmand:speed>
        </extensions>
      </trkpt>
      <trkpt lat="43.7617293" lon="6.5586191">
        <ele>950.3</ele>
        <time>2026-07-19T16:45:07Z</time>
        <hdop>3</hdop>
        <extensions>
          <osmand:speed>0.1</osmand:speed>
        </extensions>
      </trkpt>
      <trkpt lat="43.7617299" lon="6.5586198">
        <ele>950.3</ele>
        <time>2026-07-19T16:45:13Z</time>
        <hdop>3</hdop>
        <extensions>
          <osmand:speed>0.1</osmand:speed>
        </extensions>
      </trkpt>
      <trkpt lat="43.7617305" lon="6.5586205">
        <ele>950.3</ele>
        <time>2026-07-19T16:45:19Z</time>
        <hdop>3</hdop>
        <extensions>
          <osmand:speed>0.1</osmand:speed>
        </extensions>
      </trkpt>
      <trkpt lat="43.7617311" lon="6.5586207">
        <ele>950.3</ele>
        <time>2026-07-19T16:45:24Z</time>
        <hdop>3</hdop>
        <extensions>
          <osmand:speed>0.1</osmand:speed>
        </extensions>
      </trkpt>
      <trkpt lat="43.7617305" lon="6.5586202">
        <ele>950.3</ele>
        <time>2026-07-19T16:45:30Z</time>
        <hdop>3</hdop>
        <extensions>
          <osmand:speed>0.1</osmand:speed>
        </extensions>
      </trkpt>
      <trkpt lat="43.76173" lon="6.5586197">
        <ele>950.6</ele>
        <time>2026-07-19T16:45:36Z</time>
        <hdop>3</hdop>
        <extensions>
          <osmand:speed>0.1</osmand:speed>
        </extensions>
      </trkpt>
      <trkpt lat="43.76173" lon="6.5586198">
        <ele>950.3</ele>
        <time>2026-07-19T16:45:42Z</time>
        <hdop>3</hdop>
        <extensions>
          <osmand:speed>0.1</osmand:speed>
        </extensions>
      </trkpt>
      <trkpt lat="43.7617302" lon="6.5586195">
        <ele>950.3</ele>
        <time>2026-07-19T16:45:47Z</time>
        <hdop>3.1</hdop>
        <extensions>
          <osmand:speed>0.1</osmand:speed>
        </extensions>
      </trkpt>
      <trkpt lat="43.7617292" lon="6.5586203">
        <ele>950.3</ele>
        <time>2026-07-19T16:45:53Z</time>
        <hdop>3.2</hdop>
        <extensions>
          <osmand:speed>0.1</osmand:speed>
        </extensions>
      </trkpt>
      <trkpt lat="43.7617285" lon="6.5586202">
        <ele>950.3</ele>
        <time>2026-07-19T16:45:58Z</time>
        <hdop>3</hdop>
        <extensions>
          <osmand:speed>0.1</osmand:speed>
        </extensions>
      </trkpt>
      <trkpt lat="43.7617284" lon="6.5586198">
        <ele>950.3</ele>
        <time>2026-07-19T16:46:04Z</time>
        <hdop>3</hdop>
        <extensions>
          <osmand:speed>0.1</osmand:speed>
        </extensions>
      </trkpt>
      <trkpt lat="43.761728" lon="6.5586197">
        <ele>950.3</ele>
        <time>2026-07-19T16:46:09Z</time>
        <hdop>3.1</hdop>
        <extensions>
          <osmand:speed>0.1</osmand:speed>
        </extensions>
      </trkpt>
      <trkpt lat="43.7617278" lon="6.5586193">
        <ele>950.3</ele>
        <time>2026-07-19T16:46:14Z</time>
        <hdop>3.3</hdop>
        <extensions>
          <osmand:speed>0.1</osmand:speed>
        </extensions>
      </trkpt>
      <trkpt lat="43.7617267" lon="6.5586208">
        <ele>950.3</ele>
        <time>2026-07-19T16:46:20Z</time>
        <hdop>3.1</hdop>
        <extensions>
          <osmand:speed>0.1</osmand:speed>
        </extensions>
      </trkpt>
      <trkpt lat="43.7617253" lon="6.5586201">
        <ele>950.6</ele>
        <time>2026-07-19T16:46:26Z</time>
        <hdop>3</hdop>
        <extensions>
          <osmand:speed>0.1</osmand:speed>
        </extensions>
      </trkpt>
      <trkpt lat="43.7617247" lon="6.5586191">
        <ele>950.6</ele>
        <time>2026-07-19T16:46:32Z</time>
        <hdop>3</hdop>
        <extensions>
          <osmand:speed>0.1</osmand:speed>
        </extensions>
      </trkpt>
      <trkpt lat="43.7617244" lon="6.5586186">
        <ele>950.3</ele>
        <time>2026-07-19T16:46:38Z</time>
        <hdop>3</hdop>
        <extensions>
          <osmand:speed>0.1</osmand:speed>
        </extensions>
      </trkpt>
      <trkpt lat="43.7617242" lon="6.5586185">
        <ele>950.6</ele>
        <time>2026-07-19T16:46:44Z</time>
        <hdop>3.1</hdop>
        <extensions>
          <osmand:speed>0.1</osmand:speed>
        </extensions>
      </trkpt>
      <trkpt lat="43.7617241" lon="6.5586186">
        <ele>950.6</ele>
        <time>2026-07-19T16:46:49Z</time>
        <hdop>3.3</hdop>
        <extensions>
          <osmand:speed>0.1</osmand:speed>
        </extensions>
      </trkpt>
      <trkpt lat="43.7617242" lon="6.5586188">
        <ele>950.6</ele>
        <time>2026-07-19T16:46:54Z</time>
        <hdop>3.6</hdop>
        <extensions>
          <osmand:speed>0.1</osmand:speed>
        </extensions>
      </trkpt>
      <trkpt lat="43.7617249" lon="6.5586189">
        <ele>950.6</ele>
        <time>2026-07-19T16:47:00Z</time>
        <hdop>4</hdop>
        <extensions>
          <osmand:speed>0.1</osmand:speed>
        </extensions>
      </trkpt>
      <trkpt lat="43.761725" lon="6.5586186">
        <ele>950.6</ele>
        <time>2026-07-19T16:47:05Z</time>
        <hdop>4.2</hdop>
        <extensions>
          <osmand:speed>0.1</osmand:speed>
        </extensions>
      </trkpt>
      <trkpt lat="43.7617261" lon="6.5586188">
        <ele>950.3</ele>
        <time>2026-07-19T16:47:11Z</time>
        <hdop>4.3</hdop>
        <extensions>
          <osmand:speed>0.1</osmand:speed>
        </extensions>
      </trkpt>
      <trkpt lat="43.7617266" lon="6.5586186">
        <ele>950.3</ele>
        <time>2026-07-19T16:47:17Z</time>
        <hdop>4.2</hdop>
        <extensions>
          <osmand:speed>0.1</osmand:speed>
        </extensions>
      </trkpt>
      <trkpt lat="43.7617267" lon="6.5586194">
        <ele>950.6</ele>
        <time>2026-07-19T16:47:22Z</time>
        <hdop>3.9</hdop>
        <extensions>
          <osmand:speed>0.1</osmand:speed>
        </extensions>
      </trkpt>
      <trkpt lat="43.7617265" lon="6.5586198">
        <ele>950.3</ele>
        <time>2026-07-19T16:47:28Z</time>
        <hdop>3.9</hdop>
        <extensions>
          <osmand:speed>0.1</osmand:speed>
        </extensions>
      </trkpt>
      <trkpt lat="43.7617263" lon="6.5586202">
        <ele>950.3</ele>
        <time>2026-07-19T16:47:34Z</time>
        <hdop>4.6</hdop>
        <extensions>
          <osmand:speed>0.1</osmand:speed>
        </extensions>
      </trkpt>
      <trkpt lat="43.7617262" lon="6.558621">
        <ele>950.3</ele>
        <time>2026-07-19T16:47:39Z</time>
        <hdop>4.6</hdop>
        <extensions>
          <osmand:speed>0.1</osmand:speed>
        </extensions>
      </trkpt>
      <trkpt lat="43.7617257" lon="6.5586218">
        <ele>950.3</ele>
        <time>2026-07-19T16:47:45Z</time>
        <hdop>3.9</hdop>
        <extensions>
          <osmand:speed>0.1</osmand:speed>
        </extensions>
      </trkpt>
      <trkpt lat="43.7617257" lon="6.5586229">
        <ele>950.3</ele>
        <time>2026-07-19T16:47:51Z</time>
        <hdop>3.6</hdop>
        <extensions>
          <osmand:speed>0.1</osmand:speed>
        </extensions>
      </trkpt>
      <trkpt lat="43.7617258" lon="6.5586223">
        <ele>950.3</ele>
        <time>2026-07-19T16:47:57Z</time>
        <hdop>3.3</hdop>
        <extensions>
          <osmand:speed>0.1</osmand:speed>
        </extensions>
      </trkpt>
      <trkpt lat="43.7617266" lon="6.5586218">
        <ele>950.3</ele>
        <time>2026-07-19T16:48:03Z</time>
        <hdop>3</hdop>
        <extensions>
          <osmand:speed>0.1</osmand:speed>
        </extensions>
      </trkpt>
      <trkpt lat="43.7617269" lon="6.5586215">
        <ele>950.3</ele>
        <time>2026-07-19T16:48:08Z</time>
        <hdop>3</hdop>
        <extensions>
          <osmand:speed>0.1</osmand:speed>
        </extensions>
      </trkpt>
      <trkpt lat="43.7617265" lon="6.5586216">
        <ele>950.3</ele>
        <time>2026-07-19T16:48:13Z</time>
        <hdop>3</hdop>
        <extensions>
          <osmand:speed>0.1</osmand:speed>
        </extensions>
      </trkpt>
      <trkpt lat="43.7617264" lon="6.558621">
        <ele>950.6</ele>
        <time>2026-07-19T16:48:19Z</time>
        <hdop>3.4</hdop>
        <extensions>
          <osmand:speed>0.1</osmand:speed>
        </extensions>
      </trkpt>
      <trkpt lat="43.7617266" lon="6.5586212">
        <ele>950.6</ele>
        <time>2026-07-19T16:48:24Z</time>
        <hdop>4.1</hdop>
        <extensions>
          <osmand:speed>0.1</osmand:speed>
        </extensions>
      </trkpt>
      <trkpt lat="43.7617269" lon="6.5586212">
        <ele>950.6</ele>
        <time>2026-07-19T16:48:29Z</time>
        <hdop>4.3</hdop>
        <extensions>
          <osmand:speed>0.1</osmand:speed>
        </extensions>
      </trkpt>
      <trkpt lat="43.7617276" lon="6.558621">
        <ele>950.3</ele>
        <time>2026-07-19T16:48:35Z</time>
        <hdop>4.4</hdop>
        <extensions>
          <osmand:speed>0.1</osmand:speed>
        </extensions>
      </trkpt>
      <trkpt lat="43.761728" lon="6.5586207">
        <ele>950.3</ele>
        <time>2026-07-19T16:48:40Z</time>
        <hdop>4.6</hdop>
        <extensions>
          <osmand:speed>0.1</osmand:speed>
        </extensions>
      </trkpt>
      <trkpt lat="43.7617281" lon="6.5586205">
        <ele>950.6</ele>
        <time>2026-07-19T16:48:46Z</time>
        <hdop>4.9</hdop>
        <extensions>
          <osmand:speed>0.1</osmand:speed>
        </extensions>
      </trkpt>
      <trkpt lat="43.7617284" lon="6.5586203">
        <ele>950.6</ele>
        <time>2026-07-19T16:48:51Z</time>
        <hdop>4.5</hdop>
        <extensions>
          <osmand:speed>0.1</osmand:speed>
        </extensions>
      </trkpt>
      <trkpt lat="43.7617295" lon="6.558621">
        <ele>950.6</ele>
        <time>2026-07-19T16:48:56Z</time>
        <hdop>3.8</hdop>
        <extensions>
          <osmand:speed>0.1</osmand:speed>
        </extensions>
      </trkpt>
      <trkpt lat="43.7617305" lon="6.5586213">
        <ele>950.6</ele>
        <time>2026-07-19T16:49:02Z</time>
        <hdop>3</hdop>
        <extensions>
          <osmand:speed>0.1</osmand:speed>
        </extensions>
      </trkpt>
      <trkpt lat="43.761731" lon="6.5586211">
        <ele>950.3</ele>
        <time>2026-07-19T16:49:08Z</time>
        <hdop>3</hdop>
        <extensions>
          <osmand:speed>0.1</osmand:speed>
        </extensions>
      </trkpt>
      <trkpt lat="43.7617313" lon="6.5586209">
        <ele>950.3</ele>
        <time>2026-07-19T16:49:13Z</time>
        <hdop>3.3</hdop>
        <extensions>
          <osmand:speed>0.1</osmand:speed>
        </extensions>
      </trkpt>
      <trkpt lat="43.7617311" lon="6.5586214">
        <ele>950.6</ele>
        <time>2026-07-19T16:49:19Z</time>
        <hdop>3.6</hdop>
        <extensions>
          <osmand:speed>0.1</osmand:speed>
        </extensions>
      </trkpt>
      <trkpt lat="43.7617306" lon="6.5586213">
        <ele>950.6</ele>
        <time>2026-07-19T16:49:24Z</time>
        <hdop>3.5</hdop>
        <extensions>
          <osmand:speed>0.1</osmand:speed>
        </extensions>
      </trkpt>
      <trkpt lat="43.76173" lon="6.5586216">
        <ele>950.3</ele>
        <time>2026-07-19T16:49:30Z</time>
        <hdop>3.1</hdop>
        <extensions>
          <osmand:speed>0.1</osmand:speed>
        </extensions>
      </trkpt>
      <trkpt lat="43.7617296" lon="6.5586222">
        <ele>950.3</ele>
        <time>2026-07-19T16:49:35Z</time>
        <hdop>3</hdop>
        <extensions>
          <osmand:speed>0.1</osmand:speed>
        </extensions>
      </trkpt>
      <trkpt lat="43.7617296" lon="6.5586222">
        <ele>950.3</ele>
        <time>2026-07-19T16:49:41Z</time>
        <hdop>3</hdop>
        <extensions>
          <osmand:speed>0.1</osmand:speed>
        </extensions>
      </trkpt>
      <trkpt lat="43.7617288" lon="6.5586221">
        <ele>950.8</ele>
        <time>2026-07-19T16:49:46Z</time>
        <hdop>3</hdop>
        <extensions>
          <osmand:speed>0.1</osmand:speed>
        </extensions>
      </trkpt>
      <trkpt lat="43.7617281" lon="6.5586212">
        <ele>950.3</ele>
        <time>2026-07-19T16:49:52Z</time>
        <hdop>3</hdop>
        <extensions>
          <osmand:speed>0.1</osmand:speed>
        </extensions>
      </trkpt>
      <trkpt lat="43.7617267" lon="6.5586214">
        <ele>950.3</ele>
        <time>2026-07-19T16:49:57Z</time>
        <hdop>3.1</hdop>
        <extensions>
          <osmand:speed>0.3</osmand:speed>
        </extensions>
      </trkpt>
    </trkseg>
  </trk>
  <extensions>
    <osmand:show_arrows>false</osmand:show_arrows>
    <osmand:show_start_finish>true</osmand:show_start_finish>
    <osmand:split_interval>0.0</osmand:split_interval>
    <osmand:split_type>no_split</osmand:split_type>
    <osmand:line_3d_visualization_by_type>none</osmand:line_3d_visualization_by_type>
    <osmand:line_3d_visualization_wall_color_type>none</osmand:line_3d_visualization_wall_color_type>
    <osmand:line_3d_visualization_position_type>top</osmand:line_3d_visualization_position_type>
    <osmand:vertical_exaggeration_scale>1.0</osmand:vertical_exaggeration_scale>
    <osmand:elevation_meters>1000.0</osmand:elevation_meters>
    <osmand:width></osmand:width>
    <osmand:coloring_type>solid</osmand:coloring_type>
  </extensions>
</gpx>